startup-log-region: catalina.out.log
region-describes: the extracted startup window itself, unfiltered, so every mined region can be checked against its source
region-mandatory: yes
region-pattern: (none — this region is the extracted window verbatim)
region-pattern-flags: (not applicable)
window-source: /tmp/blitzy/ArkCase/blitzy-<UUID>-w-053_196589/.blitzy-scratch/rt/base8/tomcat/logs/catalina.out
window-source-sha256: 0a51ca969c869010ae5400b9cbf5ffda28a6a2e2f49ea00182a81ad1a473980f
window-boots-present-in-source: 1
window-sha256: c29de8db1d50b9844782be88aabd1b39fffde42336b66def88ab4123022dd4b3
window-start-line: 1
window-end-line: 2731
window-start-byte-offset: 0
window-end-byte-offset: 603956
window-lines: 2731
matched-lines: 2731
line-cap: 20000
capture-truncated: no
----- region -----
08-Aug-2026 04:59:29.587 INFO [main] org.apache.catalina.startup.VersionLoggerListener.log Server version name:   Apache Tomcat/9.0.120
08-Aug-2026 04:59:29.588 INFO [main] org.apache.catalina.startup.VersionLoggerListener.log Server built:          Jul 3 2026 07:49:53 UTC
08-Aug-2026 04:59:29.589 INFO [main] org.apache.catalina.startup.VersionLoggerListener.log Server version number: 9.0.120.0
08-Aug-2026 04:59:29.589 INFO [main] org.apache.catalina.startup.VersionLoggerListener.log OS Name:               Linux
08-Aug-2026 04:59:29.589 INFO [main] org.apache.catalina.startup.VersionLoggerListener.log OS Version:            6.12.85+
08-Aug-2026 04:59:29.589 INFO [main] org.apache.catalina.startup.VersionLoggerListener.log Architecture:          amd64
08-Aug-2026 04:59:29.589 INFO [main] org.apache.catalina.startup.VersionLoggerListener.log Java Home:             /usr/lib/jvm/java-8-openjdk-amd64/jre
08-Aug-2026 04:59:29.589 INFO [main] org.apache.catalina.startup.VersionLoggerListener.log JVM Version:           1.8.0_492-8u492-ga~us2-0ubuntu1~25.10.1-b09
08-Aug-2026 04:59:29.589 INFO [main] org.apache.catalina.startup.VersionLoggerListener.log JVM Vendor:            Private Build
08-Aug-2026 04:59:29.589 INFO [main] org.apache.catalina.startup.VersionLoggerListener.log CATALINA_BASE:         /tmp/blitzy/ArkCase/blitzy-<UUID>-w-053_196589/.blitzy-scratch/rt/base8/tomcat
08-Aug-2026 04:59:29.589 INFO [main] org.apache.catalina.startup.VersionLoggerListener.log CATALINA_HOME:         /opt/tomcat/apache-tomcat-9.0.120
08-Aug-2026 04:59:29.589 INFO [main] org.apache.catalina.startup.VersionLoggerListener.log Command line argument: -Djava.util.logging.config.file=/tmp/blitzy/ArkCase/blitzy-<UUID>-w-053_196589/.blitzy-scratch/rt/base8/tomcat/conf/logging.properties
08-Aug-2026 04:59:29.589 INFO [main] org.apache.catalina.startup.VersionLoggerListener.log Command line argument: -Djava.util.logging.manager=org.apache.juli.ClassLoaderLogManager
08-Aug-2026 04:59:29.589 INFO [main] org.apache.catalina.startup.VersionLoggerListener.log Command line argument: -Djava.net.preferIPv4Stack=true
08-Aug-2026 04:59:29.590 INFO [main] org.apache.catalina.startup.VersionLoggerListener.log Command line argument: -Duser.timezone=GMT
08-Aug-2026 04:59:29.590 INFO [main] org.apache.catalina.startup.VersionLoggerListener.log Command line argument: -Duser.home=/tmp/blitzy/ArkCase/blitzy-<UUID>-w-053_196589/.blitzy-scratch/rt/base8/home
08-Aug-2026 04:59:29.590 INFO [main] org.apache.catalina.startup.VersionLoggerListener.log Command line argument: -Djavax.net.ssl.trustStore=/tmp/blitzy/ArkCase/blitzy-<UUID>-w-053_196589/.blitzy-scratch/stack/solr-tls/truststore-java-8-openjdk-amd64.jks
08-Aug-2026 04:59:29.590 INFO [main] org.apache.catalina.startup.VersionLoggerListener.log Command line argument: -Djavax.net.ssl.trustStorePassword=<REDACTED-CREDENTIAL>
08-Aug-2026 04:59:29.590 INFO [main] org.apache.catalina.startup.VersionLoggerListener.log Command line argument: -Dspring.profiles.active=ldap
08-Aug-2026 04:59:29.590 INFO [main] org.apache.catalina.startup.VersionLoggerListener.log Command line argument: -Dacm.configurationserver.propertyfile=/tmp/blitzy/ArkCase/blitzy-<UUID>-w-053_196589/.blitzy-scratch/rt/base8/home/.arkcase/acm/conf.yml
08-Aug-2026 04:59:29.590 INFO [main] org.apache.catalina.startup.VersionLoggerListener.log Command line argument: -Xms1024M
08-Aug-2026 04:59:29.590 INFO [main] org.apache.catalina.startup.VersionLoggerListener.log Command line argument: -Xmx1400M
08-Aug-2026 04:59:29.590 INFO [main] org.apache.catalina.startup.VersionLoggerListener.log Command line argument: -Djdk.tls.ephemeralDHKeySize=2048
08-Aug-2026 04:59:29.590 INFO [main] org.apache.catalina.startup.VersionLoggerListener.log Command line argument: -Djava.protocol.handler.pkgs=org.apache.catalina.webresources
08-Aug-2026 04:59:29.590 INFO [main] org.apache.catalina.startup.VersionLoggerListener.log Command line argument: -Dsun.io.useCanonCaches=false
08-Aug-2026 04:59:29.590 INFO [main] org.apache.catalina.startup.VersionLoggerListener.log Command line argument: -Dorg.apache.catalina.security.SecurityListener.UMASK=0027
08-Aug-2026 04:59:29.590 INFO [main] org.apache.catalina.startup.VersionLoggerListener.log Command line argument: -Dignore.endorsed.dirs=
08-Aug-2026 04:59:29.590 INFO [main] org.apache.catalina.startup.VersionLoggerListener.log Command line argument: -Dcatalina.base=/tmp/blitzy/ArkCase/blitzy-<UUID>-w-053_196589/.blitzy-scratch/rt/base8/tomcat
08-Aug-2026 04:59:29.590 INFO [main] org.apache.catalina.startup.VersionLoggerListener.log Command line argument: -Dcatalina.home=/opt/tomcat/current
08-Aug-2026 04:59:29.590 INFO [main] org.apache.catalina.startup.VersionLoggerListener.log Command line argument: -Djava.io.tmpdir=/tmp/blitzy/ArkCase/blitzy-<UUID>-w-053_196589/.blitzy-scratch/rt/base8/tomcat/temp
08-Aug-2026 04:59:29.592 INFO [main] org.apache.catalina.core.AprLifecycleListener.lifecycleEvent The Apache Tomcat Native library which allows using OpenSSL was not found on the java.library.path: [/usr/java/packages/lib/amd64:/usr/lib/x86_64-linux-gnu/jni:/lib/x86_64-linux-gnu:/usr/lib/x86_64-linux-gnu:/usr/lib/jni:/lib:/usr/lib]
08-Aug-2026 04:59:29.800 INFO [main] org.apache.coyote.AbstractProtocol.init Initializing ProtocolHandler ["http-nio-53081"]
08-Aug-2026 04:59:29.812 INFO [main] org.apache.catalina.startup.Catalina.load Server initialization in [347] milliseconds
08-Aug-2026 04:59:29.831 INFO [main] org.apache.catalina.core.StandardService.startInternal Starting service [Catalina]
08-Aug-2026 04:59:29.831 INFO [main] org.apache.catalina.core.StandardEngine.startInternal Starting Servlet engine: [Apache Tomcat/9.0.120]
08-Aug-2026 04:59:29.848 INFO [main] org.apache.catalina.startup.HostConfig.deployWAR Deploying web application archive [/tmp/blitzy/ArkCase/blitzy-<UUID>-w-053_196589/.blitzy-scratch/rt/base8/tomcat/webapps/arkcase.war]
08-Aug-2026 04:59:32.242 INFO [main] org.apache.jasper.servlet.TldScanner.scanJars At least one JAR was scanned for TLDs yet contained no TLDs. Enable debug logging for this logger for a complete list of JARs that were scanned but no TLDs were found in them. Skipping unneeded JARs during scanning can improve startup time and JSP compilation time.
[32m<TIMESTAMP>,282 [INFO ] [main] org.springframework.web.context.ContextLoader - Root WebApplicationContext: initialization started
[m[32m<TIMESTAMP>,954 [INFO ] [main] org.springframework.integration.config.IntegrationRegistrar - No bean named 'integrationHeaderChannelRegistry' has been explicitly defined. Therefore, a default DefaultHeaderChannelRegistry will be created.
[m[32m<TIMESTAMP>,268 [INFO ] [main] org.springframework.security.core.SpringSecurityCoreVersion - You are running with Spring Security Core 5.4.2
[m[32m<TIMESTAMP>,273 [INFO ] [main] org.springframework.security.config.SecurityNamespaceHandler - Spring Security 'config' module version is 5.4.2
[m[32m<TIMESTAMP>,303 [INFO ] [main] org.springframework.security.config.method.GlobalMethodSecurityBeanDefinitionParser - Using bean 'serviceExpressionHandler' as method ExpressionHandler implementation
[m[32m<TIMESTAMP>,808 [INFO ] [main] org.springframework.integration.config.xml.ChainParser - It is useful to provide an explicit 'id' attribute on 'chain' elements to simplify the identification of child elements in logs etc.
[m[32m<TIMESTAMP>,810 [INFO ] [main] org.springframework.integration.config.xml.ChainParser - It is useful to provide an explicit 'id' attribute on 'chain' elements to simplify the identification of child elements in logs etc.
[m[32m<TIMESTAMP>,810 [INFO ] [main] org.springframework.integration.config.xml.ChainParser - It is useful to provide an explicit 'id' attribute on 'chain' elements to simplify the identification of child elements in logs etc.
[m[32m<TIMESTAMP>,862 [INFO ] [main] org.springframework.integration.config.xml.ChainParser - It is useful to provide an explicit 'id' attribute on 'chain' elements to simplify the identification of child elements in logs etc.
[m[32m<TIMESTAMP>,864 [INFO ] [main] org.springframework.integration.config.xml.ChainParser - It is useful to provide an explicit 'id' attribute on 'chain' elements to simplify the identification of child elements in logs etc.
[m[32m<TIMESTAMP>,876 [INFO ] [main] org.springframework.integration.config.xml.ChainParser - It is useful to provide an explicit 'id' attribute on 'chain' elements to simplify the identification of child elements in logs etc.
[m[32m<TIMESTAMP>,876 [INFO ] [main] org.springframework.integration.config.xml.ChainParser - It is useful to provide an explicit 'id' attribute on 'chain' elements to simplify the identification of child elements in logs etc.
[m[32m<TIMESTAMP>,007 [INFO ] [main] org.springframework.security.config.http.FilterInvocationSecurityMetadataSourceParser - Creating access control expression attribute 'isAuthenticated()' for ^/.*$
[m[32m<TIMESTAMP>,032 [INFO ] [main] org.springframework.security.config.http.AuthenticationConfigBuilder - No login page configured. The default internal one will be used. Use the 'login-page' attribute to set the URL of the login page.
[m[32m<TIMESTAMP>,039 [INFO ] [main] org.springframework.security.config.http.HttpSecurityBeanDefinitionParser - Checking sorted filter chain: [Root bean: class [org.springframework.security.web.context.SecurityContextPersistenceFilter]; scope=; abstract=false; lazyInit=null; autowireMode=0; dependencyCheck=0; autowireCandidate=true; primary=false; factoryBeanName=null; factoryMethodName=null; initMethodName=null; destroyMethodName=null, order = 200, <concurrencyFilter>, order = 300, Root bean: class [org.springframework.security.web.context.request.async.WebAsyncManagerIntegrationFilter]; scope=; abstract=false; lazyInit=null; autowireMode=0; dependencyCheck=0; autowireCandidate=true; primary=false; factoryBeanName=null; factoryMethodName=null; initMethodName=null; destroyMethodName=null, order = 400, Root bean: class [org.springframework.security.web.header.HeaderWriterFilter]; scope=; abstract=false; lazyInit=null; autowireMode=0; dependencyCheck=0; autowireCandidate=true; primary=false; factoryBeanName=null; factoryMethodName=null; initMethodName=null; destroyMethodName=null, order = 500, <org.springframework.security.web.authentication.UsernamePasswordAuthenticationFilter#0>, order = 1400, Root bean: class [org.springframework.security.web.authentication.ui.DefaultLoginPageGeneratingFilter]; scope=; abstract=false; lazyInit=null; autowireMode=0; dependencyCheck=0; autowireCandidate=true; primary=false; factoryBeanName=null; factoryMethodName=null; initMethodName=null; destroyMethodName=null, order = 1600, Root bean: class [org.springframework.security.web.authentication.ui.DefaultLogoutPageGeneratingFilter]; scope=; abstract=false; lazyInit=null; autowireMode=0; dependencyCheck=0; autowireCandidate=true; primary=false; factoryBeanName=null; factoryMethodName=null; initMethodName=null; destroyMethodName=null, order = 1700, <acmBasicAndTokenAuthenticationFilter>, order = 1999, Root bean: class [org.springframework.security.web.authentication.www.BasicAuthenticationFilter]; scope=; abstract=false; lazyInit=null; autowireMode=0; dependencyCheck=0; autowireCandidate=true; primary=false; factoryBeanName=null; factoryMethodName=null; initMethodName=null; destroyMethodName=null, order = 2000, Root bean: class [org.springframework.security.web.savedrequest.RequestCacheAwareFilter]; scope=; abstract=false; lazyInit=null; autowireMode=0; dependencyCheck=0; autowireCandidate=true; primary=false; factoryBeanName=null; factoryMethodName=null; initMethodName=null; destroyMethodName=null, order = 2100, Root bean: class [null]; scope=; abstract=false; lazyInit=null; autowireMode=0; dependencyCheck=0; autowireCandidate=true; primary=false; factoryBeanName=org.springframework.security.config.http.HttpConfigurationBuilder$SecurityContextHolderAwareRequestFilterBeanFactory#0; factoryMethodName=getBean; initMethodName=null; destroyMethodName=null, order = 2200, Root bean: class [org.springframework.security.web.authentication.AnonymousAuthenticationFilter]; scope=; abstract=false; lazyInit=null; autowireMode=0; dependencyCheck=0; autowireCandidate=true; primary=false; factoryBeanName=null; factoryMethodName=null; initMethodName=null; destroyMethodName=null, order = 2500, Root bean: class [org.springframework.security.web.session.SessionManagementFilter]; scope=; abstract=false; lazyInit=null; autowireMode=0; dependencyCheck=0; autowireCandidate=true; primary=false; factoryBeanName=null; factoryMethodName=null; initMethodName=null; destroyMethodName=null, order = 2700, Root bean: class [org.springframework.security.web.access.ExceptionTranslationFilter]; scope=; abstract=false; lazyInit=null; autowireMode=0; dependencyCheck=0; autowireCandidate=true; primary=false; factoryBeanName=null; factoryMethodName=null; initMethodName=null; destroyMethodName=null, order = 2800, <org.springframework.security.web.access.intercept.FilterSecurityInterceptor#0>, order = 2900]
[m[32m<TIMESTAMP>,040 [INFO ] [main] org.springframework.security.config.http.FilterInvocationSecurityMetadataSourceParser - Creating access control expression attribute 'isAuthenticated()' for ^/.*$
[m[32m<TIMESTAMP>,040 [INFO ] [main] org.springframework.security.config.http.AuthenticationConfigBuilder - No login page configured. The default internal one will be used. Use the 'login-page' attribute to set the URL of the login page.
[m[32m<TIMESTAMP>,041 [INFO ] [main] org.springframework.security.config.http.HttpSecurityBeanDefinitionParser - Checking sorted filter chain: [Root bean: class [org.springframework.security.web.context.SecurityContextPersistenceFilter]; scope=; abstract=false; lazyInit=null; autowireMode=0; dependencyCheck=0; autowireCandidate=true; primary=false; factoryBeanName=null; factoryMethodName=null; initMethodName=null; destroyMethodName=null, order = 200, <concurrencyFilter>, order = 300, Root bean: class [org.springframework.security.web.context.request.async.WebAsyncManagerIntegrationFilter]; scope=; abstract=false; lazyInit=null; autowireMode=0; dependencyCheck=0; autowireCandidate=true; primary=false; factoryBeanName=null; factoryMethodName=null; initMethodName=null; destroyMethodName=null, order = 400, Root bean: class [org.springframework.security.web.header.HeaderWriterFilter]; scope=; abstract=false; lazyInit=null; autowireMode=0; dependencyCheck=0; autowireCandidate=true; primary=false; factoryBeanName=null; factoryMethodName=null; initMethodName=null; destroyMethodName=null, order = 500, <org.springframework.security.web.authentication.UsernamePasswordAuthenticationFilter#1>, order = 1400, Root bean: class [org.springframework.security.web.authentication.ui.DefaultLoginPageGeneratingFilter]; scope=; abstract=false; lazyInit=null; autowireMode=0; dependencyCheck=0; autowireCandidate=true; primary=false; factoryBeanName=null; factoryMethodName=null; initMethodName=null; destroyMethodName=null, order = 1600, Root bean: class [org.springframework.security.web.authentication.ui.DefaultLogoutPageGeneratingFilter]; scope=; abstract=false; lazyInit=null; autowireMode=0; dependencyCheck=0; autowireCandidate=true; primary=false; factoryBeanName=null; factoryMethodName=null; initMethodName=null; destroyMethodName=null, order = 1700, <acmBasicAndTokenAuthenticationFilter>, order = 1999, Root bean: class [org.springframework.security.web.authentication.www.BasicAuthenticationFilter]; scope=; abstract=false; lazyInit=null; autowireMode=0; dependencyCheck=0; autowireCandidate=true; primary=false; factoryBeanName=null; factoryMethodName=null; initMethodName=null; destroyMethodName=null, order = 2000, Root bean: class [org.springframework.security.web.savedrequest.RequestCacheAwareFilter]; scope=; abstract=false; lazyInit=null; autowireMode=0; dependencyCheck=0; autowireCandidate=true; primary=false; factoryBeanName=null; factoryMethodName=null; initMethodName=null; destroyMethodName=null, order = 2100, Root bean: class [null]; scope=; abstract=false; lazyInit=null; autowireMode=0; dependencyCheck=0; autowireCandidate=true; primary=false; factoryBeanName=org.springframework.security.config.http.HttpConfigurationBuilder$SecurityContextHolderAwareRequestFilterBeanFactory#1; factoryMethodName=getBean; initMethodName=null; destroyMethodName=null, order = 2200, Root bean: class [org.springframework.security.web.authentication.AnonymousAuthenticationFilter]; scope=; abstract=false; lazyInit=null; autowireMode=0; dependencyCheck=0; autowireCandidate=true; primary=false; factoryBeanName=null; factoryMethodName=null; initMethodName=null; destroyMethodName=null, order = 2500, Root bean: class [org.springframework.security.web.session.SessionManagementFilter]; scope=; abstract=false; lazyInit=null; autowireMode=0; dependencyCheck=0; autowireCandidate=true; primary=false; factoryBeanName=null; factoryMethodName=null; initMethodName=null; destroyMethodName=null, order = 2700, Root bean: class [org.springframework.security.web.access.ExceptionTranslationFilter]; scope=; abstract=false; lazyInit=null; autowireMode=0; dependencyCheck=0; autowireCandidate=true; primary=false; factoryBeanName=null; factoryMethodName=null; initMethodName=null; destroyMethodName=null, order = 2800, <org.springframework.security.web.access.intercept.FilterSecurityInterceptor#1>, order = 2900]
[m[32m<TIMESTAMP>,043 [INFO ] [main] org.springframework.security.config.http.FilterInvocationSecurityMetadataSourceParser - Creating access control expression attribute 'isAuthenticated()' for /**
[m[32m<TIMESTAMP>,048 [INFO ] [main] org.springframework.security.config.http.HttpSecurityBeanDefinitionParser - Checking sorted filter chain: [Root bean: class [org.springframework.security.web.context.SecurityContextPersistenceFilter]; scope=; abstract=false; lazyInit=null; autowireMode=0; dependencyCheck=0; autowireCandidate=true; primary=false; factoryBeanName=null; factoryMethodName=null; initMethodName=null; destroyMethodName=null, order = 200, <concurrencyFilter>, order = 300, Root bean: class [org.springframework.security.web.context.request.async.WebAsyncManagerIntegrationFilter]; scope=; abstract=false; lazyInit=null; autowireMode=0; dependencyCheck=0; autowireCandidate=true; primary=false; factoryBeanName=null; factoryMethodName=null; initMethodName=null; destroyMethodName=null, order = 400, Root bean: class [org.springframework.security.web.header.HeaderWriterFilter]; scope=; abstract=false; lazyInit=null; autowireMode=0; dependencyCheck=0; autowireCandidate=true; primary=false; factoryBeanName=null; factoryMethodName=null; initMethodName=null; destroyMethodName=null, order = 500, Root bean: class [org.springframework.security.web.authentication.logout.LogoutFilter]; scope=; abstract=false; lazyInit=null; autowireMode=0; dependencyCheck=0; autowireCandidate=true; primary=false; factoryBeanName=null; factoryMethodName=null; initMethodName=null; destroyMethodName=null, order = 800, <org.springframework.security.web.authentication.UsernamePasswordAuthenticationFilter#2>, order = 1400, <acmBasicAndTokenAuthenticationFilter>, order = 1999, Root bean: class [org.springframework.security.web.authentication.www.BasicAuthenticationFilter]; scope=; abstract=false; lazyInit=null; autowireMode=0; dependencyCheck=0; autowireCandidate=true; primary=false; factoryBeanName=null; factoryMethodName=null; initMethodName=null; destroyMethodName=null, order = 2000, Root bean: class [org.springframework.security.web.savedrequest.RequestCacheAwareFilter]; scope=; abstract=false; lazyInit=null; autowireMode=0; dependencyCheck=0; autowireCandidate=true; primary=false; factoryBeanName=null; factoryMethodName=null; initMethodName=null; destroyMethodName=null, order = 2100, Root bean: class [null]; scope=; abstract=false; lazyInit=null; autowireMode=0; dependencyCheck=0; autowireCandidate=true; primary=false; factoryBeanName=org.springframework.security.config.http.HttpConfigurationBuilder$SecurityContextHolderAwareRequestFilterBeanFactory#2; factoryMethodName=getBean; initMethodName=null; destroyMethodName=null, order = 2200, Root bean: class [org.springframework.security.web.authentication.AnonymousAuthenticationFilter]; scope=; abstract=false; lazyInit=null; autowireMode=0; dependencyCheck=0; autowireCandidate=true; primary=false; factoryBeanName=null; factoryMethodName=null; initMethodName=null; destroyMethodName=null, order = 2500, Root bean: class [org.springframework.security.web.session.SessionManagementFilter]; scope=; abstract=false; lazyInit=null; autowireMode=0; dependencyCheck=0; autowireCandidate=true; primary=false; factoryBeanName=null; factoryMethodName=null; initMethodName=null; destroyMethodName=null, order = 2700, Root bean: class [org.springframework.security.web.access.ExceptionTranslationFilter]; scope=; abstract=false; lazyInit=null; autowireMode=0; dependencyCheck=0; autowireCandidate=true; primary=false; factoryBeanName=null; factoryMethodName=null; initMethodName=null; destroyMethodName=null, order = 2800, <org.springframework.security.web.access.intercept.FilterSecurityInterceptor#2>, order = 2900]
[m[36m<TIMESTAMP>,256 [DEBUG] [main] com.armedia.acm.quartz.scheduler.AcmJobRegistryPostProcessor - Register bean definition for job: [deleteExpiredUrlsJob]
[m[36m<TIMESTAMP>,257 [DEBUG] [main] com.armedia.acm.quartz.scheduler.AcmJobRegistryPostProcessor - Register bean definition for job: [subscriptionEventBatchInsertJob]
[m[36m<TIMESTAMP>,257 [DEBUG] [main] com.armedia.acm.quartz.scheduler.AcmJobRegistryPostProcessor - Register bean definition for job: [purgeAuditJob]
[m[36m<TIMESTAMP>,257 [DEBUG] [main] com.armedia.acm.quartz.scheduler.AcmJobRegistryPostProcessor - Register bean definition for job: [cleanHistoryJob]
[m[36m<TIMESTAMP>,257 [DEBUG] [main] com.armedia.acm.quartz.scheduler.AcmJobRegistryPostProcessor - Register bean definition for job: [phoneHomeStateOfArkCaseJob]
[m[36m<TIMESTAMP>,257 [DEBUG] [main] com.armedia.acm.quartz.scheduler.AcmJobRegistryPostProcessor - Register bean definition for job: [purgeCalendarJob]
[m[36m<TIMESTAMP>,257 [DEBUG] [main] com.armedia.acm.quartz.scheduler.AcmJobRegistryPostProcessor - Register bean definition for job: [releaseExpiredLocksJob]
[m[36m<TIMESTAMP>,257 [DEBUG] [main] com.armedia.acm.quartz.scheduler.AcmJobRegistryPostProcessor - Register bean definition for job: [transcribeQueueJob]
[m[36m<TIMESTAMP>,257 [DEBUG] [main] com.armedia.acm.quartz.scheduler.AcmJobRegistryPostProcessor - Register bean definition for job: [ocrQueueJob]
[m[36m<TIMESTAMP>,257 [DEBUG] [main] com.armedia.acm.quartz.scheduler.AcmJobRegistryPostProcessor - Register bean definition for job: [alfrescoSyncScheduledJob]
[m[36m<TIMESTAMP>,257 [DEBUG] [main] com.armedia.acm.quartz.scheduler.AcmJobRegistryPostProcessor - Register bean definition for job: [dataAccessPolicyUpdateJob]
[m[36m<TIMESTAMP>,257 [DEBUG] [main] com.armedia.acm.quartz.scheduler.AcmJobRegistryPostProcessor - Register bean definition for job: [upcomingTaskAssigneesNotifierJob]
[m[36m<TIMESTAMP>,257 [DEBUG] [main] com.armedia.acm.quartz.scheduler.AcmJobRegistryPostProcessor - Register bean definition for job: [overdueTaskAssigneesNotifierJob]
[m[36m<TIMESTAMP>,257 [DEBUG] [main] com.armedia.acm.quartz.scheduler.AcmJobRegistryPostProcessor - Register bean definition for job: [jpaBatchUpdateJob]
[m[36m<TIMESTAMP>,258 [DEBUG] [main] com.armedia.acm.quartz.scheduler.AcmJobRegistryPostProcessor - Register bean definition for job: [sendNotificationsJob]
[m[36m<TIMESTAMP>,258 [DEBUG] [main] com.armedia.acm.quartz.scheduler.AcmJobRegistryPostProcessor - Register bean definition for job: [deleteExpiredFilesJobs]
[m[32m<TIMESTAMP>,598 [INFO ] [main] org.springframework.integration.config.DefaultConfiguringBeanFactoryPostProcessor - No bean named 'errorChannel' has been explicitly defined. Therefore, a default PublishSubscribeChannel will be created.
[m[32m<TIMESTAMP>,599 [INFO ] [main] org.springframework.integration.config.DefaultConfiguringBeanFactoryPostProcessor - No bean named 'taskScheduler' has been explicitly defined. Therefore, a default ThreadPoolTaskScheduler will be created.
[m[36m<TIMESTAMP>,602 [DEBUG] [main] com.armedia.acm.configuration.scope.RefreshScope - Generating bean factory id from names: [java.util.stream.SortedOps$OfRef@13b4ee4e]
[m[32m<TIMESTAMP>,602 [INFO ] [main] com.armedia.acm.configuration.scope.RefreshScope - BeanFactory id=[<UUID>]
[m[32m<TIMESTAMP>,858 [INFO ] [main] org.springframework.context.support.PostProcessorRegistrationDelegate$BeanPostProcessorChecker - Bean 'org.springframework.beans.factory.config.MethodInvokingFactoryBean#0' of type [org.springframework.beans.factory.config.MethodInvokingFactoryBean] is not eligible for getting processed by all BeanPostProcessors (for example: not eligible for auto-proxying)
[m[32m<TIMESTAMP>,279 [INFO ] [main] org.springframework.context.support.PostProcessorRegistrationDelegate$BeanPostProcessorChecker - Bean 'org.springframework.beans.factory.config.MethodInvokingFactoryBean#1' of type [org.springframework.beans.factory.config.MethodInvokingFactoryBean] is not eligible for getting processed by all BeanPostProcessors (for example: not eligible for auto-proxying)
[m[32m<TIMESTAMP>,302 [INFO ] [main] org.springframework.context.support.PostProcessorRegistrationDelegate$BeanPostProcessorChecker - Bean 'javaTimeModule' of type [com.fasterxml.jackson.datatype.jsr310.JavaTimeModule] is not eligible for getting processed by all BeanPostProcessors (for example: not eligible for auto-proxying)
[m[32m<TIMESTAMP>,393 [INFO ] [main] org.springframework.context.support.PostProcessorRegistrationDelegate$BeanPostProcessorChecker - Bean 'localDateTimeClass' of type [java.lang.Class] is not eligible for getting processed by all BeanPostProcessors (for example: not eligible for auto-proxying)
[m[32m<TIMESTAMP>,578 [INFO ] [main] org.springframework.context.support.PostProcessorRegistrationDelegate$BeanPostProcessorChecker - Bean 'dateTimeSerializerFormatter' of type [java.time.format.DateTimeFormatter] is not eligible for getting processed by all BeanPostProcessors (for example: not eligible for auto-proxying)
[m[32m<TIMESTAMP>,611 [INFO ] [main] org.springframework.context.support.PostProcessorRegistrationDelegate$BeanPostProcessorChecker - Bean 'localDateTimeSerializer' of type [com.fasterxml.jackson.datatype.jsr310.ser.LocalDateTimeSerializer] is not eligible for getting processed by all BeanPostProcessors (for example: not eligible for auto-proxying)
[m[32m<TIMESTAMP>,752 [INFO ] [main] org.springframework.context.support.PostProcessorRegistrationDelegate$BeanPostProcessorChecker - Bean 'org.springframework.beans.factory.config.MethodInvokingFactoryBean#2' of type [org.springframework.beans.factory.config.MethodInvokingFactoryBean] is not eligible for getting processed by all BeanPostProcessors (for example: not eligible for auto-proxying)
[m[32m<TIMESTAMP>,755 [INFO ] [main] org.springframework.context.support.PostProcessorRegistrationDelegate$BeanPostProcessorChecker - Bean 'dateClass' of type [java.lang.Class] is not eligible for getting processed by all BeanPostProcessors (for example: not eligible for auto-proxying)
[m[32m<TIMESTAMP>,757 [INFO ] [main] org.springframework.context.support.PostProcessorRegistrationDelegate$BeanPostProcessorChecker - Bean 'dateSerializerFormatter' of type [java.text.SimpleDateFormat] is not eligible for getting processed by all BeanPostProcessors (for example: not eligible for auto-proxying)
[m[32m<TIMESTAMP>,800 [INFO ] [main] org.springframework.context.support.PostProcessorRegistrationDelegate$BeanPostProcessorChecker - Bean 'dateSerializer' of type [com.fasterxml.jackson.databind.ser.std.DateSerializer] is not eligible for getting processed by all BeanPostProcessors (for example: not eligible for auto-proxying)
[m[32m<TIMESTAMP>,834 [INFO ] [main] org.springframework.context.support.PostProcessorRegistrationDelegate$BeanPostProcessorChecker - Bean 'org.springframework.beans.factory.config.MethodInvokingFactoryBean#3' of type [org.springframework.beans.factory.config.MethodInvokingFactoryBean] is not eligible for getting processed by all BeanPostProcessors (for example: not eligible for auto-proxying)
[m[32m<TIMESTAMP>,837 [INFO ] [main] org.springframework.context.support.PostProcessorRegistrationDelegate$BeanPostProcessorChecker - Bean 'objectConverterFactory' of type [com.armedia.acm.objectonverter.ObjectConverter] is not eligible for getting processed by all BeanPostProcessors (for example: not eligible for auto-proxying)
[m[32m<TIMESTAMP>,851 [INFO ] [main] org.springframework.context.support.PostProcessorRegistrationDelegate$BeanPostProcessorChecker - Bean 'dateTimeDeserializerFormatter' of type [java.time.format.DateTimeFormatter] is not eligible for getting processed by all BeanPostProcessors (for example: not eligible for auto-proxying)
[m[32m<TIMESTAMP>,854 [INFO ] [main] org.springframework.context.support.PostProcessorRegistrationDelegate$BeanPostProcessorChecker - Bean 'localDateTimeDeserializer' of type [com.fasterxml.jackson.datatype.jsr310.deser.LocalDateTimeDeserializer] is not eligible for getting processed by all BeanPostProcessors (for example: not eligible for auto-proxying)
[m[32m<TIMESTAMP>,204 [INFO ] [main] org.springframework.context.support.PostProcessorRegistrationDelegate$BeanPostProcessorChecker - Bean 'org.springframework.beans.factory.config.MethodInvokingFactoryBean#4' of type [org.springframework.beans.factory.config.MethodInvokingFactoryBean] is not eligible for getting processed by all BeanPostProcessors (for example: not eligible for auto-proxying)
[m[32m<TIMESTAMP>,206 [INFO ] [main] org.springframework.context.support.PostProcessorRegistrationDelegate$BeanPostProcessorChecker - Bean 'org.springframework.beans.factory.config.MethodInvokingFactoryBean#5' of type [org.springframework.beans.factory.config.MethodInvokingFactoryBean] is not eligible for getting processed by all BeanPostProcessors (for example: not eligible for auto-proxying)
[m[32m<TIMESTAMP>,208 [INFO ] [main] org.springframework.context.support.PostProcessorRegistrationDelegate$BeanPostProcessorChecker - Bean 'org.springframework.beans.factory.config.MethodInvokingFactoryBean#6' of type [org.springframework.beans.factory.config.MethodInvokingFactoryBean] is not eligible for getting processed by all BeanPostProcessors (for example: not eligible for auto-proxying)
[m[32m<TIMESTAMP>,225 [INFO ] [main] org.springframework.context.support.PostProcessorRegistrationDelegate$BeanPostProcessorChecker - Bean 'propertyDefinitionSubject' of type [org.springframework.beans.factory.config.FieldRetrievingFactoryBean] is not eligible for getting processed by all BeanPostProcessors (for example: not eligible for auto-proxying)
[m[32m<TIMESTAMP>,279 [INFO ] [main] org.springframework.context.support.PostProcessorRegistrationDelegate$BeanPostProcessorChecker - Bean 'propertyDefinitionDateTimeCreated' of type [org.springframework.beans.factory.config.FieldRetrievingFactoryBean] is not eligible for getting processed by all BeanPostProcessors (for example: not eligible for auto-proxying)
[m[32m<TIMESTAMP>,280 [INFO ] [main] org.springframework.context.support.PostProcessorRegistrationDelegate$BeanPostProcessorChecker - Bean 'propertyDefinitionDateTimeReceived' of type [org.springframework.beans.factory.config.FieldRetrievingFactoryBean] is not eligible for getting processed by all BeanPostProcessors (for example: not eligible for auto-proxying)
[m[32m<TIMESTAMP>,280 [INFO ] [main] org.springframework.context.support.PostProcessorRegistrationDelegate$BeanPostProcessorChecker - Bean 'propertyDefinitionDateTimeSent' of type [org.springframework.beans.factory.config.FieldRetrievingFactoryBean] is not eligible for getting processed by all BeanPostProcessors (for example: not eligible for auto-proxying)
[m[32m<TIMESTAMP>,280 [INFO ] [main] org.springframework.context.support.PostProcessorRegistrationDelegate$BeanPostProcessorChecker - Bean 'propertyDefinitionHasAttachments' of type [org.springframework.beans.factory.config.FieldRetrievingFactoryBean] is not eligible for getting processed by all BeanPostProcessors (for example: not eligible for auto-proxying)
[m[32m<TIMESTAMP>,281 [INFO ] [main] org.springframework.context.support.PostProcessorRegistrationDelegate$BeanPostProcessorChecker - Bean 'propertyDefinitionDisplayTo' of type [org.springframework.beans.factory.config.FieldRetrievingFactoryBean] is not eligible for getting processed by all BeanPostProcessors (for example: not eligible for auto-proxying)
[m[32m<TIMESTAMP>,281 [INFO ] [main] org.springframework.context.support.PostProcessorRegistrationDelegate$BeanPostProcessorChecker - Bean 'propertyDefinitionSize' of type [org.springframework.beans.factory.config.FieldRetrievingFactoryBean] is not eligible for getting processed by all BeanPostProcessors (for example: not eligible for auto-proxying)
[m[32m<TIMESTAMP>,287 [INFO ] [main] org.springframework.context.support.PostProcessorRegistrationDelegate$BeanPostProcessorChecker - Bean 'propertyDefinitionStart' of type [org.springframework.beans.factory.config.FieldRetrievingFactoryBean] is not eligible for getting processed by all BeanPostProcessors (for example: not eligible for auto-proxying)
[m[32m<TIMESTAMP>,338 [INFO ] [main] org.springframework.context.support.PostProcessorRegistrationDelegate$BeanPostProcessorChecker - Bean 'dataSourceConfig' of type [org.springframework.aop.scope.ScopedProxyFactoryBean] is not eligible for getting processed by all BeanPostProcessors (for example: not eligible for auto-proxying)
[m[32m<TIMESTAMP>,338 [INFO ] [main] org.springframework.context.support.PostProcessorRegistrationDelegate$BeanPostProcessorChecker - Bean 'dataSourceConfig' of type [com.armedia.acm.data.AcmDataSourceConfig$$EnhancerBySpringCGLIB$$e8af39b5] is not eligible for getting processed by all BeanPostProcessors (for example: not eligible for auto-proxying)
[m[32m<TIMESTAMP>,410 [INFO ] [main] org.springframework.context.support.PostProcessorRegistrationDelegate$BeanPostProcessorChecker - Bean 'yamlInitializer' of type [com.armedia.acm.configuration.yaml.YamlInitializer$$EnhancerBySpringCGLIB$$dc4b1bc5] is not eligible for getting processed by all BeanPostProcessors (for example: not eligible for auto-proxying)
[m[36m<TIMESTAMP>,445 [DEBUG] [main] com.armedia.acm.configuration.yaml.YamlFileConfiguration - FileName set to /tmp/blitzy/ArkCase/blitzy-<UUID>-w-053_196589/.blitzy-scratch/rt/base8/home/.arkcase/acm/conf.yml
[m[36m<TIMESTAMP>,449 [DEBUG] [main] com.armedia.acm.configuration.yaml.YamlFileConfiguration - Base path set to file:///tmp/blitzy/ArkCase/blitzy-<UUID>-w-053_196589/.blitzy-scratch/rt/base8/home/.arkcase/acm/conf.yml
[m[32m<TIMESTAMP>,458 [INFO ] [main] org.springframework.context.support.PostProcessorRegistrationDelegate$BeanPostProcessorChecker - Bean 'getYamlFileConfiguration' of type [com.armedia.acm.configuration.yaml.YamlFileConfiguration] is not eligible for getting processed by all BeanPostProcessors (for example: not eligible for auto-proxying)
[m[32m<TIMESTAMP>,458 [INFO ] [main] org.springframework.context.support.PostProcessorRegistrationDelegate$BeanPostProcessorChecker - Bean 'bootstrapConfig' of type [com.armedia.acm.configuration.core.initialization.BootstapPropertySourceConfiguration] is not eligible for getting processed by all BeanPostProcessors (for example: not eligible for auto-proxying)
[m[32m<TIMESTAMP>,711 [INFO ] [main] org.springframework.context.support.PostProcessorRegistrationDelegate$BeanPostProcessorChecker - Bean 'configurationClientConfig' of type [org.springframework.aop.scope.ScopedProxyFactoryBean] is not eligible for getting processed by all BeanPostProcessors (for example: not eligible for auto-proxying)
[m[32m<TIMESTAMP>,711 [INFO ] [main] org.springframework.context.support.PostProcessorRegistrationDelegate$BeanPostProcessorChecker - Bean 'configurationClientConfig' of type [com.armedia.acm.configuration.model.ConfigurationClientConfig$$EnhancerBySpringCGLIB$$4f51c017] is not eligible for getting processed by all BeanPostProcessors (for example: not eligible for auto-proxying)
[m[32m<TIMESTAMP>,715 [INFO ] [main] org.springframework.context.support.PostProcessorRegistrationDelegate$BeanPostProcessorChecker - Bean 'lookupsConfigurationContainer' of type [com.armedia.acm.configuration.core.LookupsConfigurationContainer$$EnhancerBySpringCGLIB$$2f1f08e6] is not eligible for getting processed by all BeanPostProcessors (for example: not eligible for auto-proxying)
[m[32m<TIMESTAMP>,774 [INFO ] [main] org.springframework.context.support.PostProcessorRegistrationDelegate$BeanPostProcessorChecker - Bean 'collectionPropertiesConfigurationService' of type [com.armedia.acm.configuration.service.CollectionPropertiesConfigurationServiceImpl] is not eligible for getting processed by all BeanPostProcessors (for example: not eligible for auto-proxying)
[m[32m<TIMESTAMP>,911 [INFO ] [main] org.springframework.context.support.PostProcessorRegistrationDelegate$BeanPostProcessorChecker - Bean 'configurationServiceBootClient' of type [com.armedia.acm.configuration.client.ConfigurationServiceBootClient$$EnhancerBySpringCGLIB$$fd52072a] is not eligible for getting processed by all BeanPostProcessors (for example: not eligible for auto-proxying)
[m[32m<TIMESTAMP>,914 [INFO ] [main] org.springframework.context.support.PostProcessorRegistrationDelegate$BeanPostProcessorChecker - Bean 'configurationContainer' of type [com.armedia.acm.configuration.core.ConfigurationContainer] is not eligible for getting processed by all BeanPostProcessors (for example: not eligible for auto-proxying)
[m[32m<TIMESTAMP>,997 [INFO ] [main] org.springframework.context.support.PostProcessorRegistrationDelegate$BeanPostProcessorChecker - Bean 'configRestTemplate' of type [org.springframework.web.client.RestTemplate] is not eligible for getting processed by all BeanPostProcessors (for example: not eligible for auto-proxying)
[m[32m<TIMESTAMP>,952 [INFO ] [main] org.reflections.Reflections - Reflections took 271 ms to scan 128 urls, producing 42 keys and 2681 values 
[m[36m<TIMESTAMP>,972 [DEBUG] [main] com.armedia.acm.crypto.properties.AcmEncryptablePropertyUtilsImpl - Initializing key store: /tmp/blitzy/ArkCase/blitzy-<UUID>-w-053_196589/.blitzy-scratch/rt/base8/home/.arkcase/acm/private/encryption-keystore
[m[36m<TIMESTAMP>,975 [DEBUG] [main] com.armedia.acm.crypto.properties.AcmEncryptablePropertyUtilsImpl - Loaded key store
[m[32m<TIMESTAMP>,009 [INFO ] [main] org.springframework.context.support.PostProcessorRegistrationDelegate$BeanPostProcessorChecker - Bean 'configSource' of type [com.armedia.acm.configuration.core.initialization.ConfigurationServerPropertySourceInitializer] is not eligible for getting processed by all BeanPostProcessors (for example: not eligible for auto-proxying)
[m[32m<TIMESTAMP>,038 [INFO ] [main] org.springframework.context.support.PostProcessorRegistrationDelegate$BeanPostProcessorChecker - Bean 'scopedTarget.dataSourceConfig' of type [com.armedia.acm.data.AcmDataSourceConfig] is not eligible for getting processed by all BeanPostProcessors (for example: not eligible for auto-proxying)
[m[32m<TIMESTAMP>,190 [INFO ] [main] org.springframework.context.support.PostProcessorRegistrationDelegate$BeanPostProcessorChecker - Bean 'org.springframework.beans.factory.config.MethodInvokingFactoryBean#7' of type [org.springframework.beans.factory.config.MethodInvokingFactoryBean] is not eligible for getting processed by all BeanPostProcessors (for example: not eligible for auto-proxying)
[m[32m<TIMESTAMP>,245 [INFO ] [main] org.springframework.context.support.PostProcessorRegistrationDelegate$BeanPostProcessorChecker - Bean 'org.springframework.retry.backoff.ExponentialBackOffPolicy#7ab2a07e' of type [org.springframework.retry.backoff.ExponentialBackOffPolicy] is not eligible for getting processed by all BeanPostProcessors (for example: not eligible for auto-proxying)
[m[32m<TIMESTAMP>,332 [INFO ] [main] org.springframework.context.support.PostProcessorRegistrationDelegate$BeanPostProcessorChecker - Bean 'org.springframework.retry.support.RetryTemplate#437c4b25' of type [org.springframework.retry.support.RetryTemplate] is not eligible for getting processed by all BeanPostProcessors (for example: not eligible for auto-proxying)
[m[32m<TIMESTAMP>,518 [INFO ] [main] org.springframework.context.support.PostProcessorRegistrationDelegate$BeanPostProcessorChecker - Bean 'integrationGlobalProperties' of type [org.springframework.beans.factory.config.PropertiesFactoryBean] is not eligible for getting processed by all BeanPostProcessors (for example: not eligible for auto-proxying)
[m[32m<TIMESTAMP>,580 [INFO ] [main] org.springframework.context.support.PostProcessorRegistrationDelegate$BeanPostProcessorChecker - Bean 'integrationGlobalProperties' of type [java.util.Properties] is not eligible for getting processed by all BeanPostProcessors (for example: not eligible for auto-proxying)
[m[32m<TIMESTAMP>,637 [INFO ] [main] org.springframework.context.support.PostProcessorRegistrationDelegate$BeanPostProcessorChecker - Bean 'messageBuilderFactory' of type [org.springframework.integration.support.DefaultMessageBuilderFactory] is not eligible for getting processed by all BeanPostProcessors (for example: not eligible for auto-proxying)
[m[32m<TIMESTAMP>,664 [INFO ] [main] org.springframework.context.support.PostProcessorRegistrationDelegate$BeanPostProcessorChecker - Bean 'retryAdvice' of type [org.springframework.integration.handler.advice.RequestHandlerRetryAdvice] is not eligible for getting processed by all BeanPostProcessors (for example: not eligible for auto-proxying)
[m[32m<TIMESTAMP>,678 [INFO ] [main] org.springframework.context.support.PostProcessorRegistrationDelegate$BeanPostProcessorChecker - Bean 'org.springframework.retry.annotation.RetryConfiguration' of type [org.springframework.retry.annotation.RetryConfiguration] is not eligible for getting processed by all BeanPostProcessors (for example: not eligible for auto-proxying)
[m[32m<TIMESTAMP>,771 [INFO ] [main] org.springframework.context.support.PostProcessorRegistrationDelegate$BeanPostProcessorChecker - Bean '(inner bean)#3df88e84' of type [org.springframework.aop.target.LazyInitTargetSource] is not eligible for getting processed by all BeanPostProcessors (for example: not eligible for auto-proxying)
[m[32m<TIMESTAMP>,875 [INFO ] [main] org.springframework.context.support.PostProcessorRegistrationDelegate$BeanPostProcessorChecker - Bean 'org.springframework.aop.framework.ProxyFactoryBean#0' of type [org.springframework.aop.framework.ProxyFactoryBean] is not eligible for getting processed by all BeanPostProcessors (for example: not eligible for auto-proxying)
[m[32m<TIMESTAMP>,395 [INFO ] [main] org.springframework.context.support.PostProcessorRegistrationDelegate$BeanPostProcessorChecker - Bean 'org.springframework.aop.framework.ProxyFactoryBean#0' of type [com.sun.proxy.$Proxy69] is not eligible for getting processed by all BeanPostProcessors (for example: not eligible for auto-proxying)
[m[32m<TIMESTAMP>,397 [INFO ] [main] org.springframework.context.support.PostProcessorRegistrationDelegate$BeanPostProcessorChecker - Bean '(inner bean)#1f95158a' of type [org.springframework.security.access.expression.method.ExpressionBasedAnnotationAttributeFactory] is not eligible for getting processed by all BeanPostProcessors (for example: not eligible for auto-proxying)
[m[32m<TIMESTAMP>,398 [INFO ] [main] org.springframework.context.support.PostProcessorRegistrationDelegate$BeanPostProcessorChecker - Bean '(inner bean)#66d6e50b' of type [org.springframework.security.access.prepost.PrePostAnnotationSecurityMetadataSource] is not eligible for getting processed by all BeanPostProcessors (for example: not eligible for auto-proxying)
[m[32m<TIMESTAMP>,399 [INFO ] [main] org.springframework.context.support.PostProcessorRegistrationDelegate$BeanPostProcessorChecker - Bean 'org.springframework.security.access.method.DelegatingMethodSecurityMetadataSource#0' of type [org.springframework.security.access.method.DelegatingMethodSecurityMetadataSource] is not eligible for getting processed by all BeanPostProcessors (for example: not eligible for auto-proxying)
[m[36m<TIMESTAMP>,677 [DEBUG] [main] com.armedia.acm.data.converter.ConverterScanPostProcessor - Scanning for converter classes
[m[36m<TIMESTAMP>,678 [DEBUG] [main] com.armedia.acm.data.converter.ConverterScanPostProcessor - Checking for converters in package 'com.armedia.**'
[m[36m<TIMESTAMP>,720 [DEBUG] [main] com.armedia.acm.data.converter.ConverterScanPostProcessor - Added converter class 'com.armedia.acm.data.converter.BooleanToStringConverter'
[m[36m<TIMESTAMP>,721 [DEBUG] [main] com.armedia.acm.data.converter.ConverterScanPostProcessor - Added converter class 'com.armedia.acm.data.converter.LocalDateConverter'
[m[36m<TIMESTAMP>,721 [DEBUG] [main] com.armedia.acm.data.converter.ConverterScanPostProcessor - Added converter class 'com.armedia.acm.data.converter.BigDecimalConverter'
[m[36m<TIMESTAMP>,721 [DEBUG] [main] com.armedia.acm.data.converter.ConverterScanPostProcessor - Added converter class 'com.armedia.acm.data.converter.UUIDToStringConverter'
[m[36m<TIMESTAMP>,721 [DEBUG] [main] com.armedia.acm.data.converter.ConverterScanPostProcessor - Added converter class 'com.armedia.acm.data.converter.LocalDateTimeConverter'
[m[36m<TIMESTAMP>,721 [DEBUG] [main] com.armedia.acm.data.converter.ConverterScanPostProcessor - Added converter class 'com.armedia.acm.data.converter.StringEncryptionConverter'
[m[36m<TIMESTAMP>,863 [DEBUG] [main] com.armedia.acm.data.converter.ConverterScanPostProcessor - Scanning for converter classes
[m[36m<TIMESTAMP>,863 [DEBUG] [main] com.armedia.acm.data.converter.ConverterScanPostProcessor - Checking for converters in package 'com.armedia.**'
[m[36m<TIMESTAMP>,905 [DEBUG] [main] com.armedia.acm.data.converter.ConverterScanPostProcessor - Added converter class 'com.armedia.acm.data.converter.BooleanToStringConverter'
[m[36m<TIMESTAMP>,905 [DEBUG] [main] com.armedia.acm.data.converter.ConverterScanPostProcessor - Added converter class 'com.armedia.acm.data.converter.LocalDateConverter'
[m[36m<TIMESTAMP>,905 [DEBUG] [main] com.armedia.acm.data.converter.ConverterScanPostProcessor - Added converter class 'com.armedia.acm.data.converter.BigDecimalConverter'
[m[36m<TIMESTAMP>,906 [DEBUG] [main] com.armedia.acm.data.converter.ConverterScanPostProcessor - Added converter class 'com.armedia.acm.data.converter.UUIDToStringConverter'
[m[36m<TIMESTAMP>,906 [DEBUG] [main] com.armedia.acm.data.converter.ConverterScanPostProcessor - Added converter class 'com.armedia.acm.data.converter.LocalDateTimeConverter'
[m[36m<TIMESTAMP>,906 [DEBUG] [main] com.armedia.acm.data.converter.ConverterScanPostProcessor - Added converter class 'com.armedia.acm.data.converter.StringEncryptionConverter'
[m[33m<TIMESTAMP>,282 [WARN ] [main] org.eclipse.persistence.logging.metadata - <TIMESTAMP>--ServerSession(1676886017)--Thread(Thread[main,5,main])--The reference column name [cm_file_id] mapped on the element [field files] does not correspond to a valid id or basic <REDACTED-CREDENTIAL> on the mapping reference. Will use referenced column name as provided.
[m[32m<TIMESTAMP>,725 [INFO ] [main] org.springframework.orm.jpa.LocalContainerEntityManagerFactoryBean - Initialized JPA EntityManagerFactory for persistence unit 'default'
[m[32m<TIMESTAMP>,675 [INFO ] [main] org.springframework.scheduling.concurrent.ThreadPoolTaskExecutor - Initializing ExecutorService
[m[32m<TIMESTAMP>,529 [INFO ] [main] com.hazelcast.instance.AddressPicker - [LOCAL] [arkcase-cluster-w053] [3.11.2] Prefer IPv4 stack is true, prefer IPv6 addresses is false
[m[32m<TIMESTAMP>,557 [INFO ] [main] com.hazelcast.instance.AddressPicker - [LOCAL] [arkcase-cluster-w053] [3.11.2] Picked [172.21.0.1]:55711, using socket ServerSocket[addr=/0.0.0.0,localport=55711], bind any local is true
[m[32m<TIMESTAMP>,588 [INFO ] [main] com.hazelcast.system - [172.21.0.1]:55711 [arkcase-cluster-w053] [3.11.2] Hazelcast 3.11.2 (20190216 - e302506) starting at [172.21.0.1]:55711
[m[32m<TIMESTAMP>,594 [INFO ] [main] com.hazelcast.system - [172.21.0.1]:55711 [arkcase-cluster-w053] [3.11.2] Copyright (c) 2008-2019, Hazelcast, Inc. All Rights Reserved.
[m[32m<TIMESTAMP>,179 [INFO ] [main] com.hazelcast.spi.impl.operationservice.impl.BackpressureRegulator - [172.21.0.1]:55711 [arkcase-cluster-w053] [3.11.2] Backpressure is disabled
[m[32m<TIMESTAMP>,657 [INFO ] [main] com.hazelcast.spi.impl.operationexecutor.impl.OperationExecutorImpl - [172.21.0.1]:55711 [arkcase-cluster-w053] [3.11.2] Starting 4 partition threads and 3 generic threads (1 dedicated for priority tasks)
[m[32m<TIMESTAMP>,662 [INFO ] [main] com.hazelcast.internal.diagnostics.Diagnostics - [172.21.0.1]:55711 [arkcase-cluster-w053] [3.11.2] Diagnostics started
[m[32m<TIMESTAMP>,663 [INFO ] [main] com.hazelcast.internal.diagnostics.BuildInfoPlugin - [172.21.0.1]:55711 [arkcase-cluster-w053] [3.11.2] Plugin:active
[m[32m<TIMESTAMP>,664 [INFO ] [main] com.hazelcast.internal.diagnostics.SystemPropertiesPlugin - [172.21.0.1]:55711 [arkcase-cluster-w053] [3.11.2] Plugin:active
[m[32m<TIMESTAMP>,664 [INFO ] [main] com.hazelcast.internal.diagnostics.ConfigPropertiesPlugin - [172.21.0.1]:55711 [arkcase-cluster-w053] [3.11.2] Plugin:active
[m[32m<TIMESTAMP>,667 [INFO ] [main] com.hazelcast.internal.diagnostics.MetricsPlugin - [172.21.0.1]:55711 [arkcase-cluster-w053] [3.11.2] Plugin:active, period-millis:60000
[m[32m<TIMESTAMP>,668 [INFO ] [main] com.hazelcast.internal.diagnostics.SlowOperationPlugin - [172.21.0.1]:55711 [arkcase-cluster-w053] [3.11.2] Plugin:active, period-millis:60000
[m[32m<TIMESTAMP>,668 [INFO ] [main] com.hazelcast.internal.diagnostics.MemberHazelcastInstanceInfoPlugin - [172.21.0.1]:55711 [arkcase-cluster-w053] [3.11.2] Plugin:active, period-millis:60000
[m[32m<TIMESTAMP>,669 [INFO ] [main] com.hazelcast.internal.diagnostics.SystemLogPlugin - [172.21.0.1]:55711 [arkcase-cluster-w053] [3.11.2] Plugin:active: logPartitions:false
[m[32m<TIMESTAMP>,674 [INFO ] [main] com.hazelcast.internal.diagnostics.MemberHazelcastInstanceInfoPlugin - [172.21.0.1]:55711 [arkcase-cluster-w053] [3.11.2] Plugin:active, period-millis:10000
[m[32m<TIMESTAMP>,674 [INFO ] [main] com.hazelcast.internal.diagnostics.OperationHeartbeatPlugin - [172.21.0.1]:55711 [arkcase-cluster-w053] [3.11.2] Plugin:active: period-millis:10000 max-deviation:33%
[m[32m<TIMESTAMP>,675 [INFO ] [main] com.hazelcast.core.LifecycleService - [172.21.0.1]:55711 [arkcase-cluster-w053] [3.11.2] [172.21.0.1]:55711 is STARTING
[m[33m<TIMESTAMP>,696 [WARN ] [main] com.hazelcast.instance.Node - [172.21.0.1]:55711 [arkcase-cluster-w053] [3.11.2] No join method is enabled! Starting standalone.
[m[33m<TIMESTAMP>,697 [WARN ] [main] com.hazelcast.instance.Node - [172.21.0.1]:55711 [arkcase-cluster-w053] [3.11.2] Config seed port is 55710 and cluster size is 1. Some of the ports seem occupied!
[m[32m<TIMESTAMP>,747 [INFO ] [main] com.hazelcast.core.LifecycleService - [172.21.0.1]:55711 [arkcase-cluster-w053] [3.11.2] [172.21.0.1]:55711 is STARTED
[m[36m<TIMESTAMP>,106 [DEBUG] [main] com.armedia.acm.services.search.model.solr.ArkCaseSolrUtils - Solr Client URI: [https://127.0.0.1:53444/solr]
[m[36m<TIMESTAMP>,825 [DEBUG] [main] com.armedia.acm.spring.SpringContextHolder - Got the application context
[m[36m<TIMESTAMP>,491 [DEBUG] [main] com.armedia.acm.files.propertymanager.PropertyFileManager - Properties loaded from [camel-config-opencmis-cmis.properties]
[m[36m<TIMESTAMP>,508 [DEBUG] [main] com.armedia.acm.files.propertymanager.PropertyFileManager - Properties loaded from [camel-config-alfresco-cmis.properties]
[m[36m<TIMESTAMP>,509 [DEBUG] [main] com.armedia.acm.camelcontext.context.CamelContextManager - Number of repository configurations: [2]
[m[36m<TIMESTAMP>,509 [DEBUG] [main] com.armedia.acm.camelcontext.context.CamelContextManager - Starting Camel context
[m[32m<TIMESTAMP>,566 [INFO ] [main] org.apache.camel.support.LRUCacheFactory - Detected and using LRUCacheFactory: camel-caffeine-lrucache
[m[32m<TIMESTAMP>,634 [INFO ] [main] org.reflections.Reflections - Reflections took 1 ms to scan 1 urls, producing 2 keys and 16 values 
[m[36m<TIMESTAMP>,642 [DEBUG] [main] com.armedia.acm.camelcontext.context.CamelContextManager - Number of ArkCase-routes classes retrieved by reflection=15
[m[36m<TIMESTAMP>,642 [DEBUG] [main] com.armedia.acm.camelcontext.context.CamelContextManager - Create routes for [alfresco]
[m[36m<TIMESTAMP>,648 [DEBUG] [main] com.armedia.acm.camelcontext.context.CamelContextManager - Current route=[class com.armedia.acm.camelcontext.flow.route.DeleteDocumentRoute] instanceOf ArkCaseAbstractRoute = [true]
[m[36m<TIMESTAMP>,648 [DEBUG] [main] com.armedia.acm.camelcontext.context.CamelContextManager - Trying to add route=[class com.armedia.acm.camelcontext.flow.route.DeleteDocumentRoute] to camel context
[m[36m<TIMESTAMP>,715 [DEBUG] [main] com.armedia.acm.camelcontext.context.CamelContextManager - Successfully added route=[class com.armedia.acm.camelcontext.flow.route.DeleteDocumentRoute] to camel context
[m[36m<TIMESTAMP>,716 [DEBUG] [main] com.armedia.acm.camelcontext.context.CamelContextManager - Current number of routes:[0]
[m[36m<TIMESTAMP>,716 [DEBUG] [main] com.armedia.acm.camelcontext.context.CamelContextManager - Current route=[class com.armedia.acm.camelcontext.flow.route.GetFolderRoute] instanceOf ArkCaseAbstractRoute = [true]
[m[36m<TIMESTAMP>,716 [DEBUG] [main] com.armedia.acm.camelcontext.context.CamelContextManager - Trying to add route=[class com.armedia.acm.camelcontext.flow.route.GetFolderRoute] to camel context
[m[36m<TIMESTAMP>,716 [DEBUG] [main] com.armedia.acm.camelcontext.context.CamelContextManager - Successfully added route=[class com.armedia.acm.camelcontext.flow.route.GetFolderRoute] to camel context
[m[36m<TIMESTAMP>,716 [DEBUG] [main] com.armedia.acm.camelcontext.context.CamelContextManager - Current number of routes:[0]
[m[36m<TIMESTAMP>,717 [DEBUG] [main] com.armedia.acm.camelcontext.context.CamelContextManager - Current route=[class com.armedia.acm.camelcontext.flow.route.MoveDocumentRoute] instanceOf ArkCaseAbstractRoute = [true]
[m[36m<TIMESTAMP>,717 [DEBUG] [main] com.armedia.acm.camelcontext.context.CamelContextManager - Trying to add route=[class com.armedia.acm.camelcontext.flow.route.MoveDocumentRoute] to camel context
[m[36m<TIMESTAMP>,717 [DEBUG] [main] com.armedia.acm.camelcontext.context.CamelContextManager - Successfully added route=[class com.armedia.acm.camelcontext.flow.route.MoveDocumentRoute] to camel context
[m[36m<TIMESTAMP>,717 [DEBUG] [main] com.armedia.acm.camelcontext.context.CamelContextManager - Current number of routes:[0]
[m[36m<TIMESTAMP>,717 [DEBUG] [main] com.armedia.acm.camelcontext.context.CamelContextManager - Current route=[class com.armedia.acm.camelcontext.flow.route.CreateDocumentRoute] instanceOf ArkCaseAbstractRoute = [true]
[m[36m<TIMESTAMP>,718 [DEBUG] [main] com.armedia.acm.camelcontext.context.CamelContextManager - Trying to add route=[class com.armedia.acm.camelcontext.flow.route.CreateDocumentRoute] to camel context
[m[36m<TIMESTAMP>,718 [DEBUG] [main] com.armedia.acm.camelcontext.context.CamelContextManager - Successfully added route=[class com.armedia.acm.camelcontext.flow.route.CreateDocumentRoute] to camel context
[m[36m<TIMESTAMP>,718 [DEBUG] [main] com.armedia.acm.camelcontext.context.CamelContextManager - Current number of routes:[0]
[m[36m<TIMESTAMP>,718 [DEBUG] [main] com.armedia.acm.camelcontext.context.CamelContextManager - Current route=[class com.armedia.acm.camelcontext.flow.route.RenameDocumentRoute] instanceOf ArkCaseAbstractRoute = [true]
[m[36m<TIMESTAMP>,718 [DEBUG] [main] com.armedia.acm.camelcontext.context.CamelContextManager - Trying to add route=[class com.armedia.acm.camelcontext.flow.route.RenameDocumentRoute] to camel context
[m[36m<TIMESTAMP>,719 [DEBUG] [main] com.armedia.acm.camelcontext.context.CamelContextManager - Successfully added route=[class com.armedia.acm.camelcontext.flow.route.RenameDocumentRoute] to camel context
[m[36m<TIMESTAMP>,719 [DEBUG] [main] com.armedia.acm.camelcontext.context.CamelContextManager - Current number of routes:[0]
[m[36m<TIMESTAMP>,719 [DEBUG] [main] com.armedia.acm.camelcontext.context.CamelContextManager - Current route=[class com.armedia.acm.camelcontext.flow.route.CopyDocumentRoute] instanceOf ArkCaseAbstractRoute = [true]
[m[36m<TIMESTAMP>,719 [DEBUG] [main] com.armedia.acm.camelcontext.context.CamelContextManager - Trying to add route=[class com.armedia.acm.camelcontext.flow.route.CopyDocumentRoute] to camel context
[m[36m<TIMESTAMP>,720 [DEBUG] [main] com.armedia.acm.camelcontext.context.CamelContextManager - Successfully added route=[class com.armedia.acm.camelcontext.flow.route.CopyDocumentRoute] to camel context
[m[36m<TIMESTAMP>,720 [DEBUG] [main] com.armedia.acm.camelcontext.context.CamelContextManager - Current number of routes:[0]
[m[36m<TIMESTAMP>,720 [DEBUG] [main] com.armedia.acm.camelcontext.context.CamelContextManager - Current route=[class com.armedia.acm.camelcontext.flow.route.GetOrCreateFolderRoute] instanceOf ArkCaseAbstractRoute = [true]
[m[36m<TIMESTAMP>,720 [DEBUG] [main] com.armedia.acm.camelcontext.context.CamelContextManager - Trying to add route=[class com.armedia.acm.camelcontext.flow.route.GetOrCreateFolderRoute] to camel context
[m[36m<TIMESTAMP>,722 [DEBUG] [main] com.armedia.acm.camelcontext.context.CamelContextManager - Successfully added route=[class com.armedia.acm.camelcontext.flow.route.GetOrCreateFolderRoute] to camel context
[m[36m<TIMESTAMP>,723 [DEBUG] [main] com.armedia.acm.camelcontext.context.CamelContextManager - Current number of routes:[0]
[m[36m<TIMESTAMP>,723 [DEBUG] [main] com.armedia.acm.camelcontext.context.CamelContextManager - Current route=[class com.armedia.acm.camelcontext.flow.route.GetObjectByIdRoute] instanceOf ArkCaseAbstractRoute = [true]
[m[36m<TIMESTAMP>,723 [DEBUG] [main] com.armedia.acm.camelcontext.context.CamelContextManager - Trying to add route=[class com.armedia.acm.camelcontext.flow.route.GetObjectByIdRoute] to camel context
[m[36m<TIMESTAMP>,723 [DEBUG] [main] com.armedia.acm.camelcontext.context.CamelContextManager - Successfully added route=[class com.armedia.acm.camelcontext.flow.route.GetObjectByIdRoute] to camel context
[m[36m<TIMESTAMP>,723 [DEBUG] [main] com.armedia.acm.camelcontext.context.CamelContextManager - Current number of routes:[0]
[m[36m<TIMESTAMP>,724 [DEBUG] [main] com.armedia.acm.camelcontext.context.CamelContextManager - Current route=[class com.armedia.acm.camelcontext.flow.route.ListFolderRoute] instanceOf ArkCaseAbstractRoute = [true]
[m[36m<TIMESTAMP>,724 [DEBUG] [main] com.armedia.acm.camelcontext.context.CamelContextManager - Trying to add route=[class com.armedia.acm.camelcontext.flow.route.ListFolderRoute] to camel context
[m[36m<TIMESTAMP>,724 [DEBUG] [main] com.armedia.acm.camelcontext.context.CamelContextManager - Successfully added route=[class com.armedia.acm.camelcontext.flow.route.ListFolderRoute] to camel context
[m[36m<TIMESTAMP>,724 [DEBUG] [main] com.armedia.acm.camelcontext.context.CamelContextManager - Current number of routes:[0]
[m[36m<TIMESTAMP>,724 [DEBUG] [main] com.armedia.acm.camelcontext.context.CamelContextManager - Current route=[class com.armedia.acm.camelcontext.flow.route.MoveFolderRoute] instanceOf ArkCaseAbstractRoute = [true]
[m[36m<TIMESTAMP>,724 [DEBUG] [main] com.armedia.acm.camelcontext.context.CamelContextManager - Trying to add route=[class com.armedia.acm.camelcontext.flow.route.MoveFolderRoute] to camel context
[m[36m<TIMESTAMP>,725 [DEBUG] [main] com.armedia.acm.camelcontext.context.CamelContextManager - Successfully added route=[class com.armedia.acm.camelcontext.flow.route.MoveFolderRoute] to camel context
[m[36m<TIMESTAMP>,725 [DEBUG] [main] com.armedia.acm.camelcontext.context.CamelContextManager - Current number of routes:[0]
[m[36m<TIMESTAMP>,725 [DEBUG] [main] com.armedia.acm.camelcontext.context.CamelContextManager - Current route=[class com.armedia.acm.camelcontext.flow.route.UpdateDocumentRoute] instanceOf ArkCaseAbstractRoute = [true]
[m[36m<TIMESTAMP>,725 [DEBUG] [main] com.armedia.acm.camelcontext.context.CamelContextManager - Trying to add route=[class com.armedia.acm.camelcontext.flow.route.UpdateDocumentRoute] to camel context
[m[36m<TIMESTAMP>,726 [DEBUG] [main] com.armedia.acm.camelcontext.context.CamelContextManager - Successfully added route=[class com.armedia.acm.camelcontext.flow.route.UpdateDocumentRoute] to camel context
[m[36m<TIMESTAMP>,726 [DEBUG] [main] com.armedia.acm.camelcontext.context.CamelContextManager - Current number of routes:[0]
[m[36m<TIMESTAMP>,726 [DEBUG] [main] com.armedia.acm.camelcontext.context.CamelContextManager - Current route=[class com.armedia.acm.camelcontext.flow.route.CreateFolderRoute] instanceOf ArkCaseAbstractRoute = [true]
[m[36m<TIMESTAMP>,726 [DEBUG] [main] com.armedia.acm.camelcontext.context.CamelContextManager - Trying to add route=[class com.armedia.acm.camelcontext.flow.route.CreateFolderRoute] to camel context
[m[36m<TIMESTAMP>,727 [DEBUG] [main] com.armedia.acm.camelcontext.context.CamelContextManager - Successfully added route=[class com.armedia.acm.camelcontext.flow.route.CreateFolderRoute] to camel context
[m[36m<TIMESTAMP>,727 [DEBUG] [main] com.armedia.acm.camelcontext.context.CamelContextManager - Current number of routes:[0]
[m[36m<TIMESTAMP>,727 [DEBUG] [main] com.armedia.acm.camelcontext.context.CamelContextManager - Current route=[class com.armedia.acm.camelcontext.flow.route.GetObjectByPathRoute] instanceOf ArkCaseAbstractRoute = [true]
[m[36m<TIMESTAMP>,727 [DEBUG] [main] com.armedia.acm.camelcontext.context.CamelContextManager - Trying to add route=[class com.armedia.acm.camelcontext.flow.route.GetObjectByPathRoute] to camel context
[m[36m<TIMESTAMP>,727 [DEBUG] [main] com.armedia.acm.camelcontext.context.CamelContextManager - Successfully added route=[class com.armedia.acm.camelcontext.flow.route.GetObjectByPathRoute] to camel context
[m[36m<TIMESTAMP>,728 [DEBUG] [main] com.armedia.acm.camelcontext.context.CamelContextManager - Current number of routes:[0]
[m[36m<TIMESTAMP>,728 [DEBUG] [main] com.armedia.acm.camelcontext.context.CamelContextManager - Current route=[class com.armedia.acm.camelcontext.flow.route.DeleteFolderRoute] instanceOf ArkCaseAbstractRoute = [true]
[m[36m<TIMESTAMP>,728 [DEBUG] [main] com.armedia.acm.camelcontext.context.CamelContextManager - Trying to add route=[class com.armedia.acm.camelcontext.flow.route.DeleteFolderRoute] to camel context
[m[36m<TIMESTAMP>,728 [DEBUG] [main] com.armedia.acm.camelcontext.context.CamelContextManager - Successfully added route=[class com.armedia.acm.camelcontext.flow.route.DeleteFolderRoute] to camel context
[m[36m<TIMESTAMP>,728 [DEBUG] [main] com.armedia.acm.camelcontext.context.CamelContextManager - Current number of routes:[0]
[m[36m<TIMESTAMP>,728 [DEBUG] [main] com.armedia.acm.camelcontext.context.CamelContextManager - Current route=[class com.armedia.acm.camelcontext.flow.route.DownloadDocumentRoute] instanceOf ArkCaseAbstractRoute = [true]
[m[36m<TIMESTAMP>,728 [DEBUG] [main] com.armedia.acm.camelcontext.context.CamelContextManager - Trying to add route=[class com.armedia.acm.camelcontext.flow.route.DownloadDocumentRoute] to camel context
[m[36m<TIMESTAMP>,729 [DEBUG] [main] com.armedia.acm.camelcontext.context.CamelContextManager - Successfully added route=[class com.armedia.acm.camelcontext.flow.route.DownloadDocumentRoute] to camel context
[m[36m<TIMESTAMP>,729 [DEBUG] [main] com.armedia.acm.camelcontext.context.CamelContextManager - Current number of routes:[0]
[m[36m<TIMESTAMP>,729 [DEBUG] [main] com.armedia.acm.camelcontext.context.CamelContextManager - Create routes for [opencmis]
[m[36m<TIMESTAMP>,729 [DEBUG] [main] com.armedia.acm.camelcontext.context.CamelContextManager - Current route=[class com.armedia.acm.camelcontext.flow.route.DeleteDocumentRoute] instanceOf ArkCaseAbstractRoute = [true]
[m[36m<TIMESTAMP>,729 [DEBUG] [main] com.armedia.acm.camelcontext.context.CamelContextManager - Trying to add route=[class com.armedia.acm.camelcontext.flow.route.DeleteDocumentRoute] to camel context
[m[36m<TIMESTAMP>,729 [DEBUG] [main] com.armedia.acm.camelcontext.context.CamelContextManager - Successfully added route=[class com.armedia.acm.camelcontext.flow.route.DeleteDocumentRoute] to camel context
[m[36m<TIMESTAMP>,729 [DEBUG] [main] com.armedia.acm.camelcontext.context.CamelContextManager - Current number of routes:[0]
[m[36m<TIMESTAMP>,729 [DEBUG] [main] com.armedia.acm.camelcontext.context.CamelContextManager - Current route=[class com.armedia.acm.camelcontext.flow.route.GetFolderRoute] instanceOf ArkCaseAbstractRoute = [true]
[m[36m<TIMESTAMP>,729 [DEBUG] [main] com.armedia.acm.camelcontext.context.CamelContextManager - Trying to add route=[class com.armedia.acm.camelcontext.flow.route.GetFolderRoute] to camel context
[m[36m<TIMESTAMP>,730 [DEBUG] [main] com.armedia.acm.camelcontext.context.CamelContextManager - Successfully added route=[class com.armedia.acm.camelcontext.flow.route.GetFolderRoute] to camel context
[m[36m<TIMESTAMP>,730 [DEBUG] [main] com.armedia.acm.camelcontext.context.CamelContextManager - Current number of routes:[0]
[m[36m<TIMESTAMP>,730 [DEBUG] [main] com.armedia.acm.camelcontext.context.CamelContextManager - Current route=[class com.armedia.acm.camelcontext.flow.route.MoveDocumentRoute] instanceOf ArkCaseAbstractRoute = [true]
[m[36m<TIMESTAMP>,730 [DEBUG] [main] com.armedia.acm.camelcontext.context.CamelContextManager - Trying to add route=[class com.armedia.acm.camelcontext.flow.route.MoveDocumentRoute] to camel context
[m[36m<TIMESTAMP>,730 [DEBUG] [main] com.armedia.acm.camelcontext.context.CamelContextManager - Successfully added route=[class com.armedia.acm.camelcontext.flow.route.MoveDocumentRoute] to camel context
[m[36m<TIMESTAMP>,730 [DEBUG] [main] com.armedia.acm.camelcontext.context.CamelContextManager - Current number of routes:[0]
[m[36m<TIMESTAMP>,730 [DEBUG] [main] com.armedia.acm.camelcontext.context.CamelContextManager - Current route=[class com.armedia.acm.camelcontext.flow.route.CreateDocumentRoute] instanceOf ArkCaseAbstractRoute = [true]
[m[36m<TIMESTAMP>,730 [DEBUG] [main] com.armedia.acm.camelcontext.context.CamelContextManager - Trying to add route=[class com.armedia.acm.camelcontext.flow.route.CreateDocumentRoute] to camel context
[m[36m<TIMESTAMP>,730 [DEBUG] [main] com.armedia.acm.camelcontext.context.CamelContextManager - Successfully added route=[class com.armedia.acm.camelcontext.flow.route.CreateDocumentRoute] to camel context
[m[36m<TIMESTAMP>,730 [DEBUG] [main] com.armedia.acm.camelcontext.context.CamelContextManager - Current number of routes:[0]
[m[36m<TIMESTAMP>,730 [DEBUG] [main] com.armedia.acm.camelcontext.context.CamelContextManager - Current route=[class com.armedia.acm.camelcontext.flow.route.RenameDocumentRoute] instanceOf ArkCaseAbstractRoute = [true]
[m[36m<TIMESTAMP>,730 [DEBUG] [main] com.armedia.acm.camelcontext.context.CamelContextManager - Trying to add route=[class com.armedia.acm.camelcontext.flow.route.RenameDocumentRoute] to camel context
[m[36m<TIMESTAMP>,731 [DEBUG] [main] com.armedia.acm.camelcontext.context.CamelContextManager - Successfully added route=[class com.armedia.acm.camelcontext.flow.route.RenameDocumentRoute] to camel context
[m[36m<TIMESTAMP>,731 [DEBUG] [main] com.armedia.acm.camelcontext.context.CamelContextManager - Current number of routes:[0]
[m[36m<TIMESTAMP>,731 [DEBUG] [main] com.armedia.acm.camelcontext.context.CamelContextManager - Current route=[class com.armedia.acm.camelcontext.flow.route.CopyDocumentRoute] instanceOf ArkCaseAbstractRoute = [true]
[m[36m<TIMESTAMP>,731 [DEBUG] [main] com.armedia.acm.camelcontext.context.CamelContextManager - Trying to add route=[class com.armedia.acm.camelcontext.flow.route.CopyDocumentRoute] to camel context
[m[36m<TIMESTAMP>,731 [DEBUG] [main] com.armedia.acm.camelcontext.context.CamelContextManager - Successfully added route=[class com.armedia.acm.camelcontext.flow.route.CopyDocumentRoute] to camel context
[m[36m<TIMESTAMP>,731 [DEBUG] [main] com.armedia.acm.camelcontext.context.CamelContextManager - Current number of routes:[0]
[m[36m<TIMESTAMP>,731 [DEBUG] [main] com.armedia.acm.camelcontext.context.CamelContextManager - Current route=[class com.armedia.acm.camelcontext.flow.route.GetOrCreateFolderRoute] instanceOf ArkCaseAbstractRoute = [true]
[m[36m<TIMESTAMP>,731 [DEBUG] [main] com.armedia.acm.camelcontext.context.CamelContextManager - Trying to add route=[class com.armedia.acm.camelcontext.flow.route.GetOrCreateFolderRoute] to camel context
[m[36m<TIMESTAMP>,731 [DEBUG] [main] com.armedia.acm.camelcontext.context.CamelContextManager - Successfully added route=[class com.armedia.acm.camelcontext.flow.route.GetOrCreateFolderRoute] to camel context
[m[36m<TIMESTAMP>,731 [DEBUG] [main] com.armedia.acm.camelcontext.context.CamelContextManager - Current number of routes:[0]
[m[36m<TIMESTAMP>,731 [DEBUG] [main] com.armedia.acm.camelcontext.context.CamelContextManager - Current route=[class com.armedia.acm.camelcontext.flow.route.GetObjectByIdRoute] instanceOf ArkCaseAbstractRoute = [true]
[m[36m<TIMESTAMP>,731 [DEBUG] [main] com.armedia.acm.camelcontext.context.CamelContextManager - Trying to add route=[class com.armedia.acm.camelcontext.flow.route.GetObjectByIdRoute] to camel context
[m[36m<TIMESTAMP>,731 [DEBUG] [main] com.armedia.acm.camelcontext.context.CamelContextManager - Successfully added route=[class com.armedia.acm.camelcontext.flow.route.GetObjectByIdRoute] to camel context
[m[36m<TIMESTAMP>,731 [DEBUG] [main] com.armedia.acm.camelcontext.context.CamelContextManager - Current number of routes:[0]
[m[36m<TIMESTAMP>,732 [DEBUG] [main] com.armedia.acm.camelcontext.context.CamelContextManager - Current route=[class com.armedia.acm.camelcontext.flow.route.ListFolderRoute] instanceOf ArkCaseAbstractRoute = [true]
[m[36m<TIMESTAMP>,732 [DEBUG] [main] com.armedia.acm.camelcontext.context.CamelContextManager - Trying to add route=[class com.armedia.acm.camelcontext.flow.route.ListFolderRoute] to camel context
[m[36m<TIMESTAMP>,732 [DEBUG] [main] com.armedia.acm.camelcontext.context.CamelContextManager - Successfully added route=[class com.armedia.acm.camelcontext.flow.route.ListFolderRoute] to camel context
[m[36m<TIMESTAMP>,732 [DEBUG] [main] com.armedia.acm.camelcontext.context.CamelContextManager - Current number of routes:[0]
[m[36m<TIMESTAMP>,732 [DEBUG] [main] com.armedia.acm.camelcontext.context.CamelContextManager - Current route=[class com.armedia.acm.camelcontext.flow.route.MoveFolderRoute] instanceOf ArkCaseAbstractRoute = [true]
[m[36m<TIMESTAMP>,732 [DEBUG] [main] com.armedia.acm.camelcontext.context.CamelContextManager - Trying to add route=[class com.armedia.acm.camelcontext.flow.route.MoveFolderRoute] to camel context
[m[36m<TIMESTAMP>,732 [DEBUG] [main] com.armedia.acm.camelcontext.context.CamelContextManager - Successfully added route=[class com.armedia.acm.camelcontext.flow.route.MoveFolderRoute] to camel context
[m[36m<TIMESTAMP>,732 [DEBUG] [main] com.armedia.acm.camelcontext.context.CamelContextManager - Current number of routes:[0]
[m[36m<TIMESTAMP>,732 [DEBUG] [main] com.armedia.acm.camelcontext.context.CamelContextManager - Current route=[class com.armedia.acm.camelcontext.flow.route.UpdateDocumentRoute] instanceOf ArkCaseAbstractRoute = [true]
[m[36m<TIMESTAMP>,732 [DEBUG] [main] com.armedia.acm.camelcontext.context.CamelContextManager - Trying to add route=[class com.armedia.acm.camelcontext.flow.route.UpdateDocumentRoute] to camel context
[m[36m<TIMESTAMP>,732 [DEBUG] [main] com.armedia.acm.camelcontext.context.CamelContextManager - Successfully added route=[class com.armedia.acm.camelcontext.flow.route.UpdateDocumentRoute] to camel context
[m[36m<TIMESTAMP>,732 [DEBUG] [main] com.armedia.acm.camelcontext.context.CamelContextManager - Current number of routes:[0]
[m[36m<TIMESTAMP>,732 [DEBUG] [main] com.armedia.acm.camelcontext.context.CamelContextManager - Current route=[class com.armedia.acm.camelcontext.flow.route.CreateFolderRoute] instanceOf ArkCaseAbstractRoute = [true]
[m[36m<TIMESTAMP>,732 [DEBUG] [main] com.armedia.acm.camelcontext.context.CamelContextManager - Trying to add route=[class com.armedia.acm.camelcontext.flow.route.CreateFolderRoute] to camel context
[m[36m<TIMESTAMP>,733 [DEBUG] [main] com.armedia.acm.camelcontext.context.CamelContextManager - Successfully added route=[class com.armedia.acm.camelcontext.flow.route.CreateFolderRoute] to camel context
[m[36m<TIMESTAMP>,733 [DEBUG] [main] com.armedia.acm.camelcontext.context.CamelContextManager - Current number of routes:[0]
[m[36m<TIMESTAMP>,733 [DEBUG] [main] com.armedia.acm.camelcontext.context.CamelContextManager - Current route=[class com.armedia.acm.camelcontext.flow.route.GetObjectByPathRoute] instanceOf ArkCaseAbstractRoute = [true]
[m[36m<TIMESTAMP>,733 [DEBUG] [main] com.armedia.acm.camelcontext.context.CamelContextManager - Trying to add route=[class com.armedia.acm.camelcontext.flow.route.GetObjectByPathRoute] to camel context
[m[36m<TIMESTAMP>,733 [DEBUG] [main] com.armedia.acm.camelcontext.context.CamelContextManager - Successfully added route=[class com.armedia.acm.camelcontext.flow.route.GetObjectByPathRoute] to camel context
[m[36m<TIMESTAMP>,733 [DEBUG] [main] com.armedia.acm.camelcontext.context.CamelContextManager - Current number of routes:[0]
[m[36m<TIMESTAMP>,733 [DEBUG] [main] com.armedia.acm.camelcontext.context.CamelContextManager - Current route=[class com.armedia.acm.camelcontext.flow.route.DeleteFolderRoute] instanceOf ArkCaseAbstractRoute = [true]
[m[36m<TIMESTAMP>,733 [DEBUG] [main] com.armedia.acm.camelcontext.context.CamelContextManager - Trying to add route=[class com.armedia.acm.camelcontext.flow.route.DeleteFolderRoute] to camel context
[m[36m<TIMESTAMP>,733 [DEBUG] [main] com.armedia.acm.camelcontext.context.CamelContextManager - Successfully added route=[class com.armedia.acm.camelcontext.flow.route.DeleteFolderRoute] to camel context
[m[36m<TIMESTAMP>,733 [DEBUG] [main] com.armedia.acm.camelcontext.context.CamelContextManager - Current number of routes:[0]
[m[36m<TIMESTAMP>,733 [DEBUG] [main] com.armedia.acm.camelcontext.context.CamelContextManager - Current route=[class com.armedia.acm.camelcontext.flow.route.DownloadDocumentRoute] instanceOf ArkCaseAbstractRoute = [true]
[m[36m<TIMESTAMP>,733 [DEBUG] [main] com.armedia.acm.camelcontext.context.CamelContextManager - Trying to add route=[class com.armedia.acm.camelcontext.flow.route.DownloadDocumentRoute] to camel context
[m[36m<TIMESTAMP>,734 [DEBUG] [main] com.armedia.acm.camelcontext.context.CamelContextManager - Successfully added route=[class com.armedia.acm.camelcontext.flow.route.DownloadDocumentRoute] to camel context
[m[36m<TIMESTAMP>,734 [DEBUG] [main] com.armedia.acm.camelcontext.context.CamelContextManager - Current number of routes:[0]
[m[32m<TIMESTAMP>,736 [INFO ] [main] org.reflections.Reflections - Reflections took 1 ms to scan 1 urls, producing 1 keys and 15 values 
[m[32m<TIMESTAMP>,879 [INFO ] [main] org.apache.camel.component.seda.SedaEndpoint - Endpoint seda://alfresco-deleteDocumentQueue?timeout=150000 is using shared queue: seda://alfresco-deleteDocumentQueue with size: 1000
[m[32m<TIMESTAMP>,990 [INFO ] [main] org.apache.camel.component.seda.SedaEndpoint - Endpoint seda://alfresco-getFolderQueue?timeout=150000 is using shared queue: seda://alfresco-getFolderQueue with size: 1000
[m[32m<TIMESTAMP>,001 [INFO ] [main] org.apache.camel.component.seda.SedaEndpoint - Endpoint seda://alfresco-moveDocumentQueue?timeout=150000 is using shared queue: seda://alfresco-moveDocumentQueue with size: 1000
[m[32m<TIMESTAMP>,008 [INFO ] [main] org.apache.camel.component.seda.SedaEndpoint - Endpoint seda://alfresco-createDocumentQueue?timeout=150000 is using shared queue: seda://alfresco-createDocumentQueue with size: 1000
[m[32m<TIMESTAMP>,014 [INFO ] [main] org.apache.camel.component.seda.SedaEndpoint - Endpoint seda://alfresco-renameDocumentQueue?timeout=150000 is using shared queue: seda://alfresco-renameDocumentQueue with size: 1000
[m[32m<TIMESTAMP>,021 [INFO ] [main] org.apache.camel.component.seda.SedaEndpoint - Endpoint seda://alfresco-copyDocumentQueue?timeout=150000 is using shared queue: seda://alfresco-copyDocumentQueue with size: 1000
[m[32m<TIMESTAMP>,027 [INFO ] [main] org.apache.camel.component.seda.SedaEndpoint - Endpoint seda://alfresco-getOrCreateFolderQueue?timeout=150000 is using shared queue: seda://alfresco-getOrCreateFolderQueue with size: 1000
[m[32m<TIMESTAMP>,034 [INFO ] [main] org.apache.camel.component.seda.SedaEndpoint - Endpoint seda://alfresco-getObjectByIdQueue?timeout=150000 is using shared queue: seda://alfresco-getObjectByIdQueue with size: 1000
[m[32m<TIMESTAMP>,047 [INFO ] [main] org.apache.camel.component.seda.SedaEndpoint - Endpoint seda://alfresco-listFolderQueue?timeout=150000 is using shared queue: seda://alfresco-listFolderQueue with size: 1000
[m[32m<TIMESTAMP>,053 [INFO ] [main] org.apache.camel.component.seda.SedaEndpoint - Endpoint seda://alfresco-moveFolderQueue?timeout=150000 is using shared queue: seda://alfresco-moveFolderQueue with size: 1000
[m[32m<TIMESTAMP>,059 [INFO ] [main] org.apache.camel.component.seda.SedaEndpoint - Endpoint seda://alfresco-updateDocumentQueue?timeout=150000 is using shared queue: seda://alfresco-updateDocumentQueue with size: 1000
[m[32m<TIMESTAMP>,067 [INFO ] [main] org.apache.camel.component.seda.SedaEndpoint - Endpoint seda://alfresco-createFolderQueue?timeout=150000 is using shared queue: seda://alfresco-createFolderQueue with size: 1000
[m[32m<TIMESTAMP>,073 [INFO ] [main] org.apache.camel.component.seda.SedaEndpoint - Endpoint seda://alfresco-getObjectByPathQueue?timeout=150000 is using shared queue: seda://alfresco-getObjectByPathQueue with size: 1000
[m[32m<TIMESTAMP>,079 [INFO ] [main] org.apache.camel.component.seda.SedaEndpoint - Endpoint seda://alfresco-deleteFolderQueue?timeout=150000 is using shared queue: seda://alfresco-deleteFolderQueue with size: 1000
[m[32m<TIMESTAMP>,085 [INFO ] [main] org.apache.camel.component.seda.SedaEndpoint - Endpoint seda://alfresco-downloadDocumentQueue?timeout=150000 is using shared queue: seda://alfresco-downloadDocumentQueue with size: 1000
[m[32m<TIMESTAMP>,090 [INFO ] [main] org.apache.camel.component.seda.SedaEndpoint - Endpoint seda://opencmis-deleteDocumentQueue?timeout=150000 is using shared queue: seda://opencmis-deleteDocumentQueue with size: 1000
[m[32m<TIMESTAMP>,091 [INFO ] [main] org.apache.camel.component.seda.SedaEndpoint - Endpoint seda://opencmis-getFolderQueue?timeout=150000 is using shared queue: seda://opencmis-getFolderQueue with size: 1000
[m[32m<TIMESTAMP>,092 [INFO ] [main] org.apache.camel.component.seda.SedaEndpoint - Endpoint seda://opencmis-moveDocumentQueue?timeout=150000 is using shared queue: seda://opencmis-moveDocumentQueue with size: 1000
[m[32m<TIMESTAMP>,092 [INFO ] [main] org.apache.camel.component.seda.SedaEndpoint - Endpoint seda://opencmis-createDocumentQueue?timeout=150000 is using shared queue: seda://opencmis-createDocumentQueue with size: 1000
[m[32m<TIMESTAMP>,093 [INFO ] [main] org.apache.camel.component.seda.SedaEndpoint - Endpoint seda://opencmis-renameDocumentQueue?timeout=150000 is using shared queue: seda://opencmis-renameDocumentQueue with size: 1000
[m[32m<TIMESTAMP>,093 [INFO ] [main] org.apache.camel.component.seda.SedaEndpoint - Endpoint seda://opencmis-copyDocumentQueue?timeout=150000 is using shared queue: seda://opencmis-copyDocumentQueue with size: 1000
[m[32m<TIMESTAMP>,094 [INFO ] [main] org.apache.camel.component.seda.SedaEndpoint - Endpoint seda://opencmis-getOrCreateFolderQueue?timeout=150000 is using shared queue: seda://opencmis-getOrCreateFolderQueue with size: 1000
[m[32m<TIMESTAMP>,095 [INFO ] [main] org.apache.camel.component.seda.SedaEndpoint - Endpoint seda://opencmis-getObjectByIdQueue?timeout=150000 is using shared queue: seda://opencmis-getObjectByIdQueue with size: 1000
[m[32m<TIMESTAMP>,095 [INFO ] [main] org.apache.camel.component.seda.SedaEndpoint - Endpoint seda://opencmis-listFolderQueue?timeout=150000 is using shared queue: seda://opencmis-listFolderQueue with size: 1000
[m[32m<TIMESTAMP>,096 [INFO ] [main] org.apache.camel.component.seda.SedaEndpoint - Endpoint seda://opencmis-moveFolderQueue?timeout=150000 is using shared queue: seda://opencmis-moveFolderQueue with size: 1000
[m[32m<TIMESTAMP>,096 [INFO ] [main] org.apache.camel.component.seda.SedaEndpoint - Endpoint seda://opencmis-updateDocumentQueue?timeout=150000 is using shared queue: seda://opencmis-updateDocumentQueue with size: 1000
[m[32m<TIMESTAMP>,097 [INFO ] [main] org.apache.camel.component.seda.SedaEndpoint - Endpoint seda://opencmis-createFolderQueue?timeout=150000 is using shared queue: seda://opencmis-createFolderQueue with size: 1000
[m[32m<TIMESTAMP>,098 [INFO ] [main] org.apache.camel.component.seda.SedaEndpoint - Endpoint seda://opencmis-getObjectByPathQueue?timeout=150000 is using shared queue: seda://opencmis-getObjectByPathQueue with size: 1000
[m[32m<TIMESTAMP>,098 [INFO ] [main] org.apache.camel.component.seda.SedaEndpoint - Endpoint seda://opencmis-deleteFolderQueue?timeout=150000 is using shared queue: seda://opencmis-deleteFolderQueue with size: 1000
[m[32m<TIMESTAMP>,099 [INFO ] [main] org.apache.camel.component.seda.SedaEndpoint - Endpoint seda://opencmis-downloadDocumentQueue?timeout=150000 is using shared queue: seda://opencmis-downloadDocumentQueue with size: 1000
[m[32m<TIMESTAMP>,100 [INFO ] [main] org.apache.camel.impl.engine.AbstractCamelContext - Apache Camel 3.7.0 (camel-1) is starting
[m[32m<TIMESTAMP>,102 [INFO ] [main] org.apache.camel.impl.engine.AbstractCamelContext - StreamCaching is not in use. If using streams then it's recommended to enable stream caching. See more details at http://camel.apache.org/stream-caching.html
[m[32m<TIMESTAMP>,112 [INFO ] [main] org.apache.camel.impl.engine.InternalRouteStartupManager - Route: route1 started and consuming from: seda://alfresco-deleteDocumentQueue
[m[32m<TIMESTAMP>,113 [INFO ] [main] org.apache.camel.impl.engine.InternalRouteStartupManager - Route: route2 started and consuming from: seda://alfresco-getFolderQueue
[m[32m<TIMESTAMP>,114 [INFO ] [main] org.apache.camel.impl.engine.InternalRouteStartupManager - Route: route3 started and consuming from: seda://alfresco-moveDocumentQueue
[m[32m<TIMESTAMP>,114 [INFO ] [main] org.apache.camel.impl.engine.InternalRouteStartupManager - Route: route4 started and consuming from: seda://alfresco-createDocumentQueue
[m[32m<TIMESTAMP>,114 [INFO ] [main] org.apache.camel.impl.engine.InternalRouteStartupManager - Route: route5 started and consuming from: seda://alfresco-renameDocumentQueue
[m[32m<TIMESTAMP>,115 [INFO ] [main] org.apache.camel.impl.engine.InternalRouteStartupManager - Route: route6 started and consuming from: seda://alfresco-copyDocumentQueue
[m[32m<TIMESTAMP>,115 [INFO ] [main] org.apache.camel.impl.engine.InternalRouteStartupManager - Route: route7 started and consuming from: seda://alfresco-getOrCreateFolderQueue
[m[32m<TIMESTAMP>,116 [INFO ] [main] org.apache.camel.impl.engine.InternalRouteStartupManager - Route: route8 started and consuming from: seda://alfresco-getObjectByIdQueue
[m[32m<TIMESTAMP>,116 [INFO ] [main] org.apache.camel.impl.engine.InternalRouteStartupManager - Route: route9 started and consuming from: seda://alfresco-listFolderQueue
[m[32m<TIMESTAMP>,117 [INFO ] [main] org.apache.camel.impl.engine.InternalRouteStartupManager - Route: route10 started and consuming from: seda://alfresco-moveFolderQueue
[m[32m<TIMESTAMP>,117 [INFO ] [main] org.apache.camel.impl.engine.InternalRouteStartupManager - Route: route11 started and consuming from: seda://alfresco-updateDocumentQueue
[m[32m<TIMESTAMP>,117 [INFO ] [main] org.apache.camel.impl.engine.InternalRouteStartupManager - Route: route12 started and consuming from: seda://alfresco-createFolderQueue
[m[32m<TIMESTAMP>,118 [INFO ] [main] org.apache.camel.impl.engine.InternalRouteStartupManager - Route: route13 started and consuming from: seda://alfresco-getObjectByPathQueue
[m[32m<TIMESTAMP>,118 [INFO ] [main] org.apache.camel.impl.engine.InternalRouteStartupManager - Route: route14 started and consuming from: seda://alfresco-deleteFolderQueue
[m[32m<TIMESTAMP>,118 [INFO ] [main] org.apache.camel.impl.engine.InternalRouteStartupManager - Route: route15 started and consuming from: seda://alfresco-downloadDocumentQueue
[m[32m<TIMESTAMP>,119 [INFO ] [main] org.apache.camel.impl.engine.InternalRouteStartupManager - Route: route16 started and consuming from: seda://opencmis-deleteDocumentQueue
[m[32m<TIMESTAMP>,119 [INFO ] [main] org.apache.camel.impl.engine.InternalRouteStartupManager - Route: route17 started and consuming from: seda://opencmis-getFolderQueue
[m[32m<TIMESTAMP>,120 [INFO ] [main] org.apache.camel.impl.engine.InternalRouteStartupManager - Route: route18 started and consuming from: seda://opencmis-moveDocumentQueue
[m[32m<TIMESTAMP>,120 [INFO ] [main] org.apache.camel.impl.engine.InternalRouteStartupManager - Route: route19 started and consuming from: seda://opencmis-createDocumentQueue
[m[32m<TIMESTAMP>,121 [INFO ] [main] org.apache.camel.impl.engine.InternalRouteStartupManager - Route: route20 started and consuming from: seda://opencmis-renameDocumentQueue
[m[32m<TIMESTAMP>,122 [INFO ] [main] org.apache.camel.impl.engine.InternalRouteStartupManager - Route: route21 started and consuming from: seda://opencmis-copyDocumentQueue
[m[32m<TIMESTAMP>,122 [INFO ] [main] org.apache.camel.impl.engine.InternalRouteStartupManager - Route: route22 started and consuming from: seda://opencmis-getOrCreateFolderQueue
[m[32m<TIMESTAMP>,123 [INFO ] [main] org.apache.camel.impl.engine.InternalRouteStartupManager - Route: route23 started and consuming from: seda://opencmis-getObjectByIdQueue
[m[32m<TIMESTAMP>,123 [INFO ] [main] org.apache.camel.impl.engine.InternalRouteStartupManager - Route: route24 started and consuming from: seda://opencmis-listFolderQueue
[m[32m<TIMESTAMP>,123 [INFO ] [main] org.apache.camel.impl.engine.InternalRouteStartupManager - Route: route25 started and consuming from: seda://opencmis-moveFolderQueue
[m[32m<TIMESTAMP>,124 [INFO ] [main] org.apache.camel.impl.engine.InternalRouteStartupManager - Route: route26 started and consuming from: seda://opencmis-updateDocumentQueue
[m[32m<TIMESTAMP>,124 [INFO ] [main] org.apache.camel.impl.engine.InternalRouteStartupManager - Route: route27 started and consuming from: seda://opencmis-createFolderQueue
[m[32m<TIMESTAMP>,124 [INFO ] [main] org.apache.camel.impl.engine.InternalRouteStartupManager - Route: route28 started and consuming from: seda://opencmis-getObjectByPathQueue
[m[32m<TIMESTAMP>,125 [INFO ] [main] org.apache.camel.impl.engine.InternalRouteStartupManager - Route: route29 started and consuming from: seda://opencmis-deleteFolderQueue
[m[32m<TIMESTAMP>,125 [INFO ] [main] org.apache.camel.impl.engine.InternalRouteStartupManager - Route: route30 started and consuming from: seda://opencmis-downloadDocumentQueue
[m[32m<TIMESTAMP>,125 [INFO ] [main] org.apache.camel.impl.engine.AbstractCamelContext - Total 30 routes, of which 30 are started
[m[32m<TIMESTAMP>,125 [INFO ] [main] org.apache.camel.impl.engine.AbstractCamelContext - Apache Camel 3.7.0 (camel-1) started in 25ms
[m[36m<TIMESTAMP>,128 [DEBUG] [main] com.armedia.acm.camelcontext.context.CamelContextManager - Number of camel routes=30
[m[36m<TIMESTAMP>,128 [DEBUG] [main] com.armedia.acm.camelcontext.context.CamelContextManager - Camel route id=route1, description=null, endpointURI=seda://alfresco-deleteDocumentQueue?timeout=150000
[m[36m<TIMESTAMP>,128 [DEBUG] [main] com.armedia.acm.camelcontext.context.CamelContextManager - Camel route id=route2, description=null, endpointURI=seda://alfresco-getFolderQueue?timeout=150000
[m[36m<TIMESTAMP>,128 [DEBUG] [main] com.armedia.acm.camelcontext.context.CamelContextManager - Camel route id=route3, description=null, endpointURI=seda://alfresco-moveDocumentQueue?timeout=150000
[m[36m<TIMESTAMP>,128 [DEBUG] [main] com.armedia.acm.camelcontext.context.CamelContextManager - Camel route id=route4, description=null, endpointURI=seda://alfresco-createDocumentQueue?timeout=150000
[m[36m<TIMESTAMP>,128 [DEBUG] [main] com.armedia.acm.camelcontext.context.CamelContextManager - Camel route id=route5, description=null, endpointURI=seda://alfresco-renameDocumentQueue?timeout=150000
[m[36m<TIMESTAMP>,128 [DEBUG] [main] com.armedia.acm.camelcontext.context.CamelContextManager - Camel route id=route6, description=null, endpointURI=seda://alfresco-copyDocumentQueue?timeout=150000
[m[36m<TIMESTAMP>,128 [DEBUG] [main] com.armedia.acm.camelcontext.context.CamelContextManager - Camel route id=route7, description=null, endpointURI=seda://alfresco-getOrCreateFolderQueue?timeout=150000
[m[36m<TIMESTAMP>,128 [DEBUG] [main] com.armedia.acm.camelcontext.context.CamelContextManager - Camel route id=route8, description=null, endpointURI=seda://alfresco-getObjectByIdQueue?timeout=150000
[m[36m<TIMESTAMP>,128 [DEBUG] [main] com.armedia.acm.camelcontext.context.CamelContextManager - Camel route id=route9, description=null, endpointURI=seda://alfresco-listFolderQueue?timeout=150000
[m[36m<TIMESTAMP>,128 [DEBUG] [main] com.armedia.acm.camelcontext.context.CamelContextManager - Camel route id=route10, description=null, endpointURI=seda://alfresco-moveFolderQueue?timeout=150000
[m[36m<TIMESTAMP>,128 [DEBUG] [main] com.armedia.acm.camelcontext.context.CamelContextManager - Camel route id=route11, description=null, endpointURI=seda://alfresco-updateDocumentQueue?timeout=150000
[m[36m<TIMESTAMP>,128 [DEBUG] [main] com.armedia.acm.camelcontext.context.CamelContextManager - Camel route id=route12, description=null, endpointURI=seda://alfresco-createFolderQueue?timeout=150000
[m[36m<TIMESTAMP>,128 [DEBUG] [main] com.armedia.acm.camelcontext.context.CamelContextManager - Camel route id=route13, description=null, endpointURI=seda://alfresco-getObjectByPathQueue?timeout=150000
[m[36m<TIMESTAMP>,128 [DEBUG] [main] com.armedia.acm.camelcontext.context.CamelContextManager - Camel route id=route14, description=null, endpointURI=seda://alfresco-deleteFolderQueue?timeout=150000
[m[36m<TIMESTAMP>,128 [DEBUG] [main] com.armedia.acm.camelcontext.context.CamelContextManager - Camel route id=route15, description=null, endpointURI=seda://alfresco-downloadDocumentQueue?timeout=150000
[m[36m<TIMESTAMP>,128 [DEBUG] [main] com.armedia.acm.camelcontext.context.CamelContextManager - Camel route id=route16, description=null, endpointURI=seda://opencmis-deleteDocumentQueue?timeout=150000
[m[36m<TIMESTAMP>,128 [DEBUG] [main] com.armedia.acm.camelcontext.context.CamelContextManager - Camel route id=route17, description=null, endpointURI=seda://opencmis-getFolderQueue?timeout=150000
[m[36m<TIMESTAMP>,128 [DEBUG] [main] com.armedia.acm.camelcontext.context.CamelContextManager - Camel route id=route18, description=null, endpointURI=seda://opencmis-moveDocumentQueue?timeout=150000
[m[36m<TIMESTAMP>,128 [DEBUG] [main] com.armedia.acm.camelcontext.context.CamelContextManager - Camel route id=route19, description=null, endpointURI=seda://opencmis-createDocumentQueue?timeout=150000
[m[36m<TIMESTAMP>,128 [DEBUG] [main] com.armedia.acm.camelcontext.context.CamelContextManager - Camel route id=route20, description=null, endpointURI=seda://opencmis-renameDocumentQueue?timeout=150000
[m[36m<TIMESTAMP>,129 [DEBUG] [main] com.armedia.acm.camelcontext.context.CamelContextManager - Camel route id=route21, description=null, endpointURI=seda://opencmis-copyDocumentQueue?timeout=150000
[m[36m<TIMESTAMP>,129 [DEBUG] [main] com.armedia.acm.camelcontext.context.CamelContextManager - Camel route id=route22, description=null, endpointURI=seda://opencmis-getOrCreateFolderQueue?timeout=150000
[m[36m<TIMESTAMP>,129 [DEBUG] [main] com.armedia.acm.camelcontext.context.CamelContextManager - Camel route id=route23, description=null, endpointURI=seda://opencmis-getObjectByIdQueue?timeout=150000
[m[36m<TIMESTAMP>,129 [DEBUG] [main] com.armedia.acm.camelcontext.context.CamelContextManager - Camel route id=route24, description=null, endpointURI=seda://opencmis-listFolderQueue?timeout=150000
[m[36m<TIMESTAMP>,129 [DEBUG] [main] com.armedia.acm.camelcontext.context.CamelContextManager - Camel route id=route25, description=null, endpointURI=seda://opencmis-moveFolderQueue?timeout=150000
[m[36m<TIMESTAMP>,129 [DEBUG] [main] com.armedia.acm.camelcontext.context.CamelContextManager - Camel route id=route26, description=null, endpointURI=seda://opencmis-updateDocumentQueue?timeout=150000
[m[36m<TIMESTAMP>,129 [DEBUG] [main] com.armedia.acm.camelcontext.context.CamelContextManager - Camel route id=route27, description=null, endpointURI=seda://opencmis-createFolderQueue?timeout=150000
[m[36m<TIMESTAMP>,129 [DEBUG] [main] com.armedia.acm.camelcontext.context.CamelContextManager - Camel route id=route28, description=null, endpointURI=seda://opencmis-getObjectByPathQueue?timeout=150000
[m[36m<TIMESTAMP>,129 [DEBUG] [main] com.armedia.acm.camelcontext.context.CamelContextManager - Camel route id=route29, description=null, endpointURI=seda://opencmis-deleteFolderQueue?timeout=150000
[m[36m<TIMESTAMP>,129 [DEBUG] [main] com.armedia.acm.camelcontext.context.CamelContextManager - Camel route id=route30, description=null, endpointURI=seda://opencmis-downloadDocumentQueue?timeout=150000
[m[36m<TIMESTAMP>,129 [DEBUG] [main] com.armedia.acm.camelcontext.context.CamelContextManager - Camel context successfully started.
[m[36m<TIMESTAMP>,322 [DEBUG] [main] com.armedia.acm.services.participants.service.ParticipantsBusinessRule - Getting rules from rules/drools-participant-assignment-rules.xlsx
[m[36m<TIMESTAMP>,277 [DEBUG] [main] com.armedia.acm.services.participants.service.ParticipantsBusinessRule - Updated business rules from file 'drools-participant-assignment-rules.xlsx'
[m08-Aug-2026 05:00:01.490 INFO [main] org.hibernate.validator.internal.util.Version.<clinit> HV000001: Hibernate Validator 5.1.1.Final
[32m<TIMESTAMP>,642 [INFO ] [main] org.eclipse.persistence.logging.default - <TIMESTAMP>--ServerSession(1676886017)--Thread(Thread[main,5,main])--EclipseLink, version: Eclipse Persistence Services - 2.6.0.v20150309-bf26070
[m[32m<TIMESTAMP>,652 [INFO ] [main] org.eclipse.persistence.logging.connection - <TIMESTAMP>--ServerSession(1676886017)--Connection(570913494)--Thread(Thread[main,5,main])--connecting(DatabaseLogin(
	platform=>MySQLPlatform
	user name=> ""
	connector=>JNDIConnector datasource name=>null
))
[m[32m<TIMESTAMP>,824 [INFO ] [main] org.eclipse.persistence.logging.connection - <TIMESTAMP>--ServerSession(1676886017)--Connection(945754791)--Thread(Thread[main,5,main])--Connected: jdbc:mysql://127.0.0.1:53307/arkcase?autoReconnect=true&useUnicode=true&characterEncoding=UTF-8&useSsl=false
	User: arkcase
	Database: MySQL  Version: 10.11.18-MariaDB-ubu2204
	Driver: MariaDB connector/J  Version: 2.2.6
[m[32m<TIMESTAMP>,824 [INFO ] [main] org.eclipse.persistence.logging.connection - <TIMESTAMP>--ServerSession(1676886017)--Connection(849345787)--Thread(Thread[main,5,main])--connecting(DatabaseLogin(
	platform=>MySQLPlatform
	user name=> ""
	connector=>JNDIConnector datasource name=>null
))
[m[32m<TIMESTAMP>,825 [INFO ] [main] org.eclipse.persistence.logging.connection - <TIMESTAMP>--ServerSession(1676886017)--Connection(1300622862)--Thread(Thread[main,5,main])--Connected: jdbc:mysql://127.0.0.1:53307/arkcase?autoReconnect=true&useUnicode=true&characterEncoding=UTF-8&useSsl=false
	User: arkcase
	Database: MySQL  Version: 10.11.18-MariaDB-ubu2204
	Driver: MariaDB connector/J  Version: 2.2.6
[m[32m<TIMESTAMP>,830 [INFO ] [main] org.eclipse.persistence.logging.connection - <TIMESTAMP>--ServerSession(1676886017)--Connection(405080131)--Thread(Thread[main,5,main])--connecting(DatabaseLogin(
	platform=>MySQLPlatform
	user name=> ""
	connector=>JNDIConnector datasource name=>null
))
[m[32m<TIMESTAMP>,831 [INFO ] [main] org.eclipse.persistence.logging.connection - <TIMESTAMP>--ServerSession(1676886017)--Connection(259114541)--Thread(Thread[main,5,main])--Connected: jdbc:mysql://127.0.0.1:53307/arkcase?autoReconnect=true&useUnicode=true&characterEncoding=UTF-8&useSsl=false
	User: arkcase
	Database: MySQL  Version: 10.11.18-MariaDB-ubu2204
	Driver: MariaDB connector/J  Version: 2.2.6
[m[33m<TIMESTAMP>,839 [WARN ] [main] org.eclipse.persistence.logging.metadata - <TIMESTAMP>--ServerSession(1676886017)--Thread(Thread[main,5,main])--Reverting the lazy setting on the OneToOne or ManyToOne attribute [identifier] for the entity class [class com.armedia.acm.services.users.model.AcmUser] since weaving was not enabled or did not occur.
[m[33m<TIMESTAMP>,841 [WARN ] [main] org.eclipse.persistence.logging.metadata - <TIMESTAMP>--ServerSession(1676886017)--Thread(Thread[main,5,main])--Reverting the lazy setting on the OneToOne or ManyToOne attribute [organization] for the entity class [class com.armedia.acm.plugins.profile.model.UserOrg] since weaving was not enabled or did not occur.
[m[33m<TIMESTAMP>,841 [WARN ] [main] org.eclipse.persistence.logging.metadata - <TIMESTAMP>--ServerSession(1676886017)--Thread(Thread[main,5,main])--Reverting the lazy setting on the OneToOne or ManyToOne attribute [user] for the entity class [class com.armedia.acm.plugins.profile.model.UserOrg] since weaving was not enabled or did not occur.
[m[33m<TIMESTAMP>,842 [WARN ] [main] org.eclipse.persistence.logging.metadata - <TIMESTAMP>--ServerSession(1676886017)--Thread(Thread[main,5,main])--Reverting the lazy setting on the OneToOne or ManyToOne attribute [dashboardOwner] for the entity class [class com.armedia.acm.plugins.dashboard.model.Dashboard] since weaving was not enabled or did not occur.
[m[33m<TIMESTAMP>,843 [WARN ] [main] org.eclipse.persistence.logging.metadata - <TIMESTAMP>--ServerSession(1676886017)--Thread(Thread[main,5,main])--Reverting the lazy setting on the OneToOne or ManyToOne attribute [identifier] for the entity class [class com.armedia.acm.services.users.model.group.AcmGroup] since weaving was not enabled or did not occur.
[m[33m<TIMESTAMP>,845 [WARN ] [main] org.eclipse.persistence.logging.metadata - <TIMESTAMP>--ServerSession(1676886017)--Thread(Thread[main,5,main])--Reverting the lazy setting on the OneToOne or ManyToOne attribute [organization] for the entity class [class com.armedia.acm.plugins.person.model.OrganizationDBA] since weaving was not enabled or did not occur.
[m[33m<TIMESTAMP>,846 [WARN ] [main] org.eclipse.persistence.logging.metadata - <TIMESTAMP>--ServerSession(1676886017)--Thread(Thread[main,5,main])--Reverting the lazy setting on the OneToOne or ManyToOne attribute [person] for the entity class [class com.armedia.acm.plugins.person.model.PersonAlias] since weaving was not enabled or did not occur.
[m[32m<TIMESTAMP>,031 [INFO ] [main] org.eclipse.persistence.logging.connection - <TIMESTAMP>--ServerSession(1676886017)--Thread(Thread[main,5,main])--/file:/tmp/blitzy/ArkCase/blitzy-<UUID>-w-053_196589/.blitzy-scratch/rt/base8/tomcat/webapps/arkcase/WEB-INF/lib/acm-service-ms-outlook-integration-2021.03.jar_default login successful
[m[36m<TIMESTAMP>,272 [DEBUG] [main] com.armedia.acm.services.dataaccess.service.impl.AccessControlRuleCheckerImpl - Creating access control rules from [/tmp/blitzy/ArkCase/blitzy-<UUID>-w-053_196589/.blitzy-scratch/rt/base8/home/.arkcase/acm/accessControlRules.json]
[m[32m<TIMESTAMP>,500 [INFO ] [main] org.reflections.Reflections - Reflections took 123 ms to scan 128 urls, producing 502 keys and 3225 values 
[m[36m<TIMESTAMP>,512 [DEBUG] [main] com.armedia.acm.services.dataaccess.service.impl.ArkPermissionEvaluator - Found assigned object [Complaint]
[m[36m<TIMESTAMP>,513 [DEBUG] [main] com.armedia.acm.services.dataaccess.service.impl.ArkPermissionEvaluator - Found assigned object [InitiatorOrganization]
[m[36m<TIMESTAMP>,513 [DEBUG] [main] com.armedia.acm.services.dataaccess.service.impl.ArkPermissionEvaluator - Found assigned object [BusinessProcess]
[m[36m<TIMESTAMP>,513 [DEBUG] [main] com.armedia.acm.services.dataaccess.service.impl.ArkPermissionEvaluator - Found assigned object [Person]
[m[36m<TIMESTAMP>,513 [DEBUG] [main] com.armedia.acm.services.dataaccess.service.impl.ArkPermissionEvaluator - Found assigned object [PeoplePerson]
[m[36m<TIMESTAMP>,513 [DEBUG] [main] com.armedia.acm.services.dataaccess.service.impl.ArkPermissionEvaluator - Found assigned object [GeneralOrganization]
[m[36m<TIMESTAMP>,514 [DEBUG] [main] com.armedia.acm.services.dataaccess.service.impl.ArkPermissionEvaluator - Found assigned object [DocumentRepository]
[m[36m<TIMESTAMP>,514 [DEBUG] [main] com.armedia.acm.services.dataaccess.service.impl.ArkPermissionEvaluator - Found assigned object [AcmTask]
[m[36m<TIMESTAMP>,514 [DEBUG] [main] com.armedia.acm.services.dataaccess.service.impl.ArkPermissionEvaluator - Found assigned object [EcmFile]
[m[36m<TIMESTAMP>,514 [DEBUG] [main] com.armedia.acm.services.dataaccess.service.impl.ArkPermissionEvaluator - Found assigned object [PeopleOrganization]
[m[36m<TIMESTAMP>,514 [DEBUG] [main] com.armedia.acm.services.dataaccess.service.impl.ArkPermissionEvaluator - Found assigned object [Organization]
[m[36m<TIMESTAMP>,514 [DEBUG] [main] com.armedia.acm.services.dataaccess.service.impl.ArkPermissionEvaluator - Found assigned object [AcmFolder]
[m[36m<TIMESTAMP>,514 [DEBUG] [main] com.armedia.acm.services.dataaccess.service.impl.ArkPermissionEvaluator - Found assigned object [AcmCostsheet]
[m[36m<TIMESTAMP>,514 [DEBUG] [main] com.armedia.acm.services.dataaccess.service.impl.ArkPermissionEvaluator - Found assigned object [Consultation]
[m[36m<TIMESTAMP>,514 [DEBUG] [main] com.armedia.acm.services.dataaccess.service.impl.ArkPermissionEvaluator - Found assigned object [InitiatorPerson]
[m[36m<TIMESTAMP>,514 [DEBUG] [main] com.armedia.acm.services.dataaccess.service.impl.ArkPermissionEvaluator - Found assigned object [DefendantPerson]
[m[36m<TIMESTAMP>,514 [DEBUG] [main] com.armedia.acm.services.dataaccess.service.impl.ArkPermissionEvaluator - Found assigned object [CaseFile]
[m[36m<TIMESTAMP>,501 [DEBUG] [main] com.armedia.acm.spring.SpringContextHolder - Looking for beans of type: com.armedia.acm.quartz.scheduler.AcmJobDescriptor
[m[36m<TIMESTAMP>,036 [DEBUG] [main] com.armedia.acm.services.dataaccess.service.impl.AcmAssignedObjectBusinessRule - Getting rules from rules/drools-assignment-rules.xlsx
[m[36m<TIMESTAMP>,484 [DEBUG] [main] com.armedia.acm.services.dataaccess.service.impl.AcmAssignedObjectBusinessRule - Updated business rules from file 'drools-assignment-rules.xlsx'
[m[36m<TIMESTAMP>,492 [DEBUG] [main] com.armedia.acm.services.dataaccess.service.impl.AcmAssignedObjectBusinessRule - Getting rules from rules/drools-access-control-rules.xlsx
[m[36m<TIMESTAMP>,930 [DEBUG] [main] com.armedia.acm.services.dataaccess.service.impl.AcmAssignedObjectBusinessRule - Updated business rules from file 'drools-access-control-rules.xlsx'
[m[32m<TIMESTAMP>,719 [INFO ] [main] liquibase - Successfully acquired change log lock
[m[33m<TIMESTAMP>,237 [WARN ] [main] liquibase - included file classpath:/ddl/acm-database-changelog.xml//com/armedia/acm/ddl/tables/addressable is not a recognized file type
[m[33m<TIMESTAMP>,258 [WARN ] [main] liquibase - included file classpath:/ddl/acm-database-changelog.xml//com/armedia/acm/ddl/tables/category is not a recognized file type
[m[33m<TIMESTAMP>,266 [WARN ] [main] liquibase - included file classpath:/ddl/acm-database-changelog.xml//com/armedia/acm/ddl/tables/complaint is not a recognized file type
[m[33m<TIMESTAMP>,280 [WARN ] [main] liquibase - included file classpath:/ddl/acm-database-changelog.xml//com/armedia/acm/ddl/tables/dashboard is not a recognized file type
[m[33m<TIMESTAMP>,293 [WARN ] [main] liquibase - included file classpath:/ddl/acm-database-changelog.xml//com/armedia/acm/ddl/tables/object-association is not a recognized file type
[m[33m<TIMESTAMP>,299 [WARN ] [main] liquibase - included file classpath:/ddl/acm-database-changelog.xml//com/armedia/acm/ddl/tables/common is not a recognized file type
[m[33m<TIMESTAMP>,299 [WARN ] [main] liquibase - included file classpath:/ddl/acm-database-changelog.xml//com/armedia/acm/ddl/tables/organization is not a recognized file type
[m[33m<TIMESTAMP>,306 [WARN ] [main] liquibase - included file classpath:/ddl/acm-database-changelog.xml//com/armedia/acm/ddl/tables/person is not a recognized file type
[m[33m<TIMESTAMP>,325 [WARN ] [main] liquibase - included file classpath:/ddl/acm-database-changelog.xml//com/armedia/acm/ddl/tables/profile is not a recognized file type
[m[33m<TIMESTAMP>,331 [WARN ] [main] liquibase - included file classpath:/ddl/acm-database-changelog.xml//com/armedia/acm/ddl/tables/audit is not a recognized file type
[m[33m<TIMESTAMP>,336 [WARN ] [main] liquibase - included file classpath:/ddl/acm-database-changelog.xml//com/armedia/acm/ddl/tables/authenticationtoken is not a recognized file type
[m[33m<TIMESTAMP>,342 [WARN ] [main] liquibase - included file classpath:/ddl/acm-database-changelog.xml//com/armedia/acm/ddl/tables/billing is not a recognized file type
[m[33m<TIMESTAMP>,354 [WARN ] [main] liquibase - included file classpath:/ddl/acm-database-changelog.xml//com/armedia/acm/ddl/tables/correspondence is not a recognized file type
[m[33m<TIMESTAMP>,369 [WARN ] [main] liquibase - included file classpath:/ddl/acm-database-changelog.xml//com/armedia/acm/ddl/tables/file is not a recognized file type
[m[33m<TIMESTAMP>,378 [WARN ] [main] liquibase - included file classpath:/ddl/acm-database-changelog.xml//com/armedia/acm/ddl/tables/signature is not a recognized file type
[m[33m<TIMESTAMP>,384 [WARN ] [main] liquibase - included file classpath:/ddl/acm-database-changelog.xml//com/armedia/acm/ddl/tables/exemption is not a recognized file type
[m[33m<TIMESTAMP>,418 [WARN ] [main] liquibase - included file classpath:/ddl/acm-database-changelog.xml//com/armedia/acm/ddl/tables/form is not a recognized file type
[m[33m<TIMESTAMP>,430 [WARN ] [main] liquibase - included file classpath:/ddl/acm-database-changelog.xml//com/armedia/acm/ddl/tables/outlook is not a recognized file type
[m[33m<TIMESTAMP>,434 [WARN ] [main] liquibase - included file classpath:/ddl/acm-database-changelog.xml//com/armedia/acm/ddl/tables/note is not a recognized file type
[m[33m<TIMESTAMP>,439 [WARN ] [main] liquibase - included file classpath:/ddl/acm-database-changelog.xml//com/armedia/acm/ddl/tables/notification is not a recognized file type
[m[33m<TIMESTAMP>,463 [WARN ] [main] liquibase - included file classpath:/ddl/acm-database-changelog.xml//com/armedia/acm/ddl/tables/search is not a recognized file type
[m[33m<TIMESTAMP>,467 [WARN ] [main] liquibase - included file classpath:/ddl/acm-database-changelog.xml//com/armedia/acm/ddl/tables/sequence is not a recognized file type
[m[33m<TIMESTAMP>,473 [WARN ] [main] liquibase - included file classpath:/ddl/acm-database-changelog.xml//com/armedia/acm/ddl/tables/subscription is not a recognized file type
[m[33m<TIMESTAMP>,478 [WARN ] [main] liquibase - included file classpath:/ddl/acm-database-changelog.xml//com/armedia/acm/ddl/tables/tag is not a recognized file type
[m[33m<TIMESTAMP>,618 [WARN ] [main] liquibase - included file classpath:/ddl/acm-database-changelog.xml//com/armedia/acm/ddl/constraints/complaint is not a recognized file type
[m[33m<TIMESTAMP>,627 [WARN ] [main] liquibase - included file classpath:/ddl/acm-database-changelog.xml//com/armedia/acm/ddl/constraints/dashboard is not a recognized file type
[m[33m<TIMESTAMP>,638 [WARN ] [main] liquibase - included file classpath:/ddl/acm-database-changelog.xml//com/armedia/acm/ddl/constraints/common is not a recognized file type
[m[33m<TIMESTAMP>,638 [WARN ] [main] liquibase - included file classpath:/ddl/acm-database-changelog.xml//com/armedia/acm/ddl/constraints/organization is not a recognized file type
[m[33m<TIMESTAMP>,655 [WARN ] [main] liquibase - included file classpath:/ddl/acm-database-changelog.xml//com/armedia/acm/ddl/constraints/person is not a recognized file type
[m[33m<TIMESTAMP>,688 [WARN ] [main] liquibase - included file classpath:/ddl/acm-database-changelog.xml//com/armedia/acm/ddl/constraints/profile is not a recognized file type
[m[33m<TIMESTAMP>,700 [WARN ] [main] liquibase - included file classpath:/ddl/acm-database-changelog.xml//com/armedia/acm/ddl/constraints/audit is not a recognized file type
[m[33m<TIMESTAMP>,708 [WARN ] [main] liquibase - included file classpath:/ddl/acm-database-changelog.xml//com/armedia/acm/ddl/constraints/correspondence is not a recognized file type
[m[33m<TIMESTAMP>,730 [WARN ] [main] liquibase - included file classpath:/ddl/acm-database-changelog.xml//com/armedia/acm/ddl/constraints/search is not a recognized file type
[m[33m<TIMESTAMP>,734 [WARN ] [main] liquibase - included file classpath:/ddl/acm-database-changelog.xml//com/armedia/acm/ddl/constraints/tag is not a recognized file type
[m[33m<TIMESTAMP>,873 [WARN ] [main] liquibase - included file classpath:/ddl/acm-database-changelog.xml//com/armedia/acm/ddl/packageSpecs/object-association is not a recognized file type
[m[33m<TIMESTAMP>,038 [WARN ] [main] liquibase - included file classpath:/ddl/acm-database-changelog.xml//com/armedia/acm/ddl/packageBodies/object-association is not a recognized file type
[m[33m<TIMESTAMP>,226 [WARN ] [main] liquibase - included file classpath:/ddl/acm-database-changelog.xml//com/armedia/acm/ddl/triggers/addressable is not a recognized file type
[m[33m<TIMESTAMP>,231 [WARN ] [main] liquibase - included file classpath:/ddl/acm-database-changelog.xml//com/armedia/acm/ddl/triggers/complaint is not a recognized file type
[m[33m<TIMESTAMP>,260 [WARN ] [main] liquibase - included file classpath:/ddl/acm-database-changelog.xml//com/armedia/acm/ddl/triggers/person is not a recognized file type
[m[33m<TIMESTAMP>,265 [WARN ] [main] liquibase - included file classpath:/ddl/acm-database-changelog.xml//com/armedia/acm/ddl/triggers/file is not a recognized file type
[m[33m<TIMESTAMP>,728 [WARN ] [main] liquibase - included file classpath:/ddl/acm-database-changelog.xml//com/armedia/acm/ddl/drops/complaint is not a recognized file type
[m[33m<TIMESTAMP>,738 [WARN ] [main] liquibase - included file classpath:/ddl/acm-database-changelog.xml//com/armedia/acm/ddl/drops/authenticationtoken is not a recognized file type
[m[33m<TIMESTAMP>,135 [WARN ] [main] liquibase - included file classpath:/ddl/acm-database-changelog.xml//com/armedia/acm/dml/update is not a recognized file type
[m[32m<TIMESTAMP>,167 [INFO ] [main] liquibase - Reading from arkcase.DATABASECHANGELOG
[m[32m<TIMESTAMP>,183 [INFO ] [main] liquibase - Reading from arkcase.DATABASECHANGELOG
[m[32m<TIMESTAMP>,329 [INFO ] [main] liquibase - Reading from arkcase.DATABASECHANGELOG
[m[32m<TIMESTAMP>,345 [INFO ] [main] liquibase - classpath:/ddl/acm-database-changelog.xml: /com/armedia/acm/dml/update/file-db-update-1.0.xml::files-09-rename-acm-container-folder::dmiller: Reading from arkcase.DATABASECHANGELOG
[m[32m<TIMESTAMP>,356 [INFO ] [main] liquibase - classpath:/ddl/acm-database-changelog.xml: /com/armedia/acm/dml/update/file-db-update-1.0.xml::files-09-rename-acm-container-folder::dmiller: Change set /com/armedia/acm/dml/update/file-db-update-1.0.xml::files-09-rename-acm-container-folder::dmiller failed, but failOnError was false.  Error: Error executing SQL ALTER TABLE arkcase.acm_container_folder RENAME arkcase.acm_container: (conn=13512) Table 'arkcase.acm_container_folder' doesn't exist
[m[32m<TIMESTAMP>,357 [INFO ] [main] liquibase - classpath:/ddl/acm-database-changelog.xml: /com/armedia/acm/dml/update/file-db-update-1.0.xml::files-09-rename-acm-container-folder::dmiller: Reading from arkcase.DATABASECHANGELOG
[m[32m<TIMESTAMP>,364 [INFO ] [main] liquibase - classpath:/ddl/acm-database-changelog.xml: /com/armedia/acm/dml/update/file-db-update-1.0.xml::files-23-unique-key-on-file-and-folder::dmiller: Reading from arkcase.DATABASECHANGELOG
[m[32m<TIMESTAMP>,372 [INFO ] [main] liquibase - classpath:/ddl/acm-database-changelog.xml: /com/armedia/acm/dml/update/file-db-update-1.0.xml::files-23-unique-key-on-file-and-folder::dmiller: Change set /com/armedia/acm/dml/update/file-db-update-1.0.xml::files-23-unique-key-on-file-and-folder::dmiller failed, but failOnError was false.  Error: Error executing SQL ALTER TABLE arkcase.acm_file DROP KEY uk_version_series_id: (conn=13512) Can't DROP INDEX `uk_version_series_id`; check that it exists
[m[32m<TIMESTAMP>,372 [INFO ] [main] liquibase - classpath:/ddl/acm-database-changelog.xml: /com/armedia/acm/dml/update/file-db-update-1.0.xml::files-23-unique-key-on-file-and-folder::dmiller: Reading from arkcase.DATABASECHANGELOG
[m[32m<TIMESTAMP>,381 [INFO ] [main] liquibase - Successfully released change log lock
[m[36m<TIMESTAMP>,002 [DEBUG] [main] com.armedia.acm.activiti.services.ActivitiTaskScheduler - Application has started - now accepting tasks.
[m[32m<TIMESTAMP>,002 [INFO ] [main] com.armedia.acm.activiti.services.ActivitiTaskScheduler - Initializing ExecutorService 'activitiTaskScheduler'
[m[32m<TIMESTAMP>,635 [INFO ] [main] org.activiti.engine.impl.ProcessEngineImpl - ProcessEngine default created
[m[32m<TIMESTAMP>,638 [INFO ] [main] org.activiti.engine.impl.jobexecutor.JobExecutor - Starting up the JobExecutor[org.activiti.spring.SpringJobExecutor].
[m[32m<TIMESTAMP>,639 [INFO ] [Thread-125] org.activiti.engine.impl.jobexecutor.AcquireJobsRunnable - JobExecutor[org.activiti.spring.SpringJobExecutor] starting to acquire jobs
[m[36m<TIMESTAMP>,184 [DEBUG] [main] com.armedia.acm.audit.listeners.AuditWriter - SpEL expression ['File ' + source.fileName + source.fileActiveVersionNameExtension + ' added.'] for event type [com.armedia.acm.ecm.file.added] added 
[m[36m<TIMESTAMP>,184 [DEBUG] [main] com.armedia.acm.audit.listeners.AuditWriter - SpEL expression ['File ' + source.fileName + source.fileActiveVersionNameExtension + ' downloaded.'] for event type [com.armedia.acm.ecm.file.downloaded] added 
[m[36m<TIMESTAMP>,184 [DEBUG] [main] com.armedia.acm.audit.listeners.AuditWriter - SpEL expression ['Folder ' + source.name + ' downloaded.'] for event type [com.armedia.acm.ecm.folder.downloaded] added 
[m[36m<TIMESTAMP>,184 [DEBUG] [main] com.armedia.acm.audit.listeners.AuditWriter - SpEL expression ['File ' + source.fileName + source.fileActiveVersionNameExtension + ' updated'] for event type [com.armedia.acm.ecm.file.updated] added 
[m[36m<TIMESTAMP>,184 [DEBUG] [main] com.armedia.acm.audit.listeners.AuditWriter - SpEL expression [ source?.fileNames?.toString() + ' to ' + source?.emailAddresses?.toString() ] for event type [com.armedia.acm.smtp.event.sent.hyperlink] added 
[m[36m<TIMESTAMP>,184 [DEBUG] [main] com.armedia.acm.audit.listeners.AuditWriter - SpEL expression [' from ' + '[' + source + ']'] for event type [com.armedia.acm.smtp.event.received] added 
[m[36m<TIMESTAMP>,184 [DEBUG] [main] com.armedia.acm.audit.listeners.AuditWriter - SpEL expression [' to ' + '[' + source + ']'] for event type [com.armedia.acm.smtp.event.mail.sent] added 
[m[36m<TIMESTAMP>,184 [DEBUG] [main] com.armedia.acm.audit.listeners.AuditWriter - SpEL expression ['[' + source?.fileName + source?.fileActiveVersionNameExtension + ']' + ' to ' + '[' + source?.mailAddress + ']'] for event type [com.armedia.acm.smtp.event.sent] added 
[m[36m<TIMESTAMP>,915 [DEBUG] [main] com.armedia.acm.spring.SpringContextHolder - Looking for beans of type: com.armedia.acm.services.mediaengine.service.MediaEngineService
[m[36m<TIMESTAMP>,898 [DEBUG] [main] com.armedia.acm.spring.SpringContextHolder - Looking for beans of type: com.armedia.acm.service.objectlock.service.ObjectLockingProvider
[m[36m<TIMESTAMP>,062 [DEBUG] [main] com.armedia.acm.spring.SpringContextHolder - Returning 5 beans of type com.armedia.acm.service.objectlock.service.ObjectLockingProvider
[m[36m<TIMESTAMP>,720 [DEBUG] [main] com.armedia.acm.spring.SpringContextHolder - Returning 3 beans of type com.armedia.acm.services.mediaengine.service.MediaEngineService
[m[32m<TIMESTAMP>,854 [INFO ] [main] org.springframework.scheduling.concurrent.ThreadPoolTaskScheduler - Initializing ExecutorService 'taskScheduler'
[m[36m<TIMESTAMP>,932 [DEBUG] [main] com.armedia.acm.plugins.task.service.impl.TaskBusinessRule - Getting rules from rules/drools-task-rules.xlsx
[m[36m<TIMESTAMP>,112 [DEBUG] [main] com.armedia.acm.plugins.task.service.impl.TaskBusinessRule - Updated business rules from file 'drools-task-rules.xlsx'
[m[36m<TIMESTAMP>,792 [DEBUG] [main] com.armedia.acm.spring.SpringContextHolder - Returning 18 beans of type com.armedia.acm.quartz.scheduler.AcmJobDescriptor
[m[32m<TIMESTAMP>,796 [INFO ] [main] com.armedia.acm.quartz.scheduler.AcmJobFactory - Job [deleteExpiredUrlsJob] will be added to the scheduler if not scheduled already.
[m[32m<TIMESTAMP>,953 [INFO ] [main] com.armedia.acm.quartz.scheduler.AcmJobFactory - Job [subscriptionEventBatchInsertJob] will be added to the scheduler if not scheduled already.
[m[32m<TIMESTAMP>,954 [INFO ] [main] com.armedia.acm.quartz.scheduler.AcmJobFactory - Job [purgeAuditJob] will be added to the scheduler if not scheduled already.
[m[32m<TIMESTAMP>,954 [INFO ] [main] com.armedia.acm.quartz.scheduler.AcmJobFactory - Job [cleanHistoryJob] will be added to the scheduler if not scheduled already.
[m[32m<TIMESTAMP>,955 [INFO ] [main] com.armedia.acm.quartz.scheduler.AcmJobFactory - Job [phoneHomeStateOfArkCaseJob] will be added to the scheduler if not scheduled already.
[m[32m<TIMESTAMP>,955 [INFO ] [main] com.armedia.acm.quartz.scheduler.AcmJobFactory - Job [purgeCalendarJob] will be added to the scheduler if not scheduled already.
[m[32m<TIMESTAMP>,956 [INFO ] [main] com.armedia.acm.quartz.scheduler.AcmJobFactory - Job [releaseExpiredLocksJob] will be added to the scheduler if not scheduled already.
[m[32m<TIMESTAMP>,956 [INFO ] [main] com.armedia.acm.quartz.scheduler.AcmJobFactory - Job [transcribeQueueJob] will be added to the scheduler if not scheduled already.
[m[32m<TIMESTAMP>,956 [INFO ] [main] com.armedia.acm.quartz.scheduler.AcmJobFactory - Job [ocrQueueJob] will be added to the scheduler if not scheduled already.
[m[32m<TIMESTAMP>,957 [INFO ] [main] com.armedia.acm.quartz.scheduler.AcmJobFactory - Job [alfrescoSyncScheduledJob] will be added to the scheduler if not scheduled already.
[m[32m<TIMESTAMP>,957 [INFO ] [main] com.armedia.acm.quartz.scheduler.AcmJobFactory - Job [dataAccessPolicyUpdateJob] will be added to the scheduler if not scheduled already.
[m[32m<TIMESTAMP>,957 [INFO ] [main] com.armedia.acm.quartz.scheduler.AcmJobFactory - Job [upcomingTaskAssigneesNotifierJob] will be added to the scheduler if not scheduled already.
[m[32m<TIMESTAMP>,958 [INFO ] [main] com.armedia.acm.quartz.scheduler.AcmJobFactory - Job [overdueTaskAssigneesNotifierJob] will be added to the scheduler if not scheduled already.
[m[32m<TIMESTAMP>,958 [INFO ] [main] com.armedia.acm.quartz.scheduler.AcmJobFactory - Job [jpaBatchUpdateJob] will be added to the scheduler if not scheduled already.
[m[32m<TIMESTAMP>,959 [INFO ] [main] com.armedia.acm.quartz.scheduler.AcmJobFactory - Job [sendNotificationsJob] will be added to the scheduler if not scheduled already.
[m[32m<TIMESTAMP>,959 [INFO ] [main] com.armedia.acm.quartz.scheduler.AcmJobFactory - Job [deleteExpiredFilesJobs] will be added to the scheduler if not scheduled already.
[m[32m<TIMESTAMP>,961 [INFO ] [main] com.armedia.acm.quartz.scheduler.AcmJobFactory - Trigger with cron schedule [0 0 4 1/1 * ? *] created for job [deleteExpiredUrlsJob]
[m[32m<TIMESTAMP>,968 [INFO ] [main] com.armedia.acm.quartz.scheduler.AcmJobFactory - Trigger with repeating interval of [180] seconds created for job [subscriptionEventBatchInsertJob]
[m[32m<TIMESTAMP>,970 [INFO ] [main] com.armedia.acm.quartz.scheduler.AcmJobFactory - Trigger with repeating interval of [3600] seconds created for job [purgeAuditJob]
[m[32m<TIMESTAMP>,970 [INFO ] [main] com.armedia.acm.quartz.scheduler.AcmJobFactory - Trigger with cron schedule [0 0 0/6 1/1 * ? *] created for job [cleanHistoryJob]
[m[32m<TIMESTAMP>,970 [INFO ] [main] com.armedia.acm.quartz.scheduler.AcmJobFactory - Trigger with cron schedule [0 5 0 1/1 * ? *] created for job [phoneHomeStateOfArkCaseJob]
[m[32m<TIMESTAMP>,970 [INFO ] [main] com.armedia.acm.quartz.scheduler.AcmJobFactory - Trigger with repeating interval of [120] seconds created for job [purgeCalendarJob]
[m[32m<TIMESTAMP>,970 [INFO ] [main] com.armedia.acm.quartz.scheduler.AcmJobFactory - Trigger with repeating interval of [15] seconds created for job [releaseExpiredLocksJob]
[m[32m<TIMESTAMP>,971 [INFO ] [main] com.armedia.acm.quartz.scheduler.AcmJobFactory - Trigger with repeating interval of [60] seconds created for job [transcribeQueueJob]
[m[32m<TIMESTAMP>,971 [INFO ] [main] com.armedia.acm.quartz.scheduler.AcmJobFactory - Trigger with repeating interval of [30] seconds created for job [ocrQueueJob]
[m[32m<TIMESTAMP>,971 [INFO ] [main] com.armedia.acm.quartz.scheduler.AcmJobFactory - Trigger with repeating interval of [15] seconds created for job [alfrescoSyncScheduledJob]
[m[32m<TIMESTAMP>,971 [INFO ] [main] com.armedia.acm.quartz.scheduler.AcmJobFactory - Trigger with repeating interval of [3600] seconds created for job [dataAccessPolicyUpdateJob]
[m[32m<TIMESTAMP>,971 [INFO ] [main] com.armedia.acm.quartz.scheduler.AcmJobFactory - Trigger with cron schedule [0 0 0 1/1 * ? *] created for job [upcomingTaskAssigneesNotifierJob]
[m[32m<TIMESTAMP>,971 [INFO ] [main] com.armedia.acm.quartz.scheduler.AcmJobFactory - Trigger with cron schedule [0 0 0 1/1 * ? *] created for job [overdueTaskAssigneesNotifierJob]
[m[32m<TIMESTAMP>,971 [INFO ] [main] com.armedia.acm.quartz.scheduler.AcmJobFactory - Trigger with repeating interval of [3600] seconds created for job [jpaBatchUpdateJob]
[m[36m<TIMESTAMP>,971 [DEBUG] [main] com.armedia.acm.spring.SpringContextHolder - Looking for beans of type: com.armedia.acm.services.search.service.AcmObjectToSolrDocTransformer
[m[36m<TIMESTAMP>,441 [DEBUG] [main] com.armedia.acm.spring.SpringContextHolder - Returning 42 beans of type com.armedia.acm.services.search.service.AcmObjectToSolrDocTransformer
[m[32m<TIMESTAMP>,445 [INFO ] [main] com.armedia.acm.quartz.scheduler.AcmJobFactory - Trigger with repeating interval of [60] seconds created for job [sendNotificationsJob]
[m[32m<TIMESTAMP>,445 [INFO ] [main] com.armedia.acm.quartz.scheduler.AcmJobFactory - Trigger with cron schedule [0 5 0 1/1 * ? *] created for job [deleteExpiredFilesJobs]
[m[32m<TIMESTAMP>,575 [INFO ] [main] com.armedia.acm.quartz.scheduler.AcmJobFactory - Quartz scheduler configured with [overwriteExistingJobs=false].
[m[32m<TIMESTAMP>,648 [INFO ] [main] org.quartz.impl.StdSchedulerFactory - Using default implementation for ThreadExecutor
[m[32m<TIMESTAMP>,666 [INFO ] [main] org.quartz.core.SchedulerSignalerImpl - Initialized Scheduler Signaller of type: class org.quartz.core.SchedulerSignalerImpl
[m[32m<TIMESTAMP>,667 [INFO ] [main] org.quartz.core.QuartzScheduler - Quartz Scheduler v.2.3.2 created.
[m[32m<TIMESTAMP>,673 [INFO ] [main] org.springframework.scheduling.quartz.LocalDataSourceJobStore - Using db table-based data access locking (synchronization).
[m[32m<TIMESTAMP>,675 [INFO ] [main] org.springframework.scheduling.quartz.LocalDataSourceJobStore - JobStoreCMT initialized.
[m[32m<TIMESTAMP>,676 [INFO ] [main] org.quartz.core.QuartzScheduler - Scheduler meta-data: Quartz Scheduler (v2.3.2) 'arkcase-scheduler' with instanceId 'reverse-code-generator-a5b1ff61-hnd9l<EPOCH-MS>'
  Scheduler class: 'org.quartz.core.QuartzScheduler' - running locally.
  NOT STARTED.
  Currently in standby mode.
  Number of jobs executed: 0
  Using thread pool 'org.quartz.simpl.SimpleThreadPool' - with 10 threads.
  Using job-store 'org.springframework.scheduling.quartz.LocalDataSourceJobStore' - which supports persistence. and is clustered.

[m[32m<TIMESTAMP>,677 [INFO ] [main] org.quartz.impl.StdSchedulerFactory - Quartz scheduler 'arkcase-scheduler' initialized from an externally provided properties instance.
[m[32m<TIMESTAMP>,677 [INFO ] [main] org.quartz.impl.StdSchedulerFactory - Quartz scheduler version: 2.3.2
[m[32m<TIMESTAMP>,677 [INFO ] [main] org.quartz.core.QuartzScheduler - JobFactory set to: com.armedia.acm.quartz.scheduler.AcmJobFactory@5928cbf8
[m[36m<TIMESTAMP>,467 [DEBUG] [main] com.armedia.acm.services.config.lookups.service.LookupsUpdatedListener - Send lookups updated trigger
[m[33m<TIMESTAMP>,475 [WARN ] [main] com.armedia.acm.audit.listeners.AuditWriter - Event of class [com.armedia.acm.configuration.model.LookupsUpdatedEvent] is not auditable
[m[32m<TIMESTAMP>,508 [INFO ] [main] com.armedia.acm.configuration.core.LabelsConfiguration - Loading labels from config server with language: en
[m[33m<TIMESTAMP>,509 [WARN ] [main] com.armedia.acm.audit.listeners.AuditWriter - Event of class [com.armedia.acm.configuration.core.LabelsRefreshedEvent] is not auditable
[m[32m<TIMESTAMP>,906 [INFO ] [main] com.armedia.acm.configuration.core.LabelsConfiguration - Finished loading labels with language: en
[m[36m<TIMESTAMP>,014 [DEBUG] [main] com.armedia.acm.services.users.service.ldap.AcmLdapRegistryServiceImpl - Register bean definition for: [class com.armedia.acm.services.users.service.ldap.AcmLdapGroupSyncConfig] for directory: [arkcase]
[m[36m<TIMESTAMP>,016 [DEBUG] [main] com.armedia.acm.services.users.service.ldap.AcmLdapRegistryServiceImpl - Register bean definition for: [class com.armedia.acm.services.users.service.ldap.AcmLdapUserSyncConfig] for directory [arkcase]
[m[36m<TIMESTAMP>,016 [DEBUG] [main] com.armedia.acm.services.users.service.ldap.AcmLdapRegistryServiceImpl - Register bean definition for: [class com.armedia.acm.services.users.model.ldap.AcmLdapConfig]
[m[36m<TIMESTAMP>,016 [DEBUG] [main] com.armedia.acm.services.users.service.ldap.AcmLdapRegistryServiceImpl - Register bean definition for: [class com.armedia.acm.services.users.model.ldap.AcmLdapSyncConfig]
[m[36m<TIMESTAMP>,017 [DEBUG] [main] com.armedia.acm.services.users.service.ldap.AcmLdapRegistryServiceImpl - Register bean definition for: [class com.armedia.acm.services.users.model.ldap.AcmLdapAuthenticateConfig]
[m[36m<TIMESTAMP>,019 [DEBUG] [main] com.armedia.acm.services.users.service.ldap.AcmLdapRegistryServiceImpl - Register bean definition for: [class org.springframework.ldap.core.support.LdapContextSource]
[m[36m<TIMESTAMP>,020 [DEBUG] [main] com.armedia.acm.services.users.service.ldap.AcmLdapRegistryServiceImpl - Register bean definition for: [class com.armedia.acm.services.users.service.ldap.LdapAuthenticateService]
[m[36m<TIMESTAMP>,021 [DEBUG] [main] com.armedia.acm.services.users.service.ldap.AcmLdapRegistryServiceImpl - Register bean definition for: [class org.springframework.security.ldap.search.FilterBasedLdapUserSearch]
[m[36m<TIMESTAMP>,024 [DEBUG] [main] com.armedia.acm.services.users.service.ldap.AcmLdapRegistryServiceImpl - Register bean definition for: [class com.armedia.acm.services.users.service.ldap.AcmLdapAuthenticationProvider]
[m[36m<TIMESTAMP>,027 [DEBUG] [main] com.armedia.acm.services.users.service.ldap.AcmLdapRegistryServiceImpl - Register bean definition for: [class com.armedia.acm.services.users.service.AcmLdapUserDetailsService]
[m[36m<TIMESTAMP>,027 [DEBUG] [main] com.armedia.acm.services.users.service.ldap.AcmLdapRegistryServiceImpl - Register bean definition for: [class org.springframework.scheduling.quartz.JobDetailFactoryBean]
[m[36m<TIMESTAMP>,028 [DEBUG] [main] com.armedia.acm.services.users.service.ldap.AcmLdapRegistryServiceImpl - Register bean definition for: [class org.springframework.scheduling.quartz.JobDetailFactoryBean]
[m[36m<TIMESTAMP>,028 [DEBUG] [main] com.armedia.acm.services.users.service.ldap.AcmLdapRegistryServiceImpl - Register bean definition for: [class com.armedia.acm.services.users.service.ldap.LdapSyncJobDescriptor]
[m[36m<TIMESTAMP>,028 [DEBUG] [main] com.armedia.acm.services.users.service.ldap.AcmLdapRegistryServiceImpl - Register bean definition for: [class com.armedia.acm.services.users.service.ldap.LdapPartialSyncJobDescriptor]
[m[33m<TIMESTAMP>,269 [WARN ] [main] com.armedia.acm.audit.listeners.AuditWriter - Event of class [com.armedia.acm.services.users.model.event.LdapDirectoryAdded] is not auditable
[m[32m<TIMESTAMP>,280 [INFO ] [main] com.armedia.acm.quartz.scheduler.AcmSchedulerService - Trigger job [arkcase_ldapSyncJob].
[m[32m<TIMESTAMP>,307 [INFO ] [main] org.springframework.scheduling.concurrent.ThreadPoolTaskExecutor - Initializing ExecutorService
[m[32m<TIMESTAMP>,469 [INFO ] [main] com.armedia.acm.services.users.service.ldap.LdapBeanReloadEventListener - Starting to reload ldap beans
[m[36m<TIMESTAMP>,469 [DEBUG] [main] com.armedia.acm.services.users.service.ldap.AcmLdapRegistryServiceImpl - Register bean definition for: [class com.armedia.acm.services.users.service.ldap.AcmLdapGroupSyncConfig] for directory: [arkcase]
[m[36m<TIMESTAMP>,471 [DEBUG] [main] com.armedia.acm.services.users.service.ldap.AcmLdapRegistryServiceImpl - Register bean definition for: [class com.armedia.acm.services.users.service.ldap.AcmLdapUserSyncConfig] for directory [arkcase]
[m[36m<TIMESTAMP>,471 [DEBUG] [main] com.armedia.acm.services.users.service.ldap.AcmLdapRegistryServiceImpl - Register bean definition for: [class com.armedia.acm.services.users.model.ldap.AcmLdapConfig]
[m[36m<TIMESTAMP>,472 [DEBUG] [main] com.armedia.acm.services.users.service.ldap.AcmLdapRegistryServiceImpl - Register bean definition for: [class com.armedia.acm.services.users.model.ldap.AcmLdapSyncConfig]
[m[36m<TIMESTAMP>,473 [DEBUG] [main] com.armedia.acm.services.users.service.ldap.AcmLdapRegistryServiceImpl - Register bean definition for: [class com.armedia.acm.services.users.model.ldap.AcmLdapAuthenticateConfig]
[m[36m<TIMESTAMP>,473 [DEBUG] [main] com.armedia.acm.services.users.service.ldap.AcmLdapRegistryServiceImpl - Register bean definition for: [class org.springframework.ldap.core.support.LdapContextSource]
[m[36m<TIMESTAMP>,474 [DEBUG] [main] com.armedia.acm.services.users.service.ldap.AcmLdapRegistryServiceImpl - Register bean definition for: [class com.armedia.acm.services.users.service.ldap.LdapAuthenticateService]
[m[36m<TIMESTAMP>,474 [DEBUG] [main] com.armedia.acm.services.users.service.ldap.AcmLdapRegistryServiceImpl - Register bean definition for: [class org.springframework.security.ldap.search.FilterBasedLdapUserSearch]
[m[36m<TIMESTAMP>,474 [DEBUG] [main] com.armedia.acm.services.users.service.ldap.AcmLdapRegistryServiceImpl - Register bean definition for: [class com.armedia.acm.services.users.service.ldap.AcmLdapAuthenticationProvider]
[m[36m<TIMESTAMP>,475 [DEBUG] [main] com.armedia.acm.services.users.service.ldap.AcmLdapRegistryServiceImpl - Register bean definition for: [class com.armedia.acm.services.users.service.AcmLdapUserDetailsService]
[m[36m<TIMESTAMP>,475 [DEBUG] [main] com.armedia.acm.services.users.service.ldap.AcmLdapRegistryServiceImpl - Register bean definition for: [class org.springframework.scheduling.quartz.JobDetailFactoryBean]
[m[36m<TIMESTAMP>,476 [DEBUG] [main] com.armedia.acm.services.users.service.ldap.AcmLdapRegistryServiceImpl - Register bean definition for: [class org.springframework.scheduling.quartz.JobDetailFactoryBean]
[m[36m<TIMESTAMP>,476 [DEBUG] [main] com.armedia.acm.services.users.service.ldap.AcmLdapRegistryServiceImpl - Register bean definition for: [class com.armedia.acm.services.users.service.ldap.LdapSyncJobDescriptor]
[m[36m<TIMESTAMP>,476 [DEBUG] [main] com.armedia.acm.services.users.service.ldap.AcmLdapRegistryServiceImpl - Register bean definition for: [class com.armedia.acm.services.users.service.ldap.LdapPartialSyncJobDescriptor]
[m[33m<TIMESTAMP>,478 [WARN ] [main] com.armedia.acm.audit.listeners.AuditWriter - Event of class [com.armedia.acm.services.users.model.event.LdapDirectoryReplaced] is not auditable
[m[32m<TIMESTAMP>,478 [INFO ] [main] com.armedia.acm.services.users.service.ldap.OnLdapContextChangedUpdateScheduler - On ldap context replaced, reschedule job [arkcase_ldapSyncJob] with trigger [arkcase_ldapSyncJobTrigger].
[m[32m<TIMESTAMP>,480 [INFO ] [main] com.armedia.acm.services.users.service.ldap.OnLdapContextChangedUpdateScheduler - Job [arkcase_ldapSyncJob] won't be rescheduled since the trigger's cron is not changed.
[m[32m<TIMESTAMP>,480 [INFO ] [main] com.armedia.acm.services.users.service.ldap.OnLdapContextChangedUpdateScheduler - On ldap context replaced, reschedule job [arkcase_ldapPartialSyncJob] with trigger [arkcase_ldapPartialSyncJob].
[m[32m<TIMESTAMP>,482 [INFO ] [main] com.armedia.acm.services.users.service.ldap.OnLdapContextChangedUpdateScheduler - Job [arkcase_ldapPartialSyncJob] won't be rescheduled since the trigger's cron is not changed.
[m[36m<TIMESTAMP>,589 [DEBUG] [auditorExecutor-1] com.armedia.acm.services.sequence.service.AcmSequenceConfigurationServiceImpl - Retrieving sequence configuration from [/tmp/blitzy/ArkCase/blitzy-<UUID>-w-053_196589/.blitzy-scratch/rt/base8/home/.arkcase/acm/acmSequenceConfiguration.json]
[m[33m<TIMESTAMP>,756 [WARN ] [auditorExecutor-1] com.armedia.acm.audit.listeners.AuditWriter - Event of class [com.armedia.acm.services.sequence.event.AcmSequenceConfigurationUpdatedEvent] is not auditable
[m[36m<TIMESTAMP>,757 [DEBUG] [auditorExecutor-1] com.armedia.acm.services.sequence.service.AcmSequenceConfigurationServiceImpl - Retrieving sequence configuration from [/tmp/blitzy/ArkCase/blitzy-<UUID>-w-053_196589/.blitzy-scratch/rt/base8/home/.arkcase/acm/acmSequenceConfiguration.json]
[m[36m<TIMESTAMP>,675 [DEBUG] [main] com.armedia.acm.services.config.model.PropertyConfig - config name: acm-forms
[m[36m<TIMESTAMP>,675 [DEBUG] [main] com.armedia.acm.crypto.properties.AcmEncryptablePropertyUtilsImpl - Decrypted property frevvo.admin.password
[m[32m<TIMESTAMP>,746 [INFO ] [main] org.springframework.scheduling.concurrent.ThreadPoolTaskExecutor - Initializing ExecutorService
[m[32m<TIMESTAMP>,162 [INFO ] [main] com.armedia.acm.auth.AcmGrantedAuthoritiesMapper - Role to Group Mapping Properties: 
ROLE_CONSUMER=[ARKCASE_CONSUMER@ARKCASE.ORG]
ROLE_ADMINISTRATOR=[ARKCASE_ENTITY_ADMINISTRATOR@ARKCASE.ORG, ARKCASE_ADMINISTRATOR@ARKCASE.ORG]
ROLE_ENTITY_ADMINISTRATOR=[ARKCASE_ENTITY_ADMINISTRATOR@ARKCASE.ORG]
ROLE_EXTERNAL=[ARKCASE_EXTERNAL@ARKCASE.ORG]
ROLE_CONTRIBUTOR=[ARKCASE_CONTRIBUTOR@ARKCASE.ORG]
ROLE_SUPERVISOR=[ARKCASE_SUPERVISOR@ARKCASE.ORG, ARKCASE_ADMINISTRATOR@ARKCASE.ORG]
ROLE_BILLING_QUEUE=[ARKCASE_CONSUMER@ARKCASE.ORG, ARKCASE_CONTRIBUTOR@ARKCASE.ORG, ARKCASE_SUPERVISOR@ARKCASE.ORG, ARKCASE_EXTERNAL@ARKCASE.ORG, ARKCASE_ADMINISTRATOR@ARKCASE.ORG]
[m[36m<TIMESTAMP>,275 [DEBUG] [main] com.armedia.acm.plugins.alfrescorma.service.AcmCaseFileStatusChangedListener - Finding case closed statuses
[m[36m<TIMESTAMP>,282 [DEBUG] [main] com.armedia.acm.plugins.alfrescorma.service.AcmCaseFileStatusChangedListener - Case closed statuses: CLOSED
[m[36m<TIMESTAMP>,646 [DEBUG] [main] com.armedia.acm.plugins.ecm.service.impl.FileWorkflowBusinessRule - Getting rules from rules/drools-form-business-process-rules.xlsx
[m[36m<TIMESTAMP>,000 [DEBUG] [main] com.armedia.acm.plugins.ecm.service.impl.FileWorkflowBusinessRule - Updated business rules from file 'drools-form-business-process-rules.xlsx'
[m[36m<TIMESTAMP>,391 [DEBUG] [main] com.armedia.acm.services.mediaengine.rules.MediaEngineBusinessRulesExecutor - Getting rules from rules/drools-transcribe-rules.xlsx
[m[36m<TIMESTAMP>,583 [DEBUG] [main] com.armedia.acm.services.mediaengine.rules.MediaEngineBusinessRulesExecutor - Updated business rules from file 'drools-transcribe-rules.xlsx'
[m[36m<TIMESTAMP>,587 [DEBUG] [main] com.armedia.acm.services.mediaengine.rules.MediaEngineBusinessProcessRulesExecutor - Getting rules from rules/drools-transcribe-business-process-rules.xlsx
[m[36m<TIMESTAMP>,731 [DEBUG] [main] com.armedia.acm.services.mediaengine.rules.MediaEngineBusinessProcessRulesExecutor - Updated business rules from file 'drools-transcribe-business-process-rules.xlsx'
[m[36m<TIMESTAMP>,056 [DEBUG] [main] com.armedia.acm.data.SpringEntityListenerConfigurer - in onApplicationContextInitialized for spring entity listener config
[m[36m<TIMESTAMP>,056 [DEBUG] [main] com.armedia.acm.spring.SpringContextHolder - Looking for beans of type: com.armedia.acm.data.AcmBeforeUpdateListener
[m[36m<TIMESTAMP>,058 [DEBUG] [main] com.armedia.acm.spring.SpringContextHolder - Returning 1 beans of type com.armedia.acm.data.AcmBeforeUpdateListener
[m[36m<TIMESTAMP>,059 [DEBUG] [main] com.armedia.acm.spring.SpringContextHolder - Looking for beans of type: com.armedia.acm.data.AcmBeforeInsertListener
[m[36m<TIMESTAMP>,060 [DEBUG] [main] com.armedia.acm.spring.SpringContextHolder - Returning 2 beans of type com.armedia.acm.data.AcmBeforeInsertListener
[m[36m<TIMESTAMP>,061 [DEBUG] [main] com.armedia.acm.spring.SpringContextHolder - Looking for beans of type: com.armedia.acm.data.AcmBeforeDeleteListener
[m[36m<TIMESTAMP>,061 [DEBUG] [main] com.armedia.acm.spring.SpringContextHolder - Returning 0 beans of type com.armedia.acm.data.AcmBeforeDeleteListener
[m[36m<TIMESTAMP>,062 [DEBUG] [main] com.armedia.acm.data.SpringEntityListenerConfigurer - adding listeners...
[m[36m<TIMESTAMP>,062 [DEBUG] [main] com.armedia.acm.data.SpringEntityListenerConfigurer - Entity class: com.armedia.acm.service.outlook.model.AcmOutlookFolderCreator; has descriptor? true
[m[36m<TIMESTAMP>,062 [DEBUG] [main] com.armedia.acm.data.SpringEntityListenerConfigurer - adding listeners...
[m[36m<TIMESTAMP>,062 [DEBUG] [main] com.armedia.acm.data.SpringEntityListenerConfigurer - Entity class: com.armedia.acm.service.outlook.model.AcmOutlookObjectReference; has descriptor? true
[m[36m<TIMESTAMP>,062 [DEBUG] [main] com.armedia.acm.data.SpringEntityListenerConfigurer - adding listeners...
[m[36m<TIMESTAMP>,062 [DEBUG] [main] com.armedia.acm.data.SpringEntityListenerConfigurer - Entity class: com.armedia.acm.service.outlook.model.OutlookPassword; has descriptor? true
[m[36m<TIMESTAMP>,062 [DEBUG] [main] com.armedia.acm.data.SpringEntityListenerConfigurer - adding listeners...
[m[36m<TIMESTAMP>,062 [DEBUG] [main] com.armedia.acm.data.SpringEntityListenerConfigurer - Entity class: com.armedia.acm.tool.zylab.model.ZylabMatterCreationStatus; has descriptor? true
[m[36m<TIMESTAMP>,062 [DEBUG] [main] com.armedia.acm.data.SpringEntityListenerConfigurer - adding listeners...
[m[36m<TIMESTAMP>,062 [DEBUG] [main] com.armedia.acm.data.SpringEntityListenerConfigurer - Entity class: com.armedia.acm.services.transcribe.model.TranscribeItem; has descriptor? true
[m[36m<TIMESTAMP>,062 [DEBUG] [main] com.armedia.acm.data.SpringEntityListenerConfigurer - adding listeners...
[m[36m<TIMESTAMP>,062 [DEBUG] [main] com.armedia.acm.data.SpringEntityListenerConfigurer - Entity class: com.armedia.acm.services.transcribe.model.Transcribe; has descriptor? true
[m[36m<TIMESTAMP>,062 [DEBUG] [main] com.armedia.acm.data.SpringEntityListenerConfigurer - adding listeners...
[m[36m<TIMESTAMP>,062 [DEBUG] [main] com.armedia.acm.data.SpringEntityListenerConfigurer - Entity class: com.armedia.acm.services.notification.model.Notification; has descriptor? true
[m[36m<TIMESTAMP>,062 [DEBUG] [main] com.armedia.acm.data.SpringEntityListenerConfigurer - adding listeners...
[m[36m<TIMESTAMP>,062 [DEBUG] [main] com.armedia.acm.data.SpringEntityListenerConfigurer - Entity class: com.armedia.acm.services.zylab.model.ZylabFileMetadata; has descriptor? true
[m[36m<TIMESTAMP>,062 [DEBUG] [main] com.armedia.acm.data.SpringEntityListenerConfigurer - adding listeners...
[m[36m<TIMESTAMP>,062 [DEBUG] [main] com.armedia.acm.data.SpringEntityListenerConfigurer - Entity class: com.armedia.acm.service.history.model.AcmHistory; has descriptor? true
[m[36m<TIMESTAMP>,062 [DEBUG] [main] com.armedia.acm.data.SpringEntityListenerConfigurer - adding listeners...
[m[36m<TIMESTAMP>,062 [DEBUG] [main] com.armedia.acm.data.SpringEntityListenerConfigurer - Entity class: com.armedia.acm.services.note.model.Note; has descriptor? true
[m[36m<TIMESTAMP>,062 [DEBUG] [main] com.armedia.acm.data.SpringEntityListenerConfigurer - adding listeners...
[m[36m<TIMESTAMP>,062 [DEBUG] [main] com.armedia.acm.data.SpringEntityListenerConfigurer - Entity class: com.armedia.acm.services.participants.model.AcmParticipant; has descriptor? true
[m[36m<TIMESTAMP>,062 [DEBUG] [main] com.armedia.acm.data.SpringEntityListenerConfigurer - adding listeners...
[m[36m<TIMESTAMP>,062 [DEBUG] [main] com.armedia.acm.data.SpringEntityListenerConfigurer - Entity class: com.armedia.acm.services.participants.model.AcmParticipantPrivilege; has descriptor? true
[m[36m<TIMESTAMP>,062 [DEBUG] [main] com.armedia.acm.data.SpringEntityListenerConfigurer - adding listeners...
[m[36m<TIMESTAMP>,062 [DEBUG] [main] com.armedia.acm.data.SpringEntityListenerConfigurer - Entity class: com.armedia.acm.services.comprehendmedical.model.ComprehendMedical; has descriptor? true
[m[36m<TIMESTAMP>,062 [DEBUG] [main] com.armedia.acm.data.SpringEntityListenerConfigurer - adding listeners...
[m[36m<TIMESTAMP>,062 [DEBUG] [main] com.armedia.acm.data.SpringEntityListenerConfigurer - Entity class: com.armedia.acm.services.comprehendmedical.model.ComprehendMedicalEntityAttribute; has descriptor? true
[m[36m<TIMESTAMP>,062 [DEBUG] [main] com.armedia.acm.data.SpringEntityListenerConfigurer - adding listeners...
[m[36m<TIMESTAMP>,062 [DEBUG] [main] com.armedia.acm.data.SpringEntityListenerConfigurer - Entity class: com.armedia.acm.services.comprehendmedical.model.ComprehendMedicalEntity; has descriptor? true
[m[36m<TIMESTAMP>,062 [DEBUG] [main] com.armedia.acm.data.SpringEntityListenerConfigurer - adding listeners...
[m[36m<TIMESTAMP>,062 [DEBUG] [main] com.armedia.acm.data.SpringEntityListenerConfigurer - Entity class: com.armedia.acm.plugins.objectassociation.model.ObjectAssociation; has descriptor? true
[m[36m<TIMESTAMP>,062 [DEBUG] [main] com.armedia.acm.data.SpringEntityListenerConfigurer - adding listeners...
[m[36m<TIMESTAMP>,062 [DEBUG] [main] com.armedia.acm.data.SpringEntityListenerConfigurer - Entity class: com.armedia.acm.services.users.model.AcmRole; has descriptor? true
[m[36m<TIMESTAMP>,062 [DEBUG] [main] com.armedia.acm.data.SpringEntityListenerConfigurer - adding listeners...
[m[36m<TIMESTAMP>,062 [DEBUG] [main] com.armedia.acm.data.SpringEntityListenerConfigurer - Entity class: com.armedia.acm.services.users.model.UserAccessToken; has descriptor? true
[m[36m<TIMESTAMP>,062 [DEBUG] [main] com.armedia.acm.data.SpringEntityListenerConfigurer - adding listeners...
[m[36m<TIMESTAMP>,062 [DEBUG] [main] com.armedia.acm.data.SpringEntityListenerConfigurer - Entity class: com.armedia.acm.services.users.model.AcmUser; has descriptor? true
[m[36m<TIMESTAMP>,062 [DEBUG] [main] com.armedia.acm.data.SpringEntityListenerConfigurer - adding listeners...
[m[36m<TIMESTAMP>,062 [DEBUG] [main] com.armedia.acm.data.SpringEntityListenerConfigurer - Entity class: com.armedia.acm.services.users.model.AcmUserAction; has descriptor? true
[m[36m<TIMESTAMP>,062 [DEBUG] [main] com.armedia.acm.data.SpringEntityListenerConfigurer - adding listeners...
[m[36m<TIMESTAMP>,062 [DEBUG] [main] com.armedia.acm.data.SpringEntityListenerConfigurer - Entity class: com.armedia.acm.services.users.model.group.AcmGroupIdentifier; has descriptor? true
[m[36m<TIMESTAMP>,062 [DEBUG] [main] com.armedia.acm.data.SpringEntityListenerConfigurer - adding listeners...
[m[36m<TIMESTAMP>,062 [DEBUG] [main] com.armedia.acm.data.SpringEntityListenerConfigurer - Entity class: com.armedia.acm.services.users.model.group.AcmGroup; has descriptor? true
[m[36m<TIMESTAMP>,062 [DEBUG] [main] com.armedia.acm.data.SpringEntityListenerConfigurer - adding listeners...
[m[36m<TIMESTAMP>,062 [DEBUG] [main] com.armedia.acm.data.SpringEntityListenerConfigurer - Entity class: com.armedia.acm.services.users.model.AcmUserIdentifier; has descriptor? true
[m[36m<TIMESTAMP>,062 [DEBUG] [main] com.armedia.acm.data.SpringEntityListenerConfigurer - adding listeners...
[m[36m<TIMESTAMP>,062 [DEBUG] [main] com.armedia.acm.data.SpringEntityListenerConfigurer - Entity class: com.armedia.acm.services.dataupdate.model.AcmDataUpdateExecutorLog; has descriptor? true
[m[36m<TIMESTAMP>,062 [DEBUG] [main] com.armedia.acm.data.SpringEntityListenerConfigurer - adding listeners...
[m[36m<TIMESTAMP>,063 [DEBUG] [main] com.armedia.acm.data.SpringEntityListenerConfigurer - Entity class: com.armedia.acm.plugins.addressable.model.ContactMethod; has descriptor? true
[m[36m<TIMESTAMP>,063 [DEBUG] [main] com.armedia.acm.data.SpringEntityListenerConfigurer - adding listeners...
[m[36m<TIMESTAMP>,063 [DEBUG] [main] com.armedia.acm.data.SpringEntityListenerConfigurer - Entity class: com.armedia.acm.plugins.addressable.model.PostalAddress; has descriptor? true
[m[36m<TIMESTAMP>,063 [DEBUG] [main] com.armedia.acm.data.SpringEntityListenerConfigurer - adding listeners...
[m[36m<TIMESTAMP>,063 [DEBUG] [main] com.armedia.acm.data.SpringEntityListenerConfigurer - Entity class: com.armedia.acm.plugins.profile.model.UserOrg; has descriptor? true
[m[36m<TIMESTAMP>,063 [DEBUG] [main] com.armedia.acm.data.SpringEntityListenerConfigurer - adding listeners...
[m[36m<TIMESTAMP>,063 [DEBUG] [main] com.armedia.acm.data.SpringEntityListenerConfigurer - Entity class: com.armedia.acm.services.subscription.model.AcmSubscription; has descriptor? true
[m[36m<TIMESTAMP>,063 [DEBUG] [main] com.armedia.acm.data.SpringEntityListenerConfigurer - adding listeners...
[m[36m<TIMESTAMP>,063 [DEBUG] [main] com.armedia.acm.data.SpringEntityListenerConfigurer - Entity class: com.armedia.acm.services.subscription.model.AcmSubscriptionEvent; has descriptor? true
[m[36m<TIMESTAMP>,063 [DEBUG] [main] com.armedia.acm.data.SpringEntityListenerConfigurer - adding listeners...
[m[36m<TIMESTAMP>,063 [DEBUG] [main] com.armedia.acm.data.SpringEntityListenerConfigurer - Entity class: com.armedia.acm.activiti.model.AcmProcessDefinition; has descriptor? true
[m[36m<TIMESTAMP>,063 [DEBUG] [main] com.armedia.acm.data.SpringEntityListenerConfigurer - adding listeners...
[m[36m<TIMESTAMP>,063 [DEBUG] [main] com.armedia.acm.data.SpringEntityListenerConfigurer - Entity class: com.armedia.acm.plugins.ecm.model.EcmFile; has descriptor? true
[m[36m<TIMESTAMP>,063 [DEBUG] [main] com.armedia.acm.data.SpringEntityListenerConfigurer - adding listeners...
[m[36m<TIMESTAMP>,063 [DEBUG] [main] com.armedia.acm.data.SpringEntityListenerConfigurer - Entity class: com.armedia.acm.plugins.ecm.model.RecycleBinItem; has descriptor? true
[m[36m<TIMESTAMP>,063 [DEBUG] [main] com.armedia.acm.data.SpringEntityListenerConfigurer - adding listeners...
[m[36m<TIMESTAMP>,063 [DEBUG] [main] com.armedia.acm.data.SpringEntityListenerConfigurer - Entity class: com.armedia.acm.plugins.ecm.model.AcmFolder; has descriptor? true
[m[36m<TIMESTAMP>,063 [DEBUG] [main] com.armedia.acm.data.SpringEntityListenerConfigurer - adding listeners...
[m[36m<TIMESTAMP>,063 [DEBUG] [main] com.armedia.acm.data.SpringEntityListenerConfigurer - Entity class: com.armedia.acm.plugins.ecm.model.AcmContainer; has descriptor? true
[m[36m<TIMESTAMP>,063 [DEBUG] [main] com.armedia.acm.data.SpringEntityListenerConfigurer - adding listeners...
[m[36m<TIMESTAMP>,063 [DEBUG] [main] com.armedia.acm.data.SpringEntityListenerConfigurer - Entity class: com.armedia.acm.plugins.ecm.model.EcmFileVersion; has descriptor? true
[m[36m<TIMESTAMP>,063 [DEBUG] [main] com.armedia.acm.data.SpringEntityListenerConfigurer - adding listeners...
[m[36m<TIMESTAMP>,063 [DEBUG] [main] com.armedia.acm.data.SpringEntityListenerConfigurer - Entity class: com.armedia.acm.services.protecturl.model.ProtectedUrl; has descriptor? true
[m[36m<TIMESTAMP>,063 [DEBUG] [main] com.armedia.acm.data.SpringEntityListenerConfigurer - adding listeners...
[m[36m<TIMESTAMP>,063 [DEBUG] [main] com.armedia.acm.data.SpringEntityListenerConfigurer - Entity class: com.armedia.acm.services.costsheet.model.AcmCost; has descriptor? true
[m[36m<TIMESTAMP>,063 [DEBUG] [main] com.armedia.acm.data.SpringEntityListenerConfigurer - adding listeners...
[m[36m<TIMESTAMP>,063 [DEBUG] [main] com.armedia.acm.data.SpringEntityListenerConfigurer - Entity class: com.armedia.acm.services.costsheet.model.AcmCostsheet; has descriptor? true
[m[36m<TIMESTAMP>,063 [DEBUG] [main] com.armedia.acm.data.SpringEntityListenerConfigurer - adding listeners...
[m[36m<TIMESTAMP>,063 [DEBUG] [main] com.armedia.acm.data.SpringEntityListenerConfigurer - Entity class: com.armedia.acm.service.milestone.model.AcmMilestone; has descriptor? true
[m[36m<TIMESTAMP>,063 [DEBUG] [main] com.armedia.acm.data.SpringEntityListenerConfigurer - adding listeners...
[m[36m<TIMESTAMP>,063 [DEBUG] [main] com.armedia.acm.data.SpringEntityListenerConfigurer - Entity class: com.armedia.acm.service.objecthistory.model.AcmObjectHistory; has descriptor? true
[m[36m<TIMESTAMP>,063 [DEBUG] [main] com.armedia.acm.data.SpringEntityListenerConfigurer - adding listeners...
[m[36m<TIMESTAMP>,063 [DEBUG] [main] com.armedia.acm.data.SpringEntityListenerConfigurer - Entity class: com.armedia.acm.service.objecthistory.model.AcmAssignment; has descriptor? true
[m[36m<TIMESTAMP>,063 [DEBUG] [main] com.armedia.acm.data.SpringEntityListenerConfigurer - adding listeners...
[m[36m<TIMESTAMP>,063 [DEBUG] [main] com.armedia.acm.data.SpringEntityListenerConfigurer - Entity class: com.armedia.acm.services.billing.model.BillingItem; has descriptor? true
[m[36m<TIMESTAMP>,063 [DEBUG] [main] com.armedia.acm.data.SpringEntityListenerConfigurer - adding listeners...
[m[36m<TIMESTAMP>,063 [DEBUG] [main] com.armedia.acm.data.SpringEntityListenerConfigurer - Entity class: com.armedia.acm.services.billing.model.BillingInvoice; has descriptor? true
[m[36m<TIMESTAMP>,063 [DEBUG] [main] com.armedia.acm.data.SpringEntityListenerConfigurer - adding listeners...
[m[36m<TIMESTAMP>,063 [DEBUG] [main] com.armedia.acm.data.SpringEntityListenerConfigurer - Entity class: com.armedia.acm.services.exemption.model.ExemptionCode; has descriptor? true
[m[36m<TIMESTAMP>,063 [DEBUG] [main] com.armedia.acm.data.SpringEntityListenerConfigurer - adding listeners...
[m[36m<TIMESTAMP>,063 [DEBUG] [main] com.armedia.acm.data.SpringEntityListenerConfigurer - Entity class: com.armedia.acm.plugins.documentrepository.model.DocumentRepository; has descriptor? true
[m[36m<TIMESTAMP>,063 [DEBUG] [main] com.armedia.acm.data.SpringEntityListenerConfigurer - adding listeners...
[m[36m<TIMESTAMP>,063 [DEBUG] [main] com.armedia.acm.data.SpringEntityListenerConfigurer - Entity class: com.armedia.acm.plugins.category.model.Category; has descriptor? true
[m[36m<TIMESTAMP>,063 [DEBUG] [main] com.armedia.acm.data.SpringEntityListenerConfigurer - adding listeners...
[m[36m<TIMESTAMP>,063 [DEBUG] [main] com.armedia.acm.data.SpringEntityListenerConfigurer - Entity class: com.armedia.acm.services.tag.model.AcmTag; has descriptor? true
[m[36m<TIMESTAMP>,063 [DEBUG] [main] com.armedia.acm.data.SpringEntityListenerConfigurer - adding listeners...
[m[36m<TIMESTAMP>,063 [DEBUG] [main] com.armedia.acm.data.SpringEntityListenerConfigurer - Entity class: com.armedia.acm.services.tag.model.AcmAssociatedTag; has descriptor? true
[m[36m<TIMESTAMP>,063 [DEBUG] [main] com.armedia.acm.data.SpringEntityListenerConfigurer - adding listeners...
[m[36m<TIMESTAMP>,063 [DEBUG] [main] com.armedia.acm.data.SpringEntityListenerConfigurer - Entity class: com.armedia.acm.services.timesheet.model.AcmTime; has descriptor? true
[m[36m<TIMESTAMP>,063 [DEBUG] [main] com.armedia.acm.data.SpringEntityListenerConfigurer - adding listeners...
[m[36m<TIMESTAMP>,063 [DEBUG] [main] com.armedia.acm.data.SpringEntityListenerConfigurer - Entity class: com.armedia.acm.services.timesheet.model.AcmTimesheet; has descriptor? true
[m[36m<TIMESTAMP>,063 [DEBUG] [main] com.armedia.acm.data.SpringEntityListenerConfigurer - adding listeners...
[m[36m<TIMESTAMP>,063 [DEBUG] [main] com.armedia.acm.data.SpringEntityListenerConfigurer - Entity class: com.armedia.acm.audit.model.AuditEvent; has descriptor? true
[m[36m<TIMESTAMP>,063 [DEBUG] [main] com.armedia.acm.data.SpringEntityListenerConfigurer - adding listeners...
[m[36m<TIMESTAMP>,063 [DEBUG] [main] com.armedia.acm.data.SpringEntityListenerConfigurer - Entity class: com.armedia.acm.services.signature.model.Signature; has descriptor? true
[m[36m<TIMESTAMP>,063 [DEBUG] [main] com.armedia.acm.data.SpringEntityListenerConfigurer - adding listeners...
[m[36m<TIMESTAMP>,063 [DEBUG] [main] com.armedia.acm.data.SpringEntityListenerConfigurer - Entity class: com.armedia.acm.services.authenticationtoken.model.AuthenticationToken; has descriptor? true
[m[36m<TIMESTAMP>,063 [DEBUG] [main] com.armedia.acm.data.SpringEntityListenerConfigurer - adding listeners...
[m[36m<TIMESTAMP>,063 [DEBUG] [main] com.armedia.acm.data.SpringEntityListenerConfigurer - Entity class: com.armedia.acm.plugins.consultation.model.Consultation; has descriptor? true
[m[36m<TIMESTAMP>,063 [DEBUG] [main] com.armedia.acm.data.SpringEntityListenerConfigurer - adding listeners...
[m[36m<TIMESTAMP>,063 [DEBUG] [main] com.armedia.acm.data.SpringEntityListenerConfigurer - Entity class: com.armedia.acm.plugins.consultation.model.ChangeConsultationStatus; has descriptor? true
[m[36m<TIMESTAMP>,063 [DEBUG] [main] com.armedia.acm.data.SpringEntityListenerConfigurer - adding listeners...
[m[36m<TIMESTAMP>,063 [DEBUG] [main] com.armedia.acm.data.SpringEntityListenerConfigurer - Entity class: com.armedia.acm.plugins.dashboard.model.module.Module; has descriptor? true
[m[36m<TIMESTAMP>,063 [DEBUG] [main] com.armedia.acm.data.SpringEntityListenerConfigurer - adding listeners...
[m[36m<TIMESTAMP>,063 [DEBUG] [main] com.armedia.acm.data.SpringEntityListenerConfigurer - Entity class: com.armedia.acm.plugins.dashboard.model.widget.Widget; has descriptor? true
[m[36m<TIMESTAMP>,063 [DEBUG] [main] com.armedia.acm.data.SpringEntityListenerConfigurer - adding listeners...
[m[36m<TIMESTAMP>,063 [DEBUG] [main] com.armedia.acm.data.SpringEntityListenerConfigurer - Entity class: com.armedia.acm.plugins.dashboard.model.widget.WidgetRole; has descriptor? true
[m[36m<TIMESTAMP>,063 [DEBUG] [main] com.armedia.acm.data.SpringEntityListenerConfigurer - adding listeners...
[m[36m<TIMESTAMP>,063 [DEBUG] [main] com.armedia.acm.data.SpringEntityListenerConfigurer - Entity class: com.armedia.acm.plugins.dashboard.model.Dashboard; has descriptor? true
[m[36m<TIMESTAMP>,063 [DEBUG] [main] com.armedia.acm.data.SpringEntityListenerConfigurer - adding listeners...
[m[36m<TIMESTAMP>,063 [DEBUG] [main] com.armedia.acm.data.SpringEntityListenerConfigurer - Entity class: com.armedia.acm.plugins.dashboard.model.userPreference.UserPreference; has descriptor? true
[m[36m<TIMESTAMP>,063 [DEBUG] [main] com.armedia.acm.data.SpringEntityListenerConfigurer - adding listeners...
[m[36m<TIMESTAMP>,063 [DEBUG] [main] com.armedia.acm.data.SpringEntityListenerConfigurer - Entity class: com.armedia.acm.plugins.dashboard.site.model.Site; has descriptor? true
[m[36m<TIMESTAMP>,063 [DEBUG] [main] com.armedia.acm.data.SpringEntityListenerConfigurer - adding listeners...
[m[36m<TIMESTAMP>,063 [DEBUG] [main] com.armedia.acm.data.SpringEntityListenerConfigurer - Entity class: com.armedia.acm.plugins.person.model.Identification; has descriptor? true
[m[36m<TIMESTAMP>,063 [DEBUG] [main] com.armedia.acm.data.SpringEntityListenerConfigurer - adding listeners...
[m[36m<TIMESTAMP>,063 [DEBUG] [main] com.armedia.acm.data.SpringEntityListenerConfigurer - Entity class: com.armedia.acm.plugins.person.model.Organization; has descriptor? true
[m[36m<TIMESTAMP>,064 [DEBUG] [main] com.armedia.acm.data.SpringEntityListenerConfigurer - adding listeners...
[m[36m<TIMESTAMP>,064 [DEBUG] [main] com.armedia.acm.data.SpringEntityListenerConfigurer - Entity class: com.armedia.acm.plugins.person.model.OrganizationAssociation; has descriptor? true
[m[36m<TIMESTAMP>,064 [DEBUG] [main] com.armedia.acm.data.SpringEntityListenerConfigurer - adding listeners...
[m[36m<TIMESTAMP>,064 [DEBUG] [main] com.armedia.acm.data.SpringEntityListenerConfigurer - Entity class: com.armedia.acm.plugins.person.model.PersonOrganizationAssociation; has descriptor? true
[m[36m<TIMESTAMP>,064 [DEBUG] [main] com.armedia.acm.data.SpringEntityListenerConfigurer - adding listeners...
[m[36m<TIMESTAMP>,064 [DEBUG] [main] com.armedia.acm.data.SpringEntityListenerConfigurer - Entity class: com.armedia.acm.plugins.person.model.OrganizationDBA; has descriptor? true
[m[36m<TIMESTAMP>,064 [DEBUG] [main] com.armedia.acm.data.SpringEntityListenerConfigurer - adding listeners...
[m[36m<TIMESTAMP>,064 [DEBUG] [main] com.armedia.acm.data.SpringEntityListenerConfigurer - Entity class: com.armedia.acm.plugins.person.model.PersonAssociation; has descriptor? true
[m[36m<TIMESTAMP>,064 [DEBUG] [main] com.armedia.acm.data.SpringEntityListenerConfigurer - adding listeners...
[m[36m<TIMESTAMP>,064 [DEBUG] [main] com.armedia.acm.data.SpringEntityListenerConfigurer - Entity class: com.armedia.acm.plugins.person.model.PersonAlias; has descriptor? true
[m[36m<TIMESTAMP>,064 [DEBUG] [main] com.armedia.acm.data.SpringEntityListenerConfigurer - adding listeners...
[m[36m<TIMESTAMP>,064 [DEBUG] [main] com.armedia.acm.data.SpringEntityListenerConfigurer - Entity class: com.armedia.acm.plugins.person.model.PersonContact; has descriptor? true
[m[36m<TIMESTAMP>,064 [DEBUG] [main] com.armedia.acm.data.SpringEntityListenerConfigurer - adding listeners...
[m[36m<TIMESTAMP>,064 [DEBUG] [main] com.armedia.acm.data.SpringEntityListenerConfigurer - Entity class: com.armedia.acm.plugins.person.model.Person; has descriptor? true
[m[36m<TIMESTAMP>,064 [DEBUG] [main] com.armedia.acm.data.SpringEntityListenerConfigurer - adding listeners...
[m[36m<TIMESTAMP>,064 [DEBUG] [main] com.armedia.acm.data.SpringEntityListenerConfigurer - Entity class: com.armedia.acm.service.objectlock.model.AcmObjectLock; has descriptor? true
[m[36m<TIMESTAMP>,064 [DEBUG] [main] com.armedia.acm.data.SpringEntityListenerConfigurer - adding listeners...
[m[36m<TIMESTAMP>,064 [DEBUG] [main] com.armedia.acm.data.SpringEntityListenerConfigurer - Entity class: com.armedia.acm.plugins.businessprocess.model.BusinessProcess; has descriptor? true
[m[36m<TIMESTAMP>,064 [DEBUG] [main] com.armedia.acm.data.SpringEntityListenerConfigurer - adding listeners...
[m[36m<TIMESTAMP>,064 [DEBUG] [main] com.armedia.acm.data.SpringEntityListenerConfigurer - Entity class: com.armedia.acm.plugins.casefile.model.CaseFile; has descriptor? true
[m[36m<TIMESTAMP>,064 [DEBUG] [main] com.armedia.acm.data.SpringEntityListenerConfigurer - adding listeners...
[m[36m<TIMESTAMP>,064 [DEBUG] [main] com.armedia.acm.data.SpringEntityListenerConfigurer - Entity class: com.armedia.acm.plugins.casefile.model.Disposition; has descriptor? true
[m[36m<TIMESTAMP>,064 [DEBUG] [main] com.armedia.acm.data.SpringEntityListenerConfigurer - adding listeners...
[m[36m<TIMESTAMP>,064 [DEBUG] [main] com.armedia.acm.data.SpringEntityListenerConfigurer - Entity class: com.armedia.acm.plugins.casefile.model.ChangeCaseStatus; has descriptor? true
[m[36m<TIMESTAMP>,064 [DEBUG] [main] com.armedia.acm.data.SpringEntityListenerConfigurer - adding listeners...
[m[36m<TIMESTAMP>,064 [DEBUG] [main] com.armedia.acm.data.SpringEntityListenerConfigurer - Entity class: com.armedia.acm.plugins.casefile.model.AcmQueue; has descriptor? true
[m[36m<TIMESTAMP>,064 [DEBUG] [main] com.armedia.acm.data.SpringEntityListenerConfigurer - adding listeners...
[m[36m<TIMESTAMP>,064 [DEBUG] [main] com.armedia.acm.data.SpringEntityListenerConfigurer - Entity class: com.armedia.acm.plugins.complaint.model.CloseComplaintRequest; has descriptor? true
[m[36m<TIMESTAMP>,064 [DEBUG] [main] com.armedia.acm.data.SpringEntityListenerConfigurer - adding listeners...
[m[36m<TIMESTAMP>,064 [DEBUG] [main] com.armedia.acm.data.SpringEntityListenerConfigurer - Entity class: com.armedia.acm.plugins.complaint.model.Complaint; has descriptor? true
[m[36m<TIMESTAMP>,064 [DEBUG] [main] com.armedia.acm.data.SpringEntityListenerConfigurer - adding listeners...
[m[36m<TIMESTAMP>,064 [DEBUG] [main] com.armedia.acm.data.SpringEntityListenerConfigurer - Entity class: com.armedia.acm.plugins.complaint.model.ComplaintListView; has descriptor? true
[m[36m<TIMESTAMP>,064 [DEBUG] [main] com.armedia.acm.data.SpringEntityListenerConfigurer - adding listeners...
[m[36m<TIMESTAMP>,064 [DEBUG] [main] com.armedia.acm.data.SpringEntityListenerConfigurer - Entity class: com.armedia.acm.services.sequence.model.AcmSequenceRegistry; has descriptor? true
[m[36m<TIMESTAMP>,064 [DEBUG] [main] com.armedia.acm.data.SpringEntityListenerConfigurer - adding listeners...
[m[36m<TIMESTAMP>,064 [DEBUG] [main] com.armedia.acm.data.SpringEntityListenerConfigurer - Entity class: com.armedia.acm.services.sequence.model.AcmSequenceRegistryUsed; has descriptor? true
[m[36m<TIMESTAMP>,064 [DEBUG] [main] com.armedia.acm.data.SpringEntityListenerConfigurer - adding listeners...
[m[36m<TIMESTAMP>,064 [DEBUG] [main] com.armedia.acm.data.SpringEntityListenerConfigurer - Entity class: com.armedia.acm.services.sequence.model.AcmSequenceReset; has descriptor? true
[m[36m<TIMESTAMP>,064 [DEBUG] [main] com.armedia.acm.data.SpringEntityListenerConfigurer - adding listeners...
[m[36m<TIMESTAMP>,064 [DEBUG] [main] com.armedia.acm.data.SpringEntityListenerConfigurer - Entity class: com.armedia.acm.services.sequence.model.AcmSequenceEntity; has descriptor? true
[m[36m<TIMESTAMP>,064 [DEBUG] [main] com.armedia.acm.data.SpringEntityListenerConfigurer - adding listeners...
[m[36m<TIMESTAMP>,064 [DEBUG] [main] com.armedia.acm.data.SpringEntityListenerConfigurer - Entity class: com.armedia.acm.services.ocr.model.OCR; has descriptor? true
[m[32m<TIMESTAMP>,774 [INFO ] [main] org.apache.commons.vfs2.impl.StandardFileSystemManager - Using "/tmp/blitzy/ArkCase/blitzy-<UUID>-w-053_196589/.blitzy-scratch/rt/base8/tomcat/temp/vfs_cache" as temporary files store.
[m[36m<TIMESTAMP>,630 [DEBUG] [main] com.armedia.acm.services.mediaengine.rules.MediaEngineBusinessRulesExecutor - Getting rules from rules/drools-comprehend-medical-rules.xlsx
[m[36m<TIMESTAMP>,799 [DEBUG] [main] com.armedia.acm.services.mediaengine.rules.MediaEngineBusinessRulesExecutor - Updated business rules from file 'drools-comprehend-medical-rules.xlsx'
[m[36m<TIMESTAMP>,800 [DEBUG] [main] com.armedia.acm.services.mediaengine.rules.MediaEngineBusinessProcessRulesExecutor - Getting rules from rules/drools-comprehend-medical-business-process-rules.xlsx
[m[36m<TIMESTAMP>,950 [DEBUG] [main] com.armedia.acm.services.mediaengine.rules.MediaEngineBusinessProcessRulesExecutor - Updated business rules from file 'drools-comprehend-medical-business-process-rules.xlsx'
[m[36m<TIMESTAMP>,201 [DEBUG] [main] com.armedia.acm.objectdiff.service.AcmDiffService - Initialize object diff settings for class: [com.armedia.acm.plugins.person.model.Person]
[m[36m<TIMESTAMP>,201 [DEBUG] [main] com.armedia.acm.objectdiff.service.AcmDiffService - Initialize object diff settings for class: [com.armedia.acm.plugins.addressable.model.PostalAddress]
[m[36m<TIMESTAMP>,201 [DEBUG] [main] com.armedia.acm.objectdiff.service.AcmDiffService - Initialize object diff settings for class: [com.armedia.acm.plugins.person.model.Organization]
[m[36m<TIMESTAMP>,201 [DEBUG] [main] com.armedia.acm.objectdiff.service.AcmDiffService - Initialize object diff settings for class: [com.armedia.acm.plugins.addressable.model.ContactMethod]
[m[36m<TIMESTAMP>,201 [DEBUG] [main] com.armedia.acm.objectdiff.service.AcmDiffService - Initialize object diff settings for class: [com.armedia.acm.plugins.complaint.model.Complaint]
[m[36m<TIMESTAMP>,201 [DEBUG] [main] com.armedia.acm.objectdiff.service.AcmDiffService - Initialize object diff settings for class: [com.armedia.acm.plugins.person.model.PersonAlias]
[m[36m<TIMESTAMP>,201 [DEBUG] [main] com.armedia.acm.objectdiff.service.AcmDiffService - Initialize object diff settings for class: [com.armedia.acm.plugins.person.model.Identification]
[m[36m<TIMESTAMP>,201 [DEBUG] [main] com.armedia.acm.objectdiff.service.AcmDiffService - Initialize object diff settings for class: [com.armedia.acm.plugins.person.model.OrganizationAssociation]
[m[36m<TIMESTAMP>,201 [DEBUG] [main] com.armedia.acm.objectdiff.service.AcmDiffService - Initialize object diff settings for class: [com.armedia.acm.plugins.person.model.PersonAssociation]
[m[32m<TIMESTAMP>,730 [INFO ] [main] com.armedia.acm.web.api.MDCThreadPoolTaskExecutor - Initializing ExecutorService 'fileCompressThreadPoolTaskExecutor'
[m[32m<TIMESTAMP>,930 [INFO ] [main] org.springframework.cache.ehcache.EhCacheManagerFactoryBean - Initializing EhCache CacheManager
[m[33m<TIMESTAMP>,028 [WARN ] [main] net.sf.ehcache.CacheManager - One or more caches require a DiskStore but there is no diskStore element configured. Using the default disk store path of /tmp/blitzy/ArkCase/blitzy-<UUID>-w-053_196589/.blitzy-scratch/rt/base8/tomcat/temp. Please explicitly configure the diskStore element in ehcache.xml.
[m[32m<TIMESTAMP>,888 [INFO ] [main] org.springframework.scheduling.concurrent.ThreadPoolTaskExecutor - Initializing ExecutorService
[m[32m<TIMESTAMP>,083 [INFO ] [main] com.armedia.acm.activiti.services.ActivityClassPathBpmnDeployer - Scanning for resources matching [classpath*:/activiti/acm*.bpmn20.xml,classpath*:/activiti/ArkCase*.bpmn20.xml,classpath*:/activiti/DefaultComplaint*.bpmn20.xml,classpath*:/activiti/Corrective*.bpmn20.xml,classpath*:/activiti/Media*.bpmn20.xml]
[m[32m<TIMESTAMP>,085 [INFO ] [main] com.armedia.acm.activiti.services.ActivityClassPathBpmnDeployer - Found resource [acmDocumentWorkflow_v5.bpmn20.xml]
[m[32m<TIMESTAMP>,094 [INFO ] [main] com.armedia.acm.activiti.services.AcmBpmnServiceImpl - Digest [b60e02c94c94e73f010e7203254a930351984fe617a6f424e539cf1a978d23df] from Bpmn file
[m[32m<TIMESTAMP>,101 [INFO ] [main] com.armedia.acm.activiti.services.AcmBpmnServiceImpl - extracted id[acmDocumentWorkflow] from Bpmn file
[m[36m<TIMESTAMP>,227 [DEBUG] [main] com.armedia.acm.audit.listeners.AcmActivitiEntityEventListener - Activiti entity created event handling
[m[32m<TIMESTAMP>,227 [INFO ] [main] org.activiti.engine.impl.bpmn.deployer.BpmnDeployer - Processing resource acmDocumentWorkflow.bpmn20.xml
[m[32m<TIMESTAMP>,383 [INFO ] [main] com.armedia.acm.activiti.ActivitiProcessParseHandler - parse handler called for Process ACM Document Approval Process - Review
[m[32m<TIMESTAMP>,418 [INFO ] [main] com.armedia.acm.activiti.ActivitiUserTaskParseHandler - parse handler called for user task Review ${taskName}
[m[32m<TIMESTAMP>,442 [INFO ] [main] com.armedia.acm.activiti.ActivitiUserTaskParseHandler - parse handler called for user task Rework ${taskName}
[m[36m<TIMESTAMP>,768 [DEBUG] [main] com.armedia.acm.audit.listeners.AcmActivitiEntityEventListener - Activiti entity created event handling
[m[32m<TIMESTAMP>,831 [INFO ] [main] com.armedia.acm.services.sequence.annotation.AcmSequenceAnnotationReader - Added sequence attributes for object [com.armedia.acm.activiti.model.AcmProcessDefinition]
[m[36m<TIMESTAMP>,979 [DEBUG] [main] com.armedia.acm.services.search.service.JpaObjectsToSearchService - Sending objects to SOLR: 1 added; 1 updated; 0 deleted.
[m[36m<TIMESTAMP>,979 [DEBUG] [main] com.armedia.acm.spring.SpringContextHolder - Looking for beans of type: com.armedia.acm.services.search.service.AcmObjectToSolrDocTransformer
[m[36m<TIMESTAMP>,980 [DEBUG] [main] com.armedia.acm.spring.SpringContextHolder - Returning 42 beans of type com.armedia.acm.services.search.service.AcmObjectToSolrDocTransformer
[m[36m<TIMESTAMP>,982 [DEBUG] [main] com.armedia.acm.audit.listeners.AcmAuditDatabaseListener - Database changes auditing event handling
[m[32m<TIMESTAMP>,983 [INFO ] [main] com.armedia.acm.activiti.services.ActivityClassPathBpmnDeployer - Found resource [acmDocumentSingleTaskWorkflow_v2.bpmn20.xml]
[m[32m<TIMESTAMP>,984 [INFO ] [main] com.armedia.acm.activiti.services.AcmBpmnServiceImpl - Digest [be61d110d0a35a6c8b50539d581da4dd70eded6c2062c9ca2adbe8b687741ddd] from Bpmn file
[m[32m<TIMESTAMP>,986 [INFO ] [main] com.armedia.acm.activiti.services.AcmBpmnServiceImpl - extracted id[acmDocumentSingleTaskWorkflow] from Bpmn file
[m[36m<TIMESTAMP>,989 [DEBUG] [main] com.armedia.acm.audit.listeners.AcmActivitiEntityEventListener - Activiti entity created event handling
[m[32m<TIMESTAMP>,989 [INFO ] [main] org.activiti.engine.impl.bpmn.deployer.BpmnDeployer - Processing resource acmDocumentSingleTaskWorkflow.bpmn20.xml
[m[33m<TIMESTAMP>,002 [WARN ] [main] org.activiti.engine.impl.bpmn.parser.BpmnParse - Following warnings encountered during process validation: [Validation set: 'activiti-executable-process' | Problem: 'activiti-di-invalid-reference'] : Invalid reference in diagram interchange definition: could not find sid-<UUID> - [Extra info : ]
[Validation set: 'activiti-executable-process' | Problem: 'activiti-di-invalid-reference'] : Invalid reference in diagram interchange definition: could not find sid-<UUID> - [Extra info : ]
[Validation set: 'activiti-executable-process' | Problem: 'activiti-di-invalid-reference'] : Invalid reference in diagram interchange definition: could not find sid-<UUID> - [Extra info : ]
[Validation set: 'activiti-executable-process' | Problem: 'activiti-di-invalid-reference'] : Invalid reference in diagram interchange definition: could not find sid-<UUID> - [Extra info : ]
[Validation set: 'activiti-executable-process' | Problem: 'activiti-di-invalid-reference'] : Invalid reference in diagram interchange definition: could not find sid-<UUID> - [Extra info : ]

[m[32m<TIMESTAMP>,002 [INFO ] [main] com.armedia.acm.activiti.ActivitiProcessParseHandler - parse handler called for Process ACM Document Workflow - Single Task
[m[32m<TIMESTAMP>,002 [INFO ] [main] com.armedia.acm.activiti.ActivitiUserTaskParseHandler - parse handler called for user task ${currentTaskName}
[m[33m<TIMESTAMP>,004 [WARN ] [main] org.activiti.engine.impl.bpmn.parser.BpmnParse - Invalid reference in diagram interchange definition: could not find sid-<UUID>
[m[33m<TIMESTAMP>,004 [WARN ] [main] org.activiti.engine.impl.bpmn.parser.BpmnParse - Invalid reference in diagram interchange definition: could not find sid-<UUID>
[m[33m<TIMESTAMP>,004 [WARN ] [main] org.activiti.engine.impl.bpmn.parser.BpmnParse - Invalid reference in diagram interchange definition: could not find sid-<UUID>
[m[33m<TIMESTAMP>,004 [WARN ] [main] org.activiti.engine.impl.bpmn.parser.BpmnParse - Invalid reference in diagram interchange definition: could not find sid-<UUID>
[m[33m<TIMESTAMP>,004 [WARN ] [main] org.activiti.engine.impl.bpmn.parser.BpmnParse - Invalid reference in diagram interchange definition: could not find sid-<UUID>
[m[36m<TIMESTAMP>,026 [DEBUG] [main] com.armedia.acm.audit.listeners.AcmActivitiEntityEventListener - Activiti entity created event handling
[m[36m<TIMESTAMP>,042 [DEBUG] [main] com.armedia.acm.services.search.service.JpaObjectsToSearchService - Sending objects to SOLR: 1 added; 1 updated; 0 deleted.
[m[36m<TIMESTAMP>,043 [DEBUG] [main] com.armedia.acm.spring.SpringContextHolder - Looking for beans of type: com.armedia.acm.services.search.service.AcmObjectToSolrDocTransformer
[m[36m<TIMESTAMP>,043 [DEBUG] [main] com.armedia.acm.spring.SpringContextHolder - Returning 42 beans of type com.armedia.acm.services.search.service.AcmObjectToSolrDocTransformer
[m[36m<TIMESTAMP>,043 [DEBUG] [main] com.armedia.acm.audit.listeners.AcmAuditDatabaseListener - Database changes auditing event handling
[m[32m<TIMESTAMP>,043 [INFO ] [main] com.armedia.acm.activiti.services.ActivityClassPathBpmnDeployer - Found resource [acmDocumentTaskWorkflow_v1.bpmn20.xml]
[m[32m<TIMESTAMP>,044 [INFO ] [main] com.armedia.acm.activiti.services.AcmBpmnServiceImpl - Digest [fd3e1892974c8cf208941f0077cd4b811790db85504cfa07e4835fe39d7aef33] from Bpmn file
[m[32m<TIMESTAMP>,045 [INFO ] [main] com.armedia.acm.activiti.services.AcmBpmnServiceImpl - extracted id[acmDocumentTaskWorkflow] from Bpmn file
[m[36m<TIMESTAMP>,047 [DEBUG] [main] com.armedia.acm.audit.listeners.AcmActivitiEntityEventListener - Activiti entity created event handling
[m[32m<TIMESTAMP>,048 [INFO ] [main] org.activiti.engine.impl.bpmn.deployer.BpmnDeployer - Processing resource acmDocumentTaskWorkflow.bpmn20.xml
[m[32m<TIMESTAMP>,058 [INFO ] [main] com.armedia.acm.activiti.ActivitiProcessParseHandler - parse handler called for Process ACM Document Approval Process
[m[32m<TIMESTAMP>,059 [INFO ] [main] com.armedia.acm.activiti.ActivitiUserTaskParseHandler - parse handler called for user task ${taskName}
[m[32m<TIMESTAMP>,059 [INFO ] [main] com.armedia.acm.activiti.ActivitiUserTaskParseHandler - parse handler called for user task Rework ${taskName}
[m[36m<TIMESTAMP>,120 [DEBUG] [main] com.armedia.acm.audit.listeners.AcmActivitiEntityEventListener - Activiti entity created event handling
[m[36m<TIMESTAMP>,135 [DEBUG] [main] com.armedia.acm.services.search.service.JpaObjectsToSearchService - Sending objects to SOLR: 1 added; 1 updated; 0 deleted.
[m[36m<TIMESTAMP>,135 [DEBUG] [main] com.armedia.acm.spring.SpringContextHolder - Looking for beans of type: com.armedia.acm.services.search.service.AcmObjectToSolrDocTransformer
[m[36m<TIMESTAMP>,135 [DEBUG] [main] com.armedia.acm.spring.SpringContextHolder - Returning 42 beans of type com.armedia.acm.services.search.service.AcmObjectToSolrDocTransformer
[m[36m<TIMESTAMP>,135 [DEBUG] [main] com.armedia.acm.audit.listeners.AcmAuditDatabaseListener - Database changes auditing event handling
[m[32m<TIMESTAMP>,137 [INFO ] [main] com.armedia.acm.activiti.services.ActivityClassPathBpmnDeployer - Found resource [ArkCase Buckslip Process v4.bpmn20.xml]
[m[32m<TIMESTAMP>,140 [INFO ] [main] com.armedia.acm.activiti.services.AcmBpmnServiceImpl - Digest [57669a5ef8a22bf0c02091dfc6e08d0752f4d055fe43eeb11c84a51ac234ac77] from Bpmn file
[m[32m<TIMESTAMP>,143 [INFO ] [main] com.armedia.acm.activiti.services.AcmBpmnServiceImpl - extracted id[ArkCaseBuckslipProcess] from Bpmn file
[m[36m<TIMESTAMP>,145 [DEBUG] [main] com.armedia.acm.audit.listeners.AcmActivitiEntityEventListener - Activiti entity created event handling
[m[32m<TIMESTAMP>,146 [INFO ] [main] org.activiti.engine.impl.bpmn.deployer.BpmnDeployer - Processing resource ArkCaseBuckslipProcess.bpmn20.xml
[m[32m<TIMESTAMP>,162 [INFO ] [main] com.armedia.acm.activiti.ActivitiProcessParseHandler - parse handler called for Process ArkCase Buckslip Process
[m[32m<TIMESTAMP>,166 [INFO ] [main] com.armedia.acm.activiti.ActivitiUserTaskParseHandler - parse handler called for user task ${currentTaskName}
[m[36m<TIMESTAMP>,230 [DEBUG] [main] com.armedia.acm.audit.listeners.AcmActivitiEntityEventListener - Activiti entity created event handling
[m[36m<TIMESTAMP>,245 [DEBUG] [main] com.armedia.acm.services.search.service.JpaObjectsToSearchService - Sending objects to SOLR: 1 added; 1 updated; 0 deleted.
[m[36m<TIMESTAMP>,245 [DEBUG] [main] com.armedia.acm.spring.SpringContextHolder - Looking for beans of type: com.armedia.acm.services.search.service.AcmObjectToSolrDocTransformer
[m[36m<TIMESTAMP>,245 [DEBUG] [main] com.armedia.acm.spring.SpringContextHolder - Returning 42 beans of type com.armedia.acm.services.search.service.AcmObjectToSolrDocTransformer
[m[36m<TIMESTAMP>,246 [DEBUG] [main] com.armedia.acm.audit.listeners.AcmAuditDatabaseListener - Database changes auditing event handling
[m[32m<TIMESTAMP>,247 [INFO ] [main] com.armedia.acm.activiti.services.ActivityClassPathBpmnDeployer - Found resource [DefaultComplaintWorkflow_v5.bpmn20.xml]
[m[32m<TIMESTAMP>,248 [INFO ] [main] com.armedia.acm.activiti.services.AcmBpmnServiceImpl - Digest [8f2ceb667963f9808d94de463a5d5e2287e865eb5625a4c7c9b9a67409309b27] from Bpmn file
[m[32m<TIMESTAMP>,251 [INFO ] [main] com.armedia.acm.activiti.services.AcmBpmnServiceImpl - extracted id[cmComplaintWorkflow] from Bpmn file
[m[36m<TIMESTAMP>,253 [DEBUG] [main] com.armedia.acm.audit.listeners.AcmActivitiEntityEventListener - Activiti entity created event handling
[m[32m<TIMESTAMP>,253 [INFO ] [main] org.activiti.engine.impl.bpmn.deployer.BpmnDeployer - Processing resource cmComplaintWorkflow.bpmn20.xml
[m[32m<TIMESTAMP>,262 [INFO ] [main] com.armedia.acm.activiti.ActivitiProcessParseHandler - parse handler called for Process Complaint review and approval process
[m[32m<TIMESTAMP>,262 [INFO ] [main] com.armedia.acm.activiti.ActivitiUserTaskParseHandler - parse handler called for user task Approve Complaint '${complaintTitle}'
[m[36m<TIMESTAMP>,263 [DEBUG] [main] com.armedia.acm.audit.listeners.AcmActivitiEntityEventListener - Activiti entity created event handling
[m[36m<TIMESTAMP>,274 [DEBUG] [main] com.armedia.acm.services.search.service.JpaObjectsToSearchService - Sending objects to SOLR: 1 added; 1 updated; 0 deleted.
[m[36m<TIMESTAMP>,274 [DEBUG] [main] com.armedia.acm.spring.SpringContextHolder - Looking for beans of type: com.armedia.acm.services.search.service.AcmObjectToSolrDocTransformer
[m[36m<TIMESTAMP>,275 [DEBUG] [main] com.armedia.acm.spring.SpringContextHolder - Returning 42 beans of type com.armedia.acm.services.search.service.AcmObjectToSolrDocTransformer
[m[36m<TIMESTAMP>,275 [DEBUG] [main] com.armedia.acm.audit.listeners.AcmAuditDatabaseListener - Database changes auditing event handling
[m[32m<TIMESTAMP>,277 [INFO ] [main] com.armedia.acm.activiti.services.ActivityClassPathBpmnDeployer - Found resource [Corrective Task Action Plan.bpmn20.xml]
[m[32m<TIMESTAMP>,278 [INFO ] [main] com.armedia.acm.activiti.services.AcmBpmnServiceImpl - Digest [46a85c1db3eda82a8f232aa67df997bbe6f53960fe341ee3f4098553966e6698] from Bpmn file
[m[32m<TIMESTAMP>,280 [INFO ] [main] com.armedia.acm.activiti.services.AcmBpmnServiceImpl - extracted id[CorrectiveTaskActionPlan] from Bpmn file
[m[36m<TIMESTAMP>,283 [DEBUG] [main] com.armedia.acm.audit.listeners.AcmActivitiEntityEventListener - Activiti entity created event handling
[m[32m<TIMESTAMP>,283 [INFO ] [main] org.activiti.engine.impl.bpmn.deployer.BpmnDeployer - Processing resource CorrectiveTaskActionPlan.bpmn20.xml
[m[32m<TIMESTAMP>,290 [INFO ] [main] com.armedia.acm.activiti.ActivitiProcessParseHandler - parse handler called for Process Corrective Action Plan
[m[32m<TIMESTAMP>,290 [INFO ] [main] com.armedia.acm.activiti.ActivitiUserTaskParseHandler - parse handler called for user task ${taskName}
[m[32m<TIMESTAMP>,290 [INFO ] [main] com.armedia.acm.activiti.ActivitiUserTaskParseHandler - parse handler called for user task ${taskName}
[m[36m<TIMESTAMP>,302 [DEBUG] [main] com.armedia.acm.audit.listeners.AcmActivitiEntityEventListener - Activiti entity created event handling
[m[36m<TIMESTAMP>,313 [DEBUG] [main] com.armedia.acm.services.search.service.JpaObjectsToSearchService - Sending objects to SOLR: 1 added; 1 updated; 0 deleted.
[m[36m<TIMESTAMP>,313 [DEBUG] [main] com.armedia.acm.spring.SpringContextHolder - Looking for beans of type: com.armedia.acm.services.search.service.AcmObjectToSolrDocTransformer
[m[36m<TIMESTAMP>,313 [DEBUG] [main] com.armedia.acm.spring.SpringContextHolder - Returning 42 beans of type com.armedia.acm.services.search.service.AcmObjectToSolrDocTransformer
[m[36m<TIMESTAMP>,313 [DEBUG] [main] com.armedia.acm.audit.listeners.AcmAuditDatabaseListener - Database changes auditing event handling
[m[32m<TIMESTAMP>,313 [INFO ] [main] com.armedia.acm.activiti.services.ActivityClassPathBpmnDeployer - Found resource [Corrective Action Plan_v3.bpmn20.xml]
[m[32m<TIMESTAMP>,314 [INFO ] [main] com.armedia.acm.activiti.services.AcmBpmnServiceImpl - Digest [0ad61a22e53fdd9193fb4f8c573685f42fd84084ec936db85598e591e6498b22] from Bpmn file
[m[32m<TIMESTAMP>,315 [INFO ] [main] com.armedia.acm.activiti.services.AcmBpmnServiceImpl - extracted id[CorrectiveActionPlan] from Bpmn file
[m[36m<TIMESTAMP>,317 [DEBUG] [main] com.armedia.acm.audit.listeners.AcmActivitiEntityEventListener - Activiti entity created event handling
[m[32m<TIMESTAMP>,317 [INFO ] [main] org.activiti.engine.impl.bpmn.deployer.BpmnDeployer - Processing resource CorrectiveActionPlan.bpmn20.xml
[m[32m<TIMESTAMP>,324 [INFO ] [main] com.armedia.acm.activiti.ActivitiProcessParseHandler - parse handler called for Process Corrective Action Plan - Review
[m[32m<TIMESTAMP>,324 [INFO ] [main] com.armedia.acm.activiti.ActivitiUserTaskParseHandler - parse handler called for user task Review Document "${OBJECT_NAME}"
[m[32m<TIMESTAMP>,324 [INFO ] [main] com.armedia.acm.activiti.ActivitiUserTaskParseHandler - parse handler called for user task Finalize Document "${OBJECT_NAME}"
[m[36m<TIMESTAMP>,338 [DEBUG] [main] com.armedia.acm.audit.listeners.AcmActivitiEntityEventListener - Activiti entity created event handling
[m[36m<TIMESTAMP>,352 [DEBUG] [main] com.armedia.acm.services.search.service.JpaObjectsToSearchService - Sending objects to SOLR: 1 added; 1 updated; 0 deleted.
[m[36m<TIMESTAMP>,352 [DEBUG] [main] com.armedia.acm.spring.SpringContextHolder - Looking for beans of type: com.armedia.acm.services.search.service.AcmObjectToSolrDocTransformer
[m[36m<TIMESTAMP>,352 [DEBUG] [main] com.armedia.acm.spring.SpringContextHolder - Returning 42 beans of type com.armedia.acm.services.search.service.AcmObjectToSolrDocTransformer
[m[36m<TIMESTAMP>,352 [DEBUG] [main] com.armedia.acm.audit.listeners.AcmAuditDatabaseListener - Database changes auditing event handling
[m[32m<TIMESTAMP>,353 [INFO ] [main] com.armedia.acm.activiti.services.ActivityClassPathBpmnDeployer - Found resource [MediaEngineWorkFlow_v2.bpmn20.xml]
[m[32m<TIMESTAMP>,354 [INFO ] [main] com.armedia.acm.activiti.services.AcmBpmnServiceImpl - Digest [35d000ab286e7e1a5599a61e1de57bf374f9406754a043099df5265dcf90dcdc] from Bpmn file
[m[32m<TIMESTAMP>,356 [INFO ] [main] com.armedia.acm.activiti.services.AcmBpmnServiceImpl - extracted id[MediaEngineWorkFlow] from Bpmn file
[m[36m<TIMESTAMP>,358 [DEBUG] [main] com.armedia.acm.audit.listeners.AcmActivitiEntityEventListener - Activiti entity created event handling
[m[32m<TIMESTAMP>,358 [INFO ] [main] org.activiti.engine.impl.bpmn.deployer.BpmnDeployer - Processing resource MediaEngineWorkFlow.bpmn20.xml
[m[32m<TIMESTAMP>,367 [INFO ] [main] com.armedia.acm.activiti.ActivitiProcessParseHandler - parse handler called for Process MediaEngineWorkFlow
[m[36m<TIMESTAMP>,502 [DEBUG] [main] com.armedia.acm.audit.listeners.AcmActivitiEntityEventListener - Activiti entity created event handling
[m[36m<TIMESTAMP>,515 [DEBUG] [main] com.armedia.acm.services.search.service.JpaObjectsToSearchService - Sending objects to SOLR: 1 added; 1 updated; 0 deleted.
[m[36m<TIMESTAMP>,515 [DEBUG] [main] com.armedia.acm.spring.SpringContextHolder - Looking for beans of type: com.armedia.acm.services.search.service.AcmObjectToSolrDocTransformer
[m[36m<TIMESTAMP>,515 [DEBUG] [main] com.armedia.acm.spring.SpringContextHolder - Returning 42 beans of type com.armedia.acm.services.search.service.AcmObjectToSolrDocTransformer
[m[36m<TIMESTAMP>,515 [DEBUG] [main] com.armedia.acm.audit.listeners.AcmAuditDatabaseListener - Database changes auditing event handling
[m[32m<TIMESTAMP>,516 [INFO ] [main] com.armedia.acm.activiti.services.ActivityClassPathBpmnDeployer - Done scanning for resources matching [classpath*:/activiti/acm*.bpmn20.xml,classpath*:/activiti/ArkCase*.bpmn20.xml,classpath*:/activiti/DefaultComplaint*.bpmn20.xml,classpath*:/activiti/Corrective*.bpmn20.xml,classpath*:/activiti/Media*.bpmn20.xml]
[m[36m<TIMESTAMP>,926 [DEBUG] [main] com.armedia.acm.files.ConfigFileWatcher - The application event publisher has been set!
[m[36m<TIMESTAMP>,926 [DEBUG] [main] com.armedia.acm.files.ConfigFileWatcher - The application context has been set!
[m[36m<TIMESTAMP>,926 [DEBUG] [main] com.armedia.acm.files.ConfigFileWatcher - Looking for files in: file:///tmp/blitzy/ArkCase/blitzy-<UUID>-w-053_196589/.blitzy-scratch/rt/base8/home/.arkcase/acm
[m[36m<TIMESTAMP>,947 [DEBUG] [main] com.armedia.acm.files.ConfigFileWatcher - file added: file:///tmp/blitzy/ArkCase/blitzy-<UUID>-w-053_196589/.blitzy-scratch/rt/base8/home/.arkcase/acm/correspondence-merge-fields.json
[m[36m<TIMESTAMP>,069 [DEBUG] [main] com.armedia.acm.spring.SpringContextHolder - Event type: [com.armedia.acm.files.ConfigurationFileAddedEvent]. Event base filename: [correspondence-merge-fields.json]
[m[36m<TIMESTAMP>,073 [DEBUG] [main] com.armedia.acm.files.ConfigFileWatcher - file added: file:///tmp/blitzy/ArkCase/blitzy-<UUID>-w-053_196589/.blitzy-scratch/rt/base8/home/.arkcase/acm/templates-configuration.json
[m[36m<TIMESTAMP>,074 [DEBUG] [main] com.armedia.acm.spring.SpringContextHolder - Event type: [com.armedia.acm.files.ConfigurationFileAddedEvent]. Event base filename: [templates-configuration.json]
[m[36m<TIMESTAMP>,074 [DEBUG] [main] com.armedia.acm.files.ConfigFileWatcher - file added: file:///tmp/blitzy/ArkCase/blitzy-<UUID>-w-053_196589/.blitzy-scratch/rt/base8/home/.arkcase/acm/conf.yml
[m[36m<TIMESTAMP>,074 [DEBUG] [main] com.armedia.acm.spring.SpringContextHolder - Event type: [com.armedia.acm.files.ConfigurationFileAddedEvent]. Event base filename: [conf.yml]
[m[36m<TIMESTAMP>,074 [DEBUG] [main] com.armedia.acm.files.ConfigFileWatcher - file added: file:///tmp/blitzy/ArkCase/blitzy-<UUID>-w-053_196589/.blitzy-scratch/rt/base8/home/.arkcase/acm/reports/static/reports/arkcase/caseSummary.prpt
[m[36m<TIMESTAMP>,074 [DEBUG] [main] com.armedia.acm.spring.SpringContextHolder - Event type: [com.armedia.acm.files.ConfigurationFileAddedEvent]. Event base filename: [reports/static/reports/arkcase/caseSummary.prpt]
[m[36m<TIMESTAMP>,074 [DEBUG] [main] com.armedia.acm.files.ConfigFileWatcher - file added: file:///tmp/blitzy/ArkCase/blitzy-<UUID>-w-053_196589/.blitzy-scratch/rt/base8/home/.arkcase/acm/reports/static/reports/arkcase/ComplaintDispositionCount.prpt
[m[36m<TIMESTAMP>,074 [DEBUG] [main] com.armedia.acm.spring.SpringContextHolder - Event type: [com.armedia.acm.files.ConfigurationFileAddedEvent]. Event base filename: [reports/static/reports/arkcase/ComplaintDispositionCount.prpt]
[m[36m<TIMESTAMP>,074 [DEBUG] [main] com.armedia.acm.files.ConfigFileWatcher - file added: file:///tmp/blitzy/ArkCase/blitzy-<UUID>-w-053_196589/.blitzy-scratch/rt/base8/home/.arkcase/acm/reports/static/reports/arkcase/consultationSummary.prpt
[m[36m<TIMESTAMP>,074 [DEBUG] [main] com.armedia.acm.spring.SpringContextHolder - Event type: [com.armedia.acm.files.ConfigurationFileAddedEvent]. Event base filename: [reports/static/reports/arkcase/consultationSummary.prpt]
[m[36m<TIMESTAMP>,075 [DEBUG] [main] com.armedia.acm.files.ConfigFileWatcher - file added: file:///tmp/blitzy/ArkCase/blitzy-<UUID>-w-053_196589/.blitzy-scratch/rt/base8/home/.arkcase/acm/reports/static/reports/arkcase/ComplaintReport.prpt
[m[36m<TIMESTAMP>,075 [DEBUG] [main] com.armedia.acm.spring.SpringContextHolder - Event type: [com.armedia.acm.files.ConfigurationFileAddedEvent]. Event base filename: [reports/static/reports/arkcase/ComplaintReport.prpt]
[m[36m<TIMESTAMP>,075 [DEBUG] [main] com.armedia.acm.files.ConfigFileWatcher - file added: file:///tmp/blitzy/ArkCase/blitzy-<UUID>-w-053_196589/.blitzy-scratch/rt/base8/home/.arkcase/acm/reports/static/reports/arkcase-audit/AuditReport.prpt
[m[36m<TIMESTAMP>,075 [DEBUG] [main] com.armedia.acm.spring.SpringContextHolder - Event type: [com.armedia.acm.files.ConfigurationFileAddedEvent]. Event base filename: [reports/static/reports/arkcase-audit/AuditReport.prpt]
[m[36m<TIMESTAMP>,075 [DEBUG] [main] com.armedia.acm.files.ConfigFileWatcher - file added: file:///tmp/blitzy/ArkCase/blitzy-<UUID>-w-053_196589/.blitzy-scratch/rt/base8/home/.arkcase/acm/reports/static/reports/arkcase-audit/AuditReportWithUrl.prpt
[m[36m<TIMESTAMP>,075 [DEBUG] [main] com.armedia.acm.spring.SpringContextHolder - Event type: [com.armedia.acm.files.ConfigurationFileAddedEvent]. Event base filename: [reports/static/reports/arkcase-audit/AuditReportWithUrl.prpt]
[m[36m<TIMESTAMP>,075 [DEBUG] [main] com.armedia.acm.files.ConfigFileWatcher - file added: file:///tmp/blitzy/ArkCase/blitzy-<UUID>-w-053_196589/.blitzy-scratch/rt/base8/home/.arkcase/acm/reports/interactive/datasources/ArkCase_Organization_Data.xmi
[m[36m<TIMESTAMP>,075 [DEBUG] [main] com.armedia.acm.spring.SpringContextHolder - Event type: [com.armedia.acm.files.ConfigurationFileAddedEvent]. Event base filename: [reports/interactive/datasources/ArkCase_Organization_Data.xmi]
[m[36m<TIMESTAMP>,075 [DEBUG] [main] com.armedia.acm.files.ConfigFileWatcher - file added: file:///tmp/blitzy/ArkCase/blitzy-<UUID>-w-053_196589/.blitzy-scratch/rt/base8/home/.arkcase/acm/reports/interactive/datasources/ArkCase_Person_Data.xmi
[m[36m<TIMESTAMP>,075 [DEBUG] [main] com.armedia.acm.spring.SpringContextHolder - Event type: [com.armedia.acm.files.ConfigurationFileAddedEvent]. Event base filename: [reports/interactive/datasources/ArkCase_Person_Data.xmi]
[m[36m<TIMESTAMP>,075 [DEBUG] [main] com.armedia.acm.files.ConfigFileWatcher - file added: file:///tmp/blitzy/ArkCase/blitzy-<UUID>-w-053_196589/.blitzy-scratch/rt/base8/home/.arkcase/acm/reports/interactive/datasources/ArkCase_Case_Data.xmi
[m[36m<TIMESTAMP>,075 [DEBUG] [main] com.armedia.acm.spring.SpringContextHolder - Event type: [com.armedia.acm.files.ConfigurationFileAddedEvent]. Event base filename: [reports/interactive/datasources/ArkCase_Case_Data.xmi]
[m[36m<TIMESTAMP>,075 [DEBUG] [main] com.armedia.acm.files.ConfigFileWatcher - file added: file:///tmp/blitzy/ArkCase/blitzy-<UUID>-w-053_196589/.blitzy-scratch/rt/base8/home/.arkcase/acm/ephesoft/.gitkeep
[m[36m<TIMESTAMP>,075 [DEBUG] [main] com.armedia.acm.spring.SpringContextHolder - Event type: [com.armedia.acm.files.ConfigurationFileAddedEvent]. Event base filename: [ephesoft/.gitkeep]
[m[36m<TIMESTAMP>,075 [DEBUG] [main] com.armedia.acm.files.ConfigFileWatcher - file added: file:///tmp/blitzy/ArkCase/blitzy-<UUID>-w-053_196589/.blitzy-scratch/rt/base8/home/.arkcase/acm/ephesoft/oxm/ephesoft_complaint_oxm.xml
[m[36m<TIMESTAMP>,075 [DEBUG] [main] com.armedia.acm.spring.SpringContextHolder - Event type: [com.armedia.acm.files.ConfigurationFileAddedEvent]. Event base filename: [ephesoft/oxm/ephesoft_complaint_oxm.xml]
[m[36m<TIMESTAMP>,076 [DEBUG] [main] com.armedia.acm.files.ConfigFileWatcher - file added: file:///tmp/blitzy/ArkCase/blitzy-<UUID>-w-053_196589/.blitzy-scratch/rt/base8/home/.arkcase/acm/ephesoft/oxm/ephesoft_case_file_oxm.xml
[m[36m<TIMESTAMP>,076 [DEBUG] [main] com.armedia.acm.spring.SpringContextHolder - Event type: [com.armedia.acm.files.ConfigurationFileAddedEvent]. Event base filename: [ephesoft/oxm/ephesoft_case_file_oxm.xml]
[m[36m<TIMESTAMP>,076 [DEBUG] [main] com.armedia.acm.files.ConfigFileWatcher - file added: file:///tmp/blitzy/ArkCase/blitzy-<UUID>-w-053_196589/.blitzy-scratch/rt/base8/home/.arkcase/acm/accessControlRules.json
[m[36m<TIMESTAMP>,076 [DEBUG] [main] com.armedia.acm.spring.SpringContextHolder - Event type: [com.armedia.acm.files.ConfigurationFileAddedEvent]. Event base filename: [accessControlRules.json]
[m[36m<TIMESTAMP>,076 [DEBUG] [main] com.armedia.acm.files.ConfigFileWatcher - file added: file:///tmp/blitzy/ArkCase/blitzy-<UUID>-w-053_196589/.blitzy-scratch/rt/base8/home/.arkcase/acm/app-config-default.xml
[m[36m<TIMESTAMP>,076 [DEBUG] [main] com.armedia.acm.spring.SpringContextHolder - Event type: [com.armedia.acm.files.ConfigurationFileAddedEvent]. Event base filename: [app-config-default.xml]
[m[36m<TIMESTAMP>,076 [DEBUG] [main] com.armedia.acm.files.ConfigFileWatcher - file added: file:///tmp/blitzy/ArkCase/blitzy-<UUID>-w-053_196589/.blitzy-scratch/rt/base8/home/.arkcase/acm/log4j2.xml
[m[36m<TIMESTAMP>,076 [DEBUG] [main] com.armedia.acm.spring.SpringContextHolder - Event type: [com.armedia.acm.files.ConfigurationFileAddedEvent]. Event base filename: [log4j2.xml]
[m[36m<TIMESTAMP>,076 [DEBUG] [main] com.armedia.acm.files.ConfigFileWatcher - file added: file:///tmp/blitzy/ArkCase/blitzy-<UUID>-w-053_196589/.blitzy-scratch/rt/base8/home/.arkcase/acm/acm-forms.properties
[m[36m<TIMESTAMP>,076 [DEBUG] [main] com.armedia.acm.spring.SpringContextHolder - Event type: [com.armedia.acm.files.ConfigurationFileAddedEvent]. Event base filename: [acm-forms.properties]
[m[36m<TIMESTAMP>,076 [DEBUG] [main] com.armedia.acm.files.ConfigFileWatcher - file added: file:///tmp/blitzy/ArkCase/blitzy-<UUID>-w-053_196589/.blitzy-scratch/rt/base8/home/.arkcase/acm/encryption/readme.md
[m[36m<TIMESTAMP>,076 [DEBUG] [main] com.armedia.acm.spring.SpringContextHolder - Event type: [com.armedia.acm.files.ConfigurationFileAddedEvent]. Event base filename: [encryption/readme.md]
[m[36m<TIMESTAMP>,076 [DEBUG] [main] com.armedia.acm.files.ConfigFileWatcher - file added: file:///tmp/blitzy/ArkCase/blitzy-<UUID>-w-053_196589/.blitzy-scratch/rt/base8/home/.arkcase/acm/encryption/symmetricKey.encrypted
[m[36m<TIMESTAMP>,076 [DEBUG] [main] com.armedia.acm.spring.SpringContextHolder - Event type: [com.armedia.acm.files.ConfigurationFileAddedEvent]. Event base filename: [encryption/symmetricKey.encrypted]
[m[36m<TIMESTAMP>,076 [DEBUG] [main] com.armedia.acm.files.ConfigFileWatcher - file added: file:///tmp/blitzy/ArkCase/blitzy-<UUID>-w-053_196589/.blitzy-scratch/rt/base8/home/.arkcase/acm/encryption/spring-properties-encryption.xml
[m[36m<TIMESTAMP>,076 [DEBUG] [main] com.armedia.acm.spring.SpringContextHolder - Event type: [com.armedia.acm.files.ConfigurationFileAddedEvent]. Event base filename: [encryption/spring-properties-encryption.xml]
[m[36m<TIMESTAMP>,076 [DEBUG] [main] com.armedia.acm.files.ConfigFileWatcher - file added: file:///tmp/blitzy/ArkCase/blitzy-<UUID>-w-053_196589/.blitzy-scratch/rt/base8/home/.arkcase/acm/private/saml-keystore
[m[36m<TIMESTAMP>,077 [DEBUG] [main] com.armedia.acm.spring.SpringContextHolder - Event type: [com.armedia.acm.files.ConfigurationFileAddedEvent]. Event base filename: [private/saml-keystore]
[m[36m<TIMESTAMP>,077 [DEBUG] [main] com.armedia.acm.files.ConfigFileWatcher - file added: file:///tmp/blitzy/ArkCase/blitzy-<UUID>-w-053_196589/.blitzy-scratch/rt/base8/home/.arkcase/acm/private/acm-arkcase.crt
[m[36m<TIMESTAMP>,077 [DEBUG] [main] com.armedia.acm.spring.SpringContextHolder - Event type: [com.armedia.acm.files.ConfigurationFileAddedEvent]. Event base filename: [private/acm-arkcase.crt]
[m[36m<TIMESTAMP>,077 [DEBUG] [main] com.armedia.acm.files.ConfigFileWatcher - file added: file:///tmp/blitzy/ArkCase/blitzy-<UUID>-w-053_196589/.blitzy-scratch/rt/base8/home/.arkcase/acm/private/arkcase.ks
[m[36m<TIMESTAMP>,077 [DEBUG] [main] com.armedia.acm.spring.SpringContextHolder - Event type: [com.armedia.acm.files.ConfigurationFileAddedEvent]. Event base filename: [private/arkcase.ks]
[m[36m<TIMESTAMP>,077 [DEBUG] [main] com.armedia.acm.files.ConfigFileWatcher - file added: file:///tmp/blitzy/ArkCase/blitzy-<UUID>-w-053_196589/.blitzy-scratch/rt/base8/home/.arkcase/acm/private/readme.md
[m[36m<TIMESTAMP>,077 [DEBUG] [main] com.armedia.acm.spring.SpringContextHolder - Event type: [com.armedia.acm.files.ConfigurationFileAddedEvent]. Event base filename: [private/readme.md]
[m[36m<TIMESTAMP>,077 [DEBUG] [main] com.armedia.acm.files.ConfigFileWatcher - file added: file:///tmp/blitzy/ArkCase/blitzy-<UUID>-w-053_196589/.blitzy-scratch/rt/base8/home/.arkcase/acm/private/acm-arkcase.rsa.pem
[m[36m<TIMESTAMP>,077 [DEBUG] [main] com.armedia.acm.spring.SpringContextHolder - Event type: [com.armedia.acm.files.ConfigurationFileAddedEvent]. Event base filename: [private/acm-arkcase.rsa.pem]
[m[36m<TIMESTAMP>,077 [DEBUG] [main] com.armedia.acm.files.ConfigFileWatcher - file added: file:///tmp/blitzy/ArkCase/blitzy-<UUID>-w-053_196589/.blitzy-scratch/rt/base8/home/.arkcase/acm/private/arkcase.ts
[m[36m<TIMESTAMP>,077 [DEBUG] [main] com.armedia.acm.spring.SpringContextHolder - Event type: [com.armedia.acm.files.ConfigurationFileAddedEvent]. Event base filename: [private/arkcase.ts]
[m[36m<TIMESTAMP>,077 [DEBUG] [main] com.armedia.acm.files.ConfigFileWatcher - file added: file:///tmp/blitzy/ArkCase/blitzy-<UUID>-w-053_196589/.blitzy-scratch/rt/base8/home/.arkcase/acm/private/encryption-keystore
[m[36m<TIMESTAMP>,077 [DEBUG] [main] com.armedia.acm.spring.SpringContextHolder - Event type: [com.armedia.acm.files.ConfigurationFileAddedEvent]. Event base filename: [private/encryption-keystore]
[m[36m<TIMESTAMP>,077 [DEBUG] [main] com.armedia.acm.files.ConfigFileWatcher - file added: file:///tmp/blitzy/ArkCase/blitzy-<UUID>-w-053_196589/.blitzy-scratch/rt/base8/home/.arkcase/acm/private/arkcase-ca.crt
[m[36m<TIMESTAMP>,077 [DEBUG] [main] com.armedia.acm.spring.SpringContextHolder - Event type: [com.armedia.acm.files.ConfigurationFileAddedEvent]. Event base filename: [private/arkcase-ca.crt]
[m[36m<TIMESTAMP>,077 [DEBUG] [main] com.armedia.acm.files.ConfigFileWatcher - file added: file:///tmp/blitzy/ArkCase/blitzy-<UUID>-w-053_196589/.blitzy-scratch/rt/base8/home/.arkcase/acm/acmSequenceConfiguration.json
[m[36m<TIMESTAMP>,077 [DEBUG] [main] com.armedia.acm.spring.SpringContextHolder - Event type: [com.armedia.acm.files.ConfigurationFileAddedEvent]. Event base filename: [acmSequenceConfiguration.json]
[m[36m<TIMESTAMP>,078 [DEBUG] [main] com.armedia.acm.files.ConfigFileWatcher - file added: file:///tmp/blitzy/ArkCase/blitzy-<UUID>-w-053_196589/.blitzy-scratch/rt/base8/home/.arkcase/acm/cmis/cmis-config-templates/camel-config-cmis.properties.ftl
[m[36m<TIMESTAMP>,078 [DEBUG] [main] com.armedia.acm.spring.SpringContextHolder - Event type: [com.armedia.acm.files.ConfigurationFileAddedEvent]. Event base filename: [cmis/cmis-config-templates/camel-config-cmis.properties.ftl]
[m[36m<TIMESTAMP>,078 [DEBUG] [main] com.armedia.acm.files.ConfigFileWatcher - file added: file:///tmp/blitzy/ArkCase/blitzy-<UUID>-w-053_196589/.blitzy-scratch/rt/base8/home/.arkcase/acm/cmis/camel-config-opencmis-cmis.properties
[m[36m<TIMESTAMP>,078 [DEBUG] [main] com.armedia.acm.spring.SpringContextHolder - Event type: [com.armedia.acm.files.ConfigurationFileAddedEvent]. Event base filename: [cmis/camel-config-opencmis-cmis.properties]
[m[36m<TIMESTAMP>,078 [DEBUG] [main] com.armedia.acm.files.ConfigFileWatcher - file added: file:///tmp/blitzy/ArkCase/blitzy-<UUID>-w-053_196589/.blitzy-scratch/rt/base8/home/.arkcase/acm/cmis/camel-config-alfresco-cmis.properties
[m[36m<TIMESTAMP>,078 [DEBUG] [main] com.armedia.acm.spring.SpringContextHolder - Event type: [com.armedia.acm.files.ConfigurationFileAddedEvent]. Event base filename: [cmis/camel-config-alfresco-cmis.properties]
[m[36m<TIMESTAMP>,078 [DEBUG] [main] com.armedia.acm.files.ConfigFileWatcher - file added: file:///tmp/blitzy/ArkCase/blitzy-<UUID>-w-053_196589/.blitzy-scratch/rt/base8/home/.arkcase/acm/load-spring/spring-library-app-context.xml
[m[36m<TIMESTAMP>,078 [DEBUG] [main] com.armedia.acm.spring.SpringContextHolder - Event type: [com.armedia.acm.files.ConfigurationFileAddedEvent]. Event base filename: [load-spring/spring-library-app-context.xml]
[m[36m<TIMESTAMP>,078 [DEBUG] [main] com.armedia.acm.files.ConfigFileWatcher - file added: file:///tmp/blitzy/ArkCase/blitzy-<UUID>-w-053_196589/.blitzy-scratch/rt/base8/home/.arkcase/acm/spring-security/spring-security-config-saml.xml
[m[36m<TIMESTAMP>,078 [DEBUG] [main] com.armedia.acm.spring.SpringContextHolder - Event type: [com.armedia.acm.files.ConfigurationFileAddedEvent]. Event base filename: [spring-security/spring-security-config-saml.xml]
[m[36m<TIMESTAMP>,078 [DEBUG] [main] com.armedia.acm.files.ConfigFileWatcher - file added: file:///tmp/blitzy/ArkCase/blitzy-<UUID>-w-053_196589/.blitzy-scratch/rt/base8/home/.arkcase/acm/spring-security/spring-security-config-external-saml.xml
[m[36m<TIMESTAMP>,078 [DEBUG] [main] com.armedia.acm.spring.SpringContextHolder - Event type: [com.armedia.acm.files.ConfigurationFileAddedEvent]. Event base filename: [spring-security/spring-security-config-external-saml.xml]
[m[36m<TIMESTAMP>,078 [DEBUG] [main] com.armedia.acm.files.ConfigFileWatcher - file added: file:///tmp/blitzy/ArkCase/blitzy-<UUID>-w-053_196589/.blitzy-scratch/rt/base8/home/.arkcase/acm/spring-security/spring-security-config-external-oidc.xml
[m[36m<TIMESTAMP>,078 [DEBUG] [main] com.armedia.acm.spring.SpringContextHolder - Event type: [com.armedia.acm.files.ConfigurationFileAddedEvent]. Event base filename: [spring-security/spring-security-config-external-oidc.xml]
[m[36m<TIMESTAMP>,078 [DEBUG] [main] com.armedia.acm.files.ConfigFileWatcher - file added: file:///tmp/blitzy/ArkCase/blitzy-<UUID>-w-053_196589/.blitzy-scratch/rt/base8/home/.arkcase/acm/spring-security/spring-security-config-kerberos.xml
[m[36m<TIMESTAMP>,078 [DEBUG] [main] com.armedia.acm.spring.SpringContextHolder - Event type: [com.armedia.acm.files.ConfigurationFileAddedEvent]. Event base filename: [spring-security/spring-security-config-kerberos.xml]
[m[36m<TIMESTAMP>,078 [DEBUG] [main] com.armedia.acm.files.ConfigFileWatcher - file added: file:///tmp/blitzy/ArkCase/blitzy-<UUID>-w-053_196589/.blitzy-scratch/rt/base8/home/.arkcase/acm/spring-security/spring-security-config-okta.xml
[m[36m<TIMESTAMP>,078 [DEBUG] [main] com.armedia.acm.spring.SpringContextHolder - Event type: [com.armedia.acm.files.ConfigurationFileAddedEvent]. Event base filename: [spring-security/spring-security-config-okta.xml]
[m[36m<TIMESTAMP>,078 [DEBUG] [main] com.armedia.acm.files.ConfigFileWatcher - file added: file:///tmp/blitzy/ArkCase/blitzy-<UUID>-w-053_196589/.blitzy-scratch/rt/base8/home/.arkcase/acm/spring-security/spring-security-config-ldap.xml
[m[36m<TIMESTAMP>,078 [DEBUG] [main] com.armedia.acm.spring.SpringContextHolder - Event type: [com.armedia.acm.files.ConfigurationFileAddedEvent]. Event base filename: [spring-security/spring-security-config-ldap.xml]
[m[36m<TIMESTAMP>,079 [DEBUG] [main] com.armedia.acm.files.ConfigFileWatcher - file added: file:///tmp/blitzy/ArkCase/blitzy-<UUID>-w-053_196589/.blitzy-scratch/rt/base8/home/.arkcase/acm/spring-security/spring-security-config-oidc.xml
[m[36m<TIMESTAMP>,079 [DEBUG] [main] com.armedia.acm.spring.SpringContextHolder - Event type: [com.armedia.acm.files.ConfigurationFileAddedEvent]. Event base filename: [spring-security/spring-security-config-oidc.xml]
[m[36m<TIMESTAMP>,079 [DEBUG] [main] com.armedia.acm.files.ConfigFileWatcher - file added: file:///tmp/blitzy/ArkCase/blitzy-<UUID>-w-053_196589/.blitzy-scratch/rt/base8/home/.arkcase/acm/spring-security/spring-security-config-external.xml
[m[36m<TIMESTAMP>,079 [DEBUG] [main] com.armedia.acm.spring.SpringContextHolder - Event type: [com.armedia.acm.files.ConfigurationFileAddedEvent]. Event base filename: [spring-security/spring-security-config-external.xml]
[m[36m<TIMESTAMP>,079 [DEBUG] [main] com.armedia.acm.files.ConfigFileWatcher - file added: file:///tmp/blitzy/ArkCase/blitzy-<UUID>-w-053_196589/.blitzy-scratch/rt/base8/home/.arkcase/acm/acm-forms-plain.properties
[m[36m<TIMESTAMP>,079 [DEBUG] [main] com.armedia.acm.spring.SpringContextHolder - Event type: [com.armedia.acm.files.ConfigurationFileAddedEvent]. Event base filename: [acm-forms-plain.properties]
[m[36m<TIMESTAMP>,079 [DEBUG] [main] com.armedia.acm.files.ConfigFileWatcher - file added: file:///tmp/blitzy/ArkCase/blitzy-<UUID>-w-053_196589/.blitzy-scratch/rt/base8/home/.arkcase/acm/correspondenceTemplates/NoticeofInvestigation.docx
[m[36m<TIMESTAMP>,079 [DEBUG] [main] com.armedia.acm.spring.SpringContextHolder - Event type: [com.armedia.acm.files.ConfigurationFileAddedEvent]. Event base filename: [correspondenceTemplates/NoticeofInvestigation.docx]
[m[36m<TIMESTAMP>,079 [DEBUG] [main] com.armedia.acm.files.ConfigFileWatcher - file added: file:///tmp/blitzy/ArkCase/blitzy-<UUID>-w-053_196589/.blitzy-scratch/rt/base8/home/.arkcase/acm/correspondenceTemplates/ComplaintGeneralRelease.docx
[m[36m<TIMESTAMP>,079 [DEBUG] [main] com.armedia.acm.spring.SpringContextHolder - Event type: [com.armedia.acm.files.ConfigurationFileAddedEvent]. Event base filename: [correspondenceTemplates/ComplaintGeneralRelease.docx]
[m[36m<TIMESTAMP>,079 [DEBUG] [main] com.armedia.acm.files.ConfigFileWatcher - file added: file:///tmp/blitzy/ArkCase/blitzy-<UUID>-w-053_196589/.blitzy-scratch/rt/base8/home/.arkcase/acm/correspondenceTemplates/ComplaintNoticeofInvestigation.docx
[m[36m<TIMESTAMP>,079 [DEBUG] [main] com.armedia.acm.spring.SpringContextHolder - Event type: [com.armedia.acm.files.ConfigurationFileAddedEvent]. Event base filename: [correspondenceTemplates/ComplaintNoticeofInvestigation.docx]
[m[36m<TIMESTAMP>,079 [DEBUG] [main] com.armedia.acm.files.ConfigFileWatcher - file added: file:///tmp/blitzy/ArkCase/blitzy-<UUID>-w-053_196589/.blitzy-scratch/rt/base8/home/.arkcase/acm/correspondenceTemplates/ClearanceGranted.docx
[m[36m<TIMESTAMP>,079 [DEBUG] [main] com.armedia.acm.spring.SpringContextHolder - Event type: [com.armedia.acm.files.ConfigurationFileAddedEvent]. Event base filename: [correspondenceTemplates/ClearanceGranted.docx]
[m[36m<TIMESTAMP>,079 [DEBUG] [main] com.armedia.acm.files.ConfigFileWatcher - file added: file:///tmp/blitzy/ArkCase/blitzy-<UUID>-w-053_196589/.blitzy-scratch/rt/base8/home/.arkcase/acm/correspondenceTemplates/MedicalRelease.docx
[m[36m<TIMESTAMP>,079 [DEBUG] [main] com.armedia.acm.spring.SpringContextHolder - Event type: [com.armedia.acm.files.ConfigurationFileAddedEvent]. Event base filename: [correspondenceTemplates/MedicalRelease.docx]
[m[36m<TIMESTAMP>,079 [DEBUG] [main] com.armedia.acm.files.ConfigFileWatcher - file added: file:///tmp/blitzy/ArkCase/blitzy-<UUID>-w-053_196589/.blitzy-scratch/rt/base8/home/.arkcase/acm/correspondenceTemplates/ClearanceDenied.docx
[m[36m<TIMESTAMP>,079 [DEBUG] [main] com.armedia.acm.spring.SpringContextHolder - Event type: [com.armedia.acm.files.ConfigurationFileAddedEvent]. Event base filename: [correspondenceTemplates/ClearanceDenied.docx]
[m[36m<TIMESTAMP>,079 [DEBUG] [main] com.armedia.acm.files.ConfigFileWatcher - file added: file:///tmp/blitzy/ArkCase/blitzy-<UUID>-w-053_196589/.blitzy-scratch/rt/base8/home/.arkcase/acm/correspondenceTemplates/ComplaintMedicalRelease.docx
[m[36m<TIMESTAMP>,079 [DEBUG] [main] com.armedia.acm.spring.SpringContextHolder - Event type: [com.armedia.acm.files.ConfigurationFileAddedEvent]. Event base filename: [correspondenceTemplates/ComplaintMedicalRelease.docx]
[m[36m<TIMESTAMP>,080 [DEBUG] [main] com.armedia.acm.files.ConfigFileWatcher - file added: file:///tmp/blitzy/ArkCase/blitzy-<UUID>-w-053_196589/.blitzy-scratch/rt/base8/home/.arkcase/acm/correspondenceTemplates/ComplaintApprovalLetter.docx
[m[36m<TIMESTAMP>,080 [DEBUG] [main] com.armedia.acm.spring.SpringContextHolder - Event type: [com.armedia.acm.files.ConfigurationFileAddedEvent]. Event base filename: [correspondenceTemplates/ComplaintApprovalLetter.docx]
[m[36m<TIMESTAMP>,080 [DEBUG] [main] com.armedia.acm.files.ConfigFileWatcher - file added: file:///tmp/blitzy/ArkCase/blitzy-<UUID>-w-053_196589/.blitzy-scratch/rt/base8/home/.arkcase/acm/correspondenceTemplates/ComplaintClearanceDenied.docx
[m[36m<TIMESTAMP>,080 [DEBUG] [main] com.armedia.acm.spring.SpringContextHolder - Event type: [com.armedia.acm.files.ConfigurationFileAddedEvent]. Event base filename: [correspondenceTemplates/ComplaintClearanceDenied.docx]
[m[36m<TIMESTAMP>,080 [DEBUG] [main] com.armedia.acm.files.ConfigFileWatcher - file added: file:///tmp/blitzy/ArkCase/blitzy-<UUID>-w-053_196589/.blitzy-scratch/rt/base8/home/.arkcase/acm/correspondenceTemplates/ComplaintClearanceGranted.docx
[m[36m<TIMESTAMP>,080 [DEBUG] [main] com.armedia.acm.spring.SpringContextHolder - Event type: [com.armedia.acm.files.ConfigurationFileAddedEvent]. Event base filename: [correspondenceTemplates/ComplaintClearanceGranted.docx]
[m[36m<TIMESTAMP>,080 [DEBUG] [main] com.armedia.acm.files.ConfigFileWatcher - file added: file:///tmp/blitzy/ArkCase/blitzy-<UUID>-w-053_196589/.blitzy-scratch/rt/base8/home/.arkcase/acm/correspondenceTemplates/ApprovalLetter.docx
[m[36m<TIMESTAMP>,080 [DEBUG] [main] com.armedia.acm.spring.SpringContextHolder - Event type: [com.armedia.acm.files.ConfigurationFileAddedEvent]. Event base filename: [correspondenceTemplates/ApprovalLetter.docx]
[m[36m<TIMESTAMP>,080 [DEBUG] [main] com.armedia.acm.files.ConfigFileWatcher - file added: file:///tmp/blitzy/ArkCase/blitzy-<UUID>-w-053_196589/.blitzy-scratch/rt/base8/home/.arkcase/acm/correspondenceTemplates/InterviewRequest.docx
[m[36m<TIMESTAMP>,080 [DEBUG] [main] com.armedia.acm.spring.SpringContextHolder - Event type: [com.armedia.acm.files.ConfigurationFileAddedEvent]. Event base filename: [correspondenceTemplates/InterviewRequest.docx]
[m[36m<TIMESTAMP>,080 [DEBUG] [main] com.armedia.acm.files.ConfigFileWatcher - file added: file:///tmp/blitzy/ArkCase/blitzy-<UUID>-w-053_196589/.blitzy-scratch/rt/base8/home/.arkcase/acm/correspondenceTemplates/ComplaintInterviewRequest.docx
[m[36m<TIMESTAMP>,080 [DEBUG] [main] com.armedia.acm.spring.SpringContextHolder - Event type: [com.armedia.acm.files.ConfigurationFileAddedEvent]. Event base filename: [correspondenceTemplates/ComplaintInterviewRequest.docx]
[m[36m<TIMESTAMP>,080 [DEBUG] [main] com.armedia.acm.files.ConfigFileWatcher - file added: file:///tmp/blitzy/ArkCase/blitzy-<UUID>-w-053_196589/.blitzy-scratch/rt/base8/home/.arkcase/acm/app-config.xml
[m[36m<TIMESTAMP>,080 [DEBUG] [main] com.armedia.acm.spring.SpringContextHolder - Event type: [com.armedia.acm.files.ConfigurationFileAddedEvent]. Event base filename: [app-config.xml]
[m[36m<TIMESTAMP>,080 [DEBUG] [main] com.armedia.acm.files.ConfigFileWatcher - file added: file:///tmp/blitzy/ArkCase/blitzy-<UUID>-w-053_196589/.blitzy-scratch/rt/base8/home/.arkcase/acm/acm-config-server-repo/arkcase-test.yaml
[m[36m<TIMESTAMP>,080 [DEBUG] [main] com.armedia.acm.spring.SpringContextHolder - Event type: [com.armedia.acm.files.ConfigurationFileAddedEvent]. Event base filename: [acm-config-server-repo/arkcase-test.yaml]
[m[36m<TIMESTAMP>,080 [DEBUG] [main] com.armedia.acm.files.ConfigFileWatcher - file added: file:///tmp/blitzy/ArkCase/blitzy-<UUID>-w-053_196589/.blitzy-scratch/rt/base8/home/.arkcase/acm/acm-config-server-repo/labels/subscriptions-ru.yaml
[m[36m<TIMESTAMP>,080 [DEBUG] [main] com.armedia.acm.spring.SpringContextHolder - Event type: [com.armedia.acm.files.ConfigurationFileAddedEvent]. Event base filename: [acm-config-server-repo/labels/subscriptions-ru.yaml]
[m[36m<TIMESTAMP>,080 [DEBUG] [main] com.armedia.acm.files.ConfigFileWatcher - file added: file:///tmp/blitzy/ArkCase/blitzy-<UUID>-w-053_196589/.blitzy-scratch/rt/base8/home/.arkcase/acm/acm-config-server-repo/labels/cases-es.yaml
[m[36m<TIMESTAMP>,080 [DEBUG] [main] com.armedia.acm.spring.SpringContextHolder - Event type: [com.armedia.acm.files.ConfigurationFileAddedEvent]. Event base filename: [acm-config-server-repo/labels/cases-es.yaml]
[m[36m<TIMESTAMP>,081 [DEBUG] [main] com.armedia.acm.files.ConfigFileWatcher - file added: file:///tmp/blitzy/ArkCase/blitzy-<UUID>-w-053_196589/.blitzy-scratch/rt/base8/home/.arkcase/acm/acm-config-server-repo/labels/document-details-ar.yaml
[m[36m<TIMESTAMP>,081 [DEBUG] [main] com.armedia.acm.spring.SpringContextHolder - Event type: [com.armedia.acm.files.ConfigurationFileAddedEvent]. Event base filename: [acm-config-server-repo/labels/document-details-ar.yaml]
[m[36m<TIMESTAMP>,081 [DEBUG] [main] com.armedia.acm.files.ConfigFileWatcher - file added: file:///tmp/blitzy/ArkCase/blitzy-<UUID>-w-053_196589/.blitzy-scratch/rt/base8/home/.arkcase/acm/acm-config-server-repo/labels/document-details-ru.yaml
[m[36m<TIMESTAMP>,081 [DEBUG] [main] com.armedia.acm.spring.SpringContextHolder - Event type: [com.armedia.acm.files.ConfigurationFileAddedEvent]. Event base filename: [acm-config-server-repo/labels/document-details-ru.yaml]
[m[36m<TIMESTAMP>,081 [DEBUG] [main] com.armedia.acm.files.ConfigFileWatcher - file added: file:///tmp/blitzy/ArkCase/blitzy-<UUID>-w-053_196589/.blitzy-scratch/rt/base8/home/.arkcase/acm/acm-config-server-repo/labels/audit-fr.yaml
[m[36m<TIMESTAMP>,081 [DEBUG] [main] com.armedia.acm.spring.SpringContextHolder - Event type: [com.armedia.acm.files.ConfigurationFileAddedEvent]. Event base filename: [acm-config-server-repo/labels/audit-fr.yaml]
[m[36m<TIMESTAMP>,081 [DEBUG] [main] com.armedia.acm.files.ConfigFileWatcher - file added: file:///tmp/blitzy/ArkCase/blitzy-<UUID>-w-053_196589/.blitzy-scratch/rt/base8/home/.arkcase/acm/acm-config-server-repo/labels/analytics-fr.yaml
[m[36m<TIMESTAMP>,081 [DEBUG] [main] com.armedia.acm.spring.SpringContextHolder - Event type: [com.armedia.acm.files.ConfigurationFileAddedEvent]. Event base filename: [acm-config-server-repo/labels/analytics-fr.yaml]
[m[36m<TIMESTAMP>,081 [DEBUG] [main] com.armedia.acm.files.ConfigFileWatcher - file added: file:///tmp/blitzy/ArkCase/blitzy-<UUID>-w-053_196589/.blitzy-scratch/rt/base8/home/.arkcase/acm/acm-config-server-repo/labels/people-fr.yaml
[m[36m<TIMESTAMP>,081 [DEBUG] [main] com.armedia.acm.spring.SpringContextHolder - Event type: [com.armedia.acm.files.ConfigurationFileAddedEvent]. Event base filename: [acm-config-server-repo/labels/people-fr.yaml]
[m[36m<TIMESTAMP>,081 [DEBUG] [main] com.armedia.acm.files.ConfigFileWatcher - file added: file:///tmp/blitzy/ArkCase/blitzy-<UUID>-w-053_196589/.blitzy-scratch/rt/base8/home/.arkcase/acm/acm-config-server-repo/labels/welcome-hi.yaml
[m[36m<TIMESTAMP>,081 [DEBUG] [main] com.armedia.acm.spring.SpringContextHolder - Event type: [com.armedia.acm.files.ConfigurationFileAddedEvent]. Event base filename: [acm-config-server-repo/labels/welcome-hi.yaml]
[m[36m<TIMESTAMP>,081 [DEBUG] [main] com.armedia.acm.files.ConfigFileWatcher - file added: file:///tmp/blitzy/ArkCase/blitzy-<UUID>-w-053_196589/.blitzy-scratch/rt/base8/home/.arkcase/acm/acm-config-server-repo/labels/audit-hi.yaml
[m[36m<TIMESTAMP>,081 [DEBUG] [main] com.armedia.acm.spring.SpringContextHolder - Event type: [com.armedia.acm.files.ConfigurationFileAddedEvent]. Event base filename: [acm-config-server-repo/labels/audit-hi.yaml]
[m[36m<TIMESTAMP>,081 [DEBUG] [main] com.armedia.acm.files.ConfigFileWatcher - file added: file:///tmp/blitzy/ArkCase/blitzy-<UUID>-w-053_196589/.blitzy-scratch/rt/base8/home/.arkcase/acm/acm-config-server-repo/labels/search-zh-cn.yaml
[m[36m<TIMESTAMP>,081 [DEBUG] [main] com.armedia.acm.spring.SpringContextHolder - Event type: [com.armedia.acm.files.ConfigurationFileAddedEvent]. Event base filename: [acm-config-server-repo/labels/search-zh-cn.yaml]
[m[36m<TIMESTAMP>,081 [DEBUG] [main] com.armedia.acm.files.ConfigFileWatcher - file added: file:///tmp/blitzy/ArkCase/blitzy-<UUID>-w-053_196589/.blitzy-scratch/rt/base8/home/.arkcase/acm/acm-config-server-repo/labels/cases-de.yaml
[m[36m<TIMESTAMP>,081 [DEBUG] [main] com.armedia.acm.spring.SpringContextHolder - Event type: [com.armedia.acm.files.ConfigurationFileAddedEvent]. Event base filename: [acm-config-server-repo/labels/cases-de.yaml]
[m[36m<TIMESTAMP>,081 [DEBUG] [main] com.armedia.acm.files.ConfigFileWatcher - file added: file:///tmp/blitzy/ArkCase/blitzy-<UUID>-w-053_196589/.blitzy-scratch/rt/base8/home/.arkcase/acm/acm-config-server-repo/labels/preference-pt.yaml
[m[36m<TIMESTAMP>,081 [DEBUG] [main] com.armedia.acm.spring.SpringContextHolder - Event type: [com.armedia.acm.files.ConfigurationFileAddedEvent]. Event base filename: [acm-config-server-repo/labels/preference-pt.yaml]
[m[36m<TIMESTAMP>,081 [DEBUG] [main] com.armedia.acm.files.ConfigFileWatcher - file added: file:///tmp/blitzy/ArkCase/blitzy-<UUID>-w-053_196589/.blitzy-scratch/rt/base8/home/.arkcase/acm/acm-config-server-repo/labels/cost-tracking-ar.yaml
[m[36m<TIMESTAMP>,082 [DEBUG] [main] com.armedia.acm.spring.SpringContextHolder - Event type: [com.armedia.acm.files.ConfigurationFileAddedEvent]. Event base filename: [acm-config-server-repo/labels/cost-tracking-ar.yaml]
[m[36m<TIMESTAMP>,082 [DEBUG] [main] com.armedia.acm.files.ConfigFileWatcher - file added: file:///tmp/blitzy/ArkCase/blitzy-<UUID>-w-053_196589/.blitzy-scratch/rt/base8/home/.arkcase/acm/acm-config-server-repo/labels/tags-pt.yaml
[m[36m<TIMESTAMP>,082 [DEBUG] [main] com.armedia.acm.spring.SpringContextHolder - Event type: [com.armedia.acm.files.ConfigurationFileAddedEvent]. Event base filename: [acm-config-server-repo/labels/tags-pt.yaml]
[m[36m<TIMESTAMP>,082 [DEBUG] [main] com.armedia.acm.files.ConfigFileWatcher - file added: file:///tmp/blitzy/ArkCase/blitzy-<UUID>-w-053_196589/.blitzy-scratch/rt/base8/home/.arkcase/acm/acm-config-server-repo/labels/admin-de.yaml
[m[36m<TIMESTAMP>,082 [DEBUG] [main] com.armedia.acm.spring.SpringContextHolder - Event type: [com.armedia.acm.files.ConfigurationFileAddedEvent]. Event base filename: [acm-config-server-repo/labels/admin-de.yaml]
[m[36m<TIMESTAMP>,082 [DEBUG] [main] com.armedia.acm.files.ConfigFileWatcher - file added: file:///tmp/blitzy/ArkCase/blitzy-<UUID>-w-053_196589/.blitzy-scratch/rt/base8/home/.arkcase/acm/acm-config-server-repo/labels/reports-ja.yaml
[m[36m<TIMESTAMP>,082 [DEBUG] [main] com.armedia.acm.spring.SpringContextHolder - Event type: [com.armedia.acm.files.ConfigurationFileAddedEvent]. Event base filename: [acm-config-server-repo/labels/reports-ja.yaml]
[m[36m<TIMESTAMP>,082 [DEBUG] [main] com.armedia.acm.files.ConfigFileWatcher - file added: file:///tmp/blitzy/ArkCase/blitzy-<UUID>-w-053_196589/.blitzy-scratch/rt/base8/home/.arkcase/acm/acm-config-server-repo/labels/analytics-audit-ar.yaml
[m[36m<TIMESTAMP>,082 [DEBUG] [main] com.armedia.acm.spring.SpringContextHolder - Event type: [com.armedia.acm.files.ConfigurationFileAddedEvent]. Event base filename: [acm-config-server-repo/labels/analytics-audit-ar.yaml]
[m[36m<TIMESTAMP>,082 [DEBUG] [main] com.armedia.acm.files.ConfigFileWatcher - file added: file:///tmp/blitzy/ArkCase/blitzy-<UUID>-w-053_196589/.blitzy-scratch/rt/base8/home/.arkcase/acm/acm-config-server-repo/labels/complaints-es.yaml
[m[36m<TIMESTAMP>,082 [DEBUG] [main] com.armedia.acm.spring.SpringContextHolder - Event type: [com.armedia.acm.files.ConfigurationFileAddedEvent]. Event base filename: [acm-config-server-repo/labels/complaints-es.yaml]
[m[36m<TIMESTAMP>,082 [DEBUG] [main] com.armedia.acm.files.ConfigFileWatcher - file added: file:///tmp/blitzy/ArkCase/blitzy-<UUID>-w-053_196589/.blitzy-scratch/rt/base8/home/.arkcase/acm/acm-config-server-repo/labels/search-en.yaml
[m[36m<TIMESTAMP>,082 [DEBUG] [main] com.armedia.acm.spring.SpringContextHolder - Event type: [com.armedia.acm.files.ConfigurationFileAddedEvent]. Event base filename: [acm-config-server-repo/labels/search-en.yaml]
[m[36m<TIMESTAMP>,082 [DEBUG] [main] com.armedia.acm.files.ConfigFileWatcher - file added: file:///tmp/blitzy/ArkCase/blitzy-<UUID>-w-053_196589/.blitzy-scratch/rt/base8/home/.arkcase/acm/acm-config-server-repo/labels/tasks-en.yaml
[m[36m<TIMESTAMP>,082 [DEBUG] [main] com.armedia.acm.spring.SpringContextHolder - Event type: [com.armedia.acm.files.ConfigurationFileAddedEvent]. Event base filename: [acm-config-server-repo/labels/tasks-en.yaml]
[m[36m<TIMESTAMP>,082 [DEBUG] [main] com.armedia.acm.files.ConfigFileWatcher - file added: file:///tmp/blitzy/ArkCase/blitzy-<UUID>-w-053_196589/.blitzy-scratch/rt/base8/home/.arkcase/acm/acm-config-server-repo/labels/notifications-ru.yaml
[m[36m<TIMESTAMP>,082 [DEBUG] [main] com.armedia.acm.spring.SpringContextHolder - Event type: [com.armedia.acm.files.ConfigurationFileAddedEvent]. Event base filename: [acm-config-server-repo/labels/notifications-ru.yaml]
[m[36m<TIMESTAMP>,082 [DEBUG] [main] com.armedia.acm.files.ConfigFileWatcher - file added: file:///tmp/blitzy/ArkCase/blitzy-<UUID>-w-053_196589/.blitzy-scratch/rt/base8/home/.arkcase/acm/acm-config-server-repo/labels/common-hi.yaml
[m[36m<TIMESTAMP>,082 [DEBUG] [main] com.armedia.acm.spring.SpringContextHolder - Event type: [com.armedia.acm.files.ConfigurationFileAddedEvent]. Event base filename: [acm-config-server-repo/labels/common-hi.yaml]
[m[36m<TIMESTAMP>,082 [DEBUG] [main] com.armedia.acm.files.ConfigFileWatcher - file added: file:///tmp/blitzy/ArkCase/blitzy-<UUID>-w-053_196589/.blitzy-scratch/rt/base8/home/.arkcase/acm/acm-config-server-repo/labels/progress-bar-en.yaml
[m[36m<TIMESTAMP>,082 [DEBUG] [main] com.armedia.acm.spring.SpringContextHolder - Event type: [com.armedia.acm.files.ConfigurationFileAddedEvent]. Event base filename: [acm-config-server-repo/labels/progress-bar-en.yaml]
[m[36m<TIMESTAMP>,083 [DEBUG] [main] com.armedia.acm.files.ConfigFileWatcher - file added: file:///tmp/blitzy/ArkCase/blitzy-<UUID>-w-053_196589/.blitzy-scratch/rt/base8/home/.arkcase/acm/acm-config-server-repo/labels/welcome-ru.yaml
[m[36m<TIMESTAMP>,083 [DEBUG] [main] com.armedia.acm.spring.SpringContextHolder - Event type: [com.armedia.acm.files.ConfigurationFileAddedEvent]. Event base filename: [acm-config-server-repo/labels/welcome-ru.yaml]
[m[36m<TIMESTAMP>,083 [DEBUG] [main] com.armedia.acm.files.ConfigFileWatcher - file added: file:///tmp/blitzy/ArkCase/blitzy-<UUID>-w-053_196589/.blitzy-scratch/rt/base8/home/.arkcase/acm/acm-config-server-repo/labels/time-tracking-ru.yaml
[m[36m<TIMESTAMP>,083 [DEBUG] [main] com.armedia.acm.spring.SpringContextHolder - Event type: [com.armedia.acm.files.ConfigurationFileAddedEvent]. Event base filename: [acm-config-server-repo/labels/time-tracking-ru.yaml]
[m[36m<TIMESTAMP>,083 [DEBUG] [main] com.armedia.acm.files.ConfigFileWatcher - file added: file:///tmp/blitzy/ArkCase/blitzy-<UUID>-w-053_196589/.blitzy-scratch/rt/base8/home/.arkcase/acm/acm-config-server-repo/labels/tasks-ru.yaml
[m[36m<TIMESTAMP>,083 [DEBUG] [main] com.armedia.acm.spring.SpringContextHolder - Event type: [com.armedia.acm.files.ConfigurationFileAddedEvent]. Event base filename: [acm-config-server-repo/labels/tasks-ru.yaml]
[m[36m<TIMESTAMP>,083 [DEBUG] [main] com.armedia.acm.files.ConfigFileWatcher - file added: file:///tmp/blitzy/ArkCase/blitzy-<UUID>-w-053_196589/.blitzy-scratch/rt/base8/home/.arkcase/acm/acm-config-server-repo/labels/cases-pt.yaml
[m[36m<TIMESTAMP>,083 [DEBUG] [main] com.armedia.acm.spring.SpringContextHolder - Event type: [com.armedia.acm.files.ConfigurationFileAddedEvent]. Event base filename: [acm-config-server-repo/labels/cases-pt.yaml]
[m[36m<TIMESTAMP>,083 [DEBUG] [main] com.armedia.acm.files.ConfigFileWatcher - file added: file:///tmp/blitzy/ArkCase/blitzy-<UUID>-w-053_196589/.blitzy-scratch/rt/base8/home/.arkcase/acm/acm-config-server-repo/labels/time-tracking-ja.yaml
[m[36m<TIMESTAMP>,083 [DEBUG] [main] com.armedia.acm.spring.SpringContextHolder - Event type: [com.armedia.acm.files.ConfigurationFileAddedEvent]. Event base filename: [acm-config-server-repo/labels/time-tracking-ja.yaml]
[m[36m<TIMESTAMP>,083 [DEBUG] [main] com.armedia.acm.files.ConfigFileWatcher - file added: file:///tmp/blitzy/ArkCase/blitzy-<UUID>-w-053_196589/.blitzy-scratch/rt/base8/home/.arkcase/acm/acm-config-server-repo/labels/welcome-en.yaml
[m[36m<TIMESTAMP>,083 [DEBUG] [main] com.armedia.acm.spring.SpringContextHolder - Event type: [com.armedia.acm.files.ConfigurationFileAddedEvent]. Event base filename: [acm-config-server-repo/labels/welcome-en.yaml]
[m[36m<TIMESTAMP>,083 [DEBUG] [main] com.armedia.acm.files.ConfigFileWatcher - file added: file:///tmp/blitzy/ArkCase/blitzy-<UUID>-w-053_196589/.blitzy-scratch/rt/base8/home/.arkcase/acm/acm-config-server-repo/labels/goodbye-de.yaml
[m[36m<TIMESTAMP>,083 [DEBUG] [main] com.armedia.acm.spring.SpringContextHolder - Event type: [com.armedia.acm.files.ConfigurationFileAddedEvent]. Event base filename: [acm-config-server-repo/labels/goodbye-de.yaml]
[m[36m<TIMESTAMP>,083 [DEBUG] [main] com.armedia.acm.files.ConfigFileWatcher - file added: file:///tmp/blitzy/ArkCase/blitzy-<UUID>-w-053_196589/.blitzy-scratch/rt/base8/home/.arkcase/acm/acm-config-server-repo/labels/analytics-ru.yaml
[m[36m<TIMESTAMP>,083 [DEBUG] [main] com.armedia.acm.spring.SpringContextHolder - Event type: [com.armedia.acm.files.ConfigurationFileAddedEvent]. Event base filename: [acm-config-server-repo/labels/analytics-ru.yaml]
[m[36m<TIMESTAMP>,083 [DEBUG] [main] com.armedia.acm.files.ConfigFileWatcher - file added: file:///tmp/blitzy/ArkCase/blitzy-<UUID>-w-053_196589/.blitzy-scratch/rt/base8/home/.arkcase/acm/acm-config-server-repo/labels/cost-tracking-hi.yaml
[m[36m<TIMESTAMP>,083 [DEBUG] [main] com.armedia.acm.spring.SpringContextHolder - Event type: [com.armedia.acm.files.ConfigurationFileAddedEvent]. Event base filename: [acm-config-server-repo/labels/cost-tracking-hi.yaml]
[m[36m<TIMESTAMP>,083 [DEBUG] [main] com.armedia.acm.files.ConfigFileWatcher - file added: file:///tmp/blitzy/ArkCase/blitzy-<UUID>-w-053_196589/.blitzy-scratch/rt/base8/home/.arkcase/acm/acm-config-server-repo/labels/my-documents-ja.yaml
[m[36m<TIMESTAMP>,083 [DEBUG] [main] com.armedia.acm.spring.SpringContextHolder - Event type: [com.armedia.acm.files.ConfigurationFileAddedEvent]. Event base filename: [acm-config-server-repo/labels/my-documents-ja.yaml]
[m[36m<TIMESTAMP>,084 [DEBUG] [main] com.armedia.acm.files.ConfigFileWatcher - file added: file:///tmp/blitzy/ArkCase/blitzy-<UUID>-w-053_196589/.blitzy-scratch/rt/base8/home/.arkcase/acm/acm-config-server-repo/labels/adhoc-reports-en.yaml
[m[36m<TIMESTAMP>,084 [DEBUG] [main] com.armedia.acm.spring.SpringContextHolder - Event type: [com.armedia.acm.files.ConfigurationFileAddedEvent]. Event base filename: [acm-config-server-repo/labels/adhoc-reports-en.yaml]
[m[36m<TIMESTAMP>,084 [DEBUG] [main] com.armedia.acm.files.ConfigFileWatcher - file added: file:///tmp/blitzy/ArkCase/blitzy-<UUID>-w-053_196589/.blitzy-scratch/rt/base8/home/.arkcase/acm/acm-config-server-repo/labels/tags-de.yaml
[m[36m<TIMESTAMP>,084 [DEBUG] [main] com.armedia.acm.spring.SpringContextHolder - Event type: [com.armedia.acm.files.ConfigurationFileAddedEvent]. Event base filename: [acm-config-server-repo/labels/tags-de.yaml]
[m[36m<TIMESTAMP>,084 [DEBUG] [main] com.armedia.acm.files.ConfigFileWatcher - file added: file:///tmp/blitzy/ArkCase/blitzy-<UUID>-w-053_196589/.blitzy-scratch/rt/base8/home/.arkcase/acm/acm-config-server-repo/labels/profile-ru.yaml
[m[36m<TIMESTAMP>,084 [DEBUG] [main] com.armedia.acm.spring.SpringContextHolder - Event type: [com.armedia.acm.files.ConfigurationFileAddedEvent]. Event base filename: [acm-config-server-repo/labels/profile-ru.yaml]
[m[36m<TIMESTAMP>,084 [DEBUG] [main] com.armedia.acm.files.ConfigFileWatcher - file added: file:///tmp/blitzy/ArkCase/blitzy-<UUID>-w-053_196589/.blitzy-scratch/rt/base8/home/.arkcase/acm/acm-config-server-repo/labels/organizations-zh-tw.yaml
[m[36m<TIMESTAMP>,084 [DEBUG] [main] com.armedia.acm.spring.SpringContextHolder - Event type: [com.armedia.acm.files.ConfigurationFileAddedEvent]. Event base filename: [acm-config-server-repo/labels/organizations-zh-tw.yaml]
[m[36m<TIMESTAMP>,084 [DEBUG] [main] com.armedia.acm.files.ConfigFileWatcher - file added: file:///tmp/blitzy/ArkCase/blitzy-<UUID>-w-053_196589/.blitzy-scratch/rt/base8/home/.arkcase/acm/acm-config-server-repo/labels/preference-es.yaml
[m[36m<TIMESTAMP>,084 [DEBUG] [main] com.armedia.acm.spring.SpringContextHolder - Event type: [com.armedia.acm.files.ConfigurationFileAddedEvent]. Event base filename: [acm-config-server-repo/labels/preference-es.yaml]
[m[36m<TIMESTAMP>,084 [DEBUG] [main] com.armedia.acm.files.ConfigFileWatcher - file added: file:///tmp/blitzy/ArkCase/blitzy-<UUID>-w-053_196589/.blitzy-scratch/rt/base8/home/.arkcase/acm/acm-config-server-repo/labels/subscriptions-zh-cn.yaml
[m[36m<TIMESTAMP>,084 [DEBUG] [main] com.armedia.acm.spring.SpringContextHolder - Event type: [com.armedia.acm.files.ConfigurationFileAddedEvent]. Event base filename: [acm-config-server-repo/labels/subscriptions-zh-cn.yaml]
[m[36m<TIMESTAMP>,084 [DEBUG] [main] com.armedia.acm.files.ConfigFileWatcher - file added: file:///tmp/blitzy/ArkCase/blitzy-<UUID>-w-053_196589/.blitzy-scratch/rt/base8/home/.arkcase/acm/acm-config-server-repo/labels/tasks-pt.yaml
[m[36m<TIMESTAMP>,084 [DEBUG] [main] com.armedia.acm.spring.SpringContextHolder - Event type: [com.armedia.acm.files.ConfigurationFileAddedEvent]. Event base filename: [acm-config-server-repo/labels/tasks-pt.yaml]
[m[36m<TIMESTAMP>,084 [DEBUG] [main] com.armedia.acm.files.ConfigFileWatcher - file added: file:///tmp/blitzy/ArkCase/blitzy-<UUID>-w-053_196589/.blitzy-scratch/rt/base8/home/.arkcase/acm/acm-config-server-repo/labels/admin-zh-cn.yaml
[m[36m<TIMESTAMP>,084 [DEBUG] [main] com.armedia.acm.spring.SpringContextHolder - Event type: [com.armedia.acm.files.ConfigurationFileAddedEvent]. Event base filename: [acm-config-server-repo/labels/admin-zh-cn.yaml]
[m[36m<TIMESTAMP>,084 [DEBUG] [main] com.armedia.acm.files.ConfigFileWatcher - file added: file:///tmp/blitzy/ArkCase/blitzy-<UUID>-w-053_196589/.blitzy-scratch/rt/base8/home/.arkcase/acm/acm-config-server-repo/labels/my-documents-zh-cn.yaml
[m[36m<TIMESTAMP>,084 [DEBUG] [main] com.armedia.acm.spring.SpringContextHolder - Event type: [com.armedia.acm.files.ConfigurationFileAddedEvent]. Event base filename: [acm-config-server-repo/labels/my-documents-zh-cn.yaml]
[m[36m<TIMESTAMP>,084 [DEBUG] [main] com.armedia.acm.files.ConfigFileWatcher - file added: file:///tmp/blitzy/ArkCase/blitzy-<UUID>-w-053_196589/.blitzy-scratch/rt/base8/home/.arkcase/acm/acm-config-server-repo/labels/organizations-ja.yaml
[m[36m<TIMESTAMP>,084 [DEBUG] [main] com.armedia.acm.spring.SpringContextHolder - Event type: [com.armedia.acm.files.ConfigurationFileAddedEvent]. Event base filename: [acm-config-server-repo/labels/organizations-ja.yaml]
[m[36m<TIMESTAMP>,085 [DEBUG] [main] com.armedia.acm.files.ConfigFileWatcher - file added: file:///tmp/blitzy/ArkCase/blitzy-<UUID>-w-053_196589/.blitzy-scratch/rt/base8/home/.arkcase/acm/acm-config-server-repo/labels/document-details-en.yaml
[m[36m<TIMESTAMP>,085 [DEBUG] [main] com.armedia.acm.spring.SpringContextHolder - Event type: [com.armedia.acm.files.ConfigurationFileAddedEvent]. Event base filename: [acm-config-server-repo/labels/document-details-en.yaml]
[m[36m<TIMESTAMP>,085 [DEBUG] [main] com.armedia.acm.files.ConfigFileWatcher - file added: file:///tmp/blitzy/ArkCase/blitzy-<UUID>-w-053_196589/.blitzy-scratch/rt/base8/home/.arkcase/acm/acm-config-server-repo/labels/frevvo-en-in.yaml
[m[36m<TIMESTAMP>,085 [DEBUG] [main] com.armedia.acm.spring.SpringContextHolder - Event type: [com.armedia.acm.files.ConfigurationFileAddedEvent]. Event base filename: [acm-config-server-repo/labels/frevvo-en-in.yaml]
[m[36m<TIMESTAMP>,085 [DEBUG] [main] com.armedia.acm.files.ConfigFileWatcher - file added: file:///tmp/blitzy/ArkCase/blitzy-<UUID>-w-053_196589/.blitzy-scratch/rt/base8/home/.arkcase/acm/acm-config-server-repo/labels/analytics-audit-hi.yaml
[m[36m<TIMESTAMP>,085 [DEBUG] [main] com.armedia.acm.spring.SpringContextHolder - Event type: [com.armedia.acm.files.ConfigurationFileAddedEvent]. Event base filename: [acm-config-server-repo/labels/analytics-audit-hi.yaml]
[m[36m<TIMESTAMP>,085 [DEBUG] [main] com.armedia.acm.files.ConfigFileWatcher - file added: file:///tmp/blitzy/ArkCase/blitzy-<UUID>-w-053_196589/.blitzy-scratch/rt/base8/home/.arkcase/acm/acm-config-server-repo/labels/people-ar.yaml
[m[36m<TIMESTAMP>,085 [DEBUG] [main] com.armedia.acm.spring.SpringContextHolder - Event type: [com.armedia.acm.files.ConfigurationFileAddedEvent]. Event base filename: [acm-config-server-repo/labels/people-ar.yaml]
[m[36m<TIMESTAMP>,085 [DEBUG] [main] com.armedia.acm.files.ConfigFileWatcher - file added: file:///tmp/blitzy/ArkCase/blitzy-<UUID>-w-053_196589/.blitzy-scratch/rt/base8/home/.arkcase/acm/acm-config-server-repo/labels/complaints-de.yaml
[m[36m<TIMESTAMP>,085 [DEBUG] [main] com.armedia.acm.spring.SpringContextHolder - Event type: [com.armedia.acm.files.ConfigurationFileAddedEvent]. Event base filename: [acm-config-server-repo/labels/complaints-de.yaml]
[m[36m<TIMESTAMP>,085 [DEBUG] [main] com.armedia.acm.files.ConfigFileWatcher - file added: file:///tmp/blitzy/ArkCase/blitzy-<UUID>-w-053_196589/.blitzy-scratch/rt/base8/home/.arkcase/acm/acm-config-server-repo/labels/document-repository-ar.yaml
[m[36m<TIMESTAMP>,085 [DEBUG] [main] com.armedia.acm.spring.SpringContextHolder - Event type: [com.armedia.acm.files.ConfigurationFileAddedEvent]. Event base filename: [acm-config-server-repo/labels/document-repository-ar.yaml]
[m[36m<TIMESTAMP>,085 [DEBUG] [main] com.armedia.acm.files.ConfigFileWatcher - file added: file:///tmp/blitzy/ArkCase/blitzy-<UUID>-w-053_196589/.blitzy-scratch/rt/base8/home/.arkcase/acm/acm-config-server-repo/labels/organizations-hi.yaml
[m[36m<TIMESTAMP>,085 [DEBUG] [main] com.armedia.acm.spring.SpringContextHolder - Event type: [com.armedia.acm.files.ConfigurationFileAddedEvent]. Event base filename: [acm-config-server-repo/labels/organizations-hi.yaml]
[m[36m<TIMESTAMP>,085 [DEBUG] [main] com.armedia.acm.files.ConfigFileWatcher - file added: file:///tmp/blitzy/ArkCase/blitzy-<UUID>-w-053_196589/.blitzy-scratch/rt/base8/home/.arkcase/acm/acm-config-server-repo/labels/core-en-in.yaml
[m[36m<TIMESTAMP>,085 [DEBUG] [main] com.armedia.acm.spring.SpringContextHolder - Event type: [com.armedia.acm.files.ConfigurationFileAddedEvent]. Event base filename: [acm-config-server-repo/labels/core-en-in.yaml]
[m[36m<TIMESTAMP>,085 [DEBUG] [main] com.armedia.acm.files.ConfigFileWatcher - file added: file:///tmp/blitzy/ArkCase/blitzy-<UUID>-w-053_196589/.blitzy-scratch/rt/base8/home/.arkcase/acm/acm-config-server-repo/labels/subscriptions-en-in.yaml
[m[36m<TIMESTAMP>,085 [DEBUG] [main] com.armedia.acm.spring.SpringContextHolder - Event type: [com.armedia.acm.files.ConfigurationFileAddedEvent]. Event base filename: [acm-config-server-repo/labels/subscriptions-en-in.yaml]
[m[36m<TIMESTAMP>,085 [DEBUG] [main] com.armedia.acm.files.ConfigFileWatcher - file added: file:///tmp/blitzy/ArkCase/blitzy-<UUID>-w-053_196589/.blitzy-scratch/rt/base8/home/.arkcase/acm/acm-config-server-repo/labels/admin-fr.yaml
[m[36m<TIMESTAMP>,085 [DEBUG] [main] com.armedia.acm.spring.SpringContextHolder - Event type: [com.armedia.acm.files.ConfigurationFileAddedEvent]. Event base filename: [acm-config-server-repo/labels/admin-fr.yaml]
[m[36m<TIMESTAMP>,085 [DEBUG] [main] com.armedia.acm.files.ConfigFileWatcher - file added: file:///tmp/blitzy/ArkCase/blitzy-<UUID>-w-053_196589/.blitzy-scratch/rt/base8/home/.arkcase/acm/acm-config-server-repo/labels/notifications-es.yaml
[m[36m<TIMESTAMP>,085 [DEBUG] [main] com.armedia.acm.spring.SpringContextHolder - Event type: [com.armedia.acm.files.ConfigurationFileAddedEvent]. Event base filename: [acm-config-server-repo/labels/notifications-es.yaml]
[m[36m<TIMESTAMP>,086 [DEBUG] [main] com.armedia.acm.files.ConfigFileWatcher - file added: file:///tmp/blitzy/ArkCase/blitzy-<UUID>-w-053_196589/.blitzy-scratch/rt/base8/home/.arkcase/acm/acm-config-server-repo/labels/search-ja.yaml
[m[36m<TIMESTAMP>,086 [DEBUG] [main] com.armedia.acm.spring.SpringContextHolder - Event type: [com.armedia.acm.files.ConfigurationFileAddedEvent]. Event base filename: [acm-config-server-repo/labels/search-ja.yaml]
[m[36m<TIMESTAMP>,086 [DEBUG] [main] com.armedia.acm.files.ConfigFileWatcher - file added: file:///tmp/blitzy/ArkCase/blitzy-<UUID>-w-053_196589/.blitzy-scratch/rt/base8/home/.arkcase/acm/acm-config-server-repo/labels/audit-zh-tw.yaml
[m[36m<TIMESTAMP>,086 [DEBUG] [main] com.armedia.acm.spring.SpringContextHolder - Event type: [com.armedia.acm.files.ConfigurationFileAddedEvent]. Event base filename: [acm-config-server-repo/labels/audit-zh-tw.yaml]
[m[36m<TIMESTAMP>,086 [DEBUG] [main] com.armedia.acm.files.ConfigFileWatcher - file added: file:///tmp/blitzy/ArkCase/blitzy-<UUID>-w-053_196589/.blitzy-scratch/rt/base8/home/.arkcase/acm/acm-config-server-repo/labels/analytics-zh-cn.yaml
[m[36m<TIMESTAMP>,086 [DEBUG] [main] com.armedia.acm.spring.SpringContextHolder - Event type: [com.armedia.acm.files.ConfigurationFileAddedEvent]. Event base filename: [acm-config-server-repo/labels/analytics-zh-cn.yaml]
[m[36m<TIMESTAMP>,086 [DEBUG] [main] com.armedia.acm.files.ConfigFileWatcher - file added: file:///tmp/blitzy/ArkCase/blitzy-<UUID>-w-053_196589/.blitzy-scratch/rt/base8/home/.arkcase/acm/acm-config-server-repo/labels/frevvo-pt.yaml
[m[36m<TIMESTAMP>,086 [DEBUG] [main] com.armedia.acm.spring.SpringContextHolder - Event type: [com.armedia.acm.files.ConfigurationFileAddedEvent]. Event base filename: [acm-config-server-repo/labels/frevvo-pt.yaml]
[m[36m<TIMESTAMP>,086 [DEBUG] [main] com.armedia.acm.files.ConfigFileWatcher - file added: file:///tmp/blitzy/ArkCase/blitzy-<UUID>-w-053_196589/.blitzy-scratch/rt/base8/home/.arkcase/acm/acm-config-server-repo/labels/complaints-fr.yaml
[m[36m<TIMESTAMP>,086 [DEBUG] [main] com.armedia.acm.spring.SpringContextHolder - Event type: [com.armedia.acm.files.ConfigurationFileAddedEvent]. Event base filename: [acm-config-server-repo/labels/complaints-fr.yaml]
[m[36m<TIMESTAMP>,086 [DEBUG] [main] com.armedia.acm.files.ConfigFileWatcher - file added: file:///tmp/blitzy/ArkCase/blitzy-<UUID>-w-053_196589/.blitzy-scratch/rt/base8/home/.arkcase/acm/acm-config-server-repo/labels/preference-zh-cn.yaml
[m[36m<TIMESTAMP>,086 [DEBUG] [main] com.armedia.acm.spring.SpringContextHolder - Event type: [com.armedia.acm.files.ConfigurationFileAddedEvent]. Event base filename: [acm-config-server-repo/labels/preference-zh-cn.yaml]
[m[36m<TIMESTAMP>,086 [DEBUG] [main] com.armedia.acm.files.ConfigFileWatcher - file added: file:///tmp/blitzy/ArkCase/blitzy-<UUID>-w-053_196589/.blitzy-scratch/rt/base8/home/.arkcase/acm/acm-config-server-repo/labels/frevvo-es.yaml
[m[36m<TIMESTAMP>,086 [DEBUG] [main] com.armedia.acm.spring.SpringContextHolder - Event type: [com.armedia.acm.files.ConfigurationFileAddedEvent]. Event base filename: [acm-config-server-repo/labels/frevvo-es.yaml]
[m[36m<TIMESTAMP>,086 [DEBUG] [main] com.armedia.acm.files.ConfigFileWatcher - file added: file:///tmp/blitzy/ArkCase/blitzy-<UUID>-w-053_196589/.blitzy-scratch/rt/base8/home/.arkcase/acm/acm-config-server-repo/labels/preference-en-in.yaml
[m[36m<TIMESTAMP>,086 [DEBUG] [main] com.armedia.acm.spring.SpringContextHolder - Event type: [com.armedia.acm.files.ConfigurationFileAddedEvent]. Event base filename: [acm-config-server-repo/labels/preference-en-in.yaml]
[m[36m<TIMESTAMP>,086 [DEBUG] [main] com.armedia.acm.files.ConfigFileWatcher - file added: file:///tmp/blitzy/ArkCase/blitzy-<UUID>-w-053_196589/.blitzy-scratch/rt/base8/home/.arkcase/acm/acm-config-server-repo/labels/subscriptions-es.yaml
[m[36m<TIMESTAMP>,086 [DEBUG] [main] com.armedia.acm.spring.SpringContextHolder - Event type: [com.armedia.acm.files.ConfigurationFileAddedEvent]. Event base filename: [acm-config-server-repo/labels/subscriptions-es.yaml]
[m[36m<TIMESTAMP>,086 [DEBUG] [main] com.armedia.acm.files.ConfigFileWatcher - file added: file:///tmp/blitzy/ArkCase/blitzy-<UUID>-w-053_196589/.blitzy-scratch/rt/base8/home/.arkcase/acm/acm-config-server-repo/labels/tags-fr.yaml
[m[36m<TIMESTAMP>,086 [DEBUG] [main] com.armedia.acm.spring.SpringContextHolder - Event type: [com.armedia.acm.files.ConfigurationFileAddedEvent]. Event base filename: [acm-config-server-repo/labels/tags-fr.yaml]
[m[36m<TIMESTAMP>,086 [DEBUG] [main] com.armedia.acm.files.ConfigFileWatcher - file added: file:///tmp/blitzy/ArkCase/blitzy-<UUID>-w-053_196589/.blitzy-scratch/rt/base8/home/.arkcase/acm/acm-config-server-repo/labels/audit-zh-cn.yaml
[m[36m<TIMESTAMP>,086 [DEBUG] [main] com.armedia.acm.spring.SpringContextHolder - Event type: [com.armedia.acm.files.ConfigurationFileAddedEvent]. Event base filename: [acm-config-server-repo/labels/audit-zh-cn.yaml]
[m[36m<TIMESTAMP>,086 [DEBUG] [main] com.armedia.acm.files.ConfigFileWatcher - file added: file:///tmp/blitzy/ArkCase/blitzy-<UUID>-w-053_196589/.blitzy-scratch/rt/base8/home/.arkcase/acm/acm-config-server-repo/labels/time-tracking-pt.yaml
[m[36m<TIMESTAMP>,087 [DEBUG] [main] com.armedia.acm.spring.SpringContextHolder - Event type: [com.armedia.acm.files.ConfigurationFileAddedEvent]. Event base filename: [acm-config-server-repo/labels/time-tracking-pt.yaml]
[m[36m<TIMESTAMP>,087 [DEBUG] [main] com.armedia.acm.files.ConfigFileWatcher - file added: file:///tmp/blitzy/ArkCase/blitzy-<UUID>-w-053_196589/.blitzy-scratch/rt/base8/home/.arkcase/acm/acm-config-server-repo/labels/document-repository-pt.yaml
[m[36m<TIMESTAMP>,087 [DEBUG] [main] com.armedia.acm.spring.SpringContextHolder - Event type: [com.armedia.acm.files.ConfigurationFileAddedEvent]. Event base filename: [acm-config-server-repo/labels/document-repository-pt.yaml]
[m[36m<TIMESTAMP>,087 [DEBUG] [main] com.armedia.acm.files.ConfigFileWatcher - file added: file:///tmp/blitzy/ArkCase/blitzy-<UUID>-w-053_196589/.blitzy-scratch/rt/base8/home/.arkcase/acm/acm-config-server-repo/labels/my-documents-zh-tw.yaml
[m[36m<TIMESTAMP>,087 [DEBUG] [main] com.armedia.acm.spring.SpringContextHolder - Event type: [com.armedia.acm.files.ConfigurationFileAddedEvent]. Event base filename: [acm-config-server-repo/labels/my-documents-zh-tw.yaml]
[m[36m<TIMESTAMP>,087 [DEBUG] [main] com.armedia.acm.files.ConfigFileWatcher - file added: file:///tmp/blitzy/ArkCase/blitzy-<UUID>-w-053_196589/.blitzy-scratch/rt/base8/home/.arkcase/acm/acm-config-server-repo/labels/welcome-zh-tw.yaml
[m[36m<TIMESTAMP>,087 [DEBUG] [main] com.armedia.acm.spring.SpringContextHolder - Event type: [com.armedia.acm.files.ConfigurationFileAddedEvent]. Event base filename: [acm-config-server-repo/labels/welcome-zh-tw.yaml]
[m[36m<TIMESTAMP>,087 [DEBUG] [main] com.armedia.acm.files.ConfigFileWatcher - file added: file:///tmp/blitzy/ArkCase/blitzy-<UUID>-w-053_196589/.blitzy-scratch/rt/base8/home/.arkcase/acm/acm-config-server-repo/labels/dashboard-ja.yaml
[m[36m<TIMESTAMP>,087 [DEBUG] [main] com.armedia.acm.spring.SpringContextHolder - Event type: [com.armedia.acm.files.ConfigurationFileAddedEvent]. Event base filename: [acm-config-server-repo/labels/dashboard-ja.yaml]
[m[36m<TIMESTAMP>,087 [DEBUG] [main] com.armedia.acm.files.ConfigFileWatcher - file added: file:///tmp/blitzy/ArkCase/blitzy-<UUID>-w-053_196589/.blitzy-scratch/rt/base8/home/.arkcase/acm/acm-config-server-repo/labels/document-details-pt.yaml
[m[36m<TIMESTAMP>,087 [DEBUG] [main] com.armedia.acm.spring.SpringContextHolder - Event type: [com.armedia.acm.files.ConfigurationFileAddedEvent]. Event base filename: [acm-config-server-repo/labels/document-details-pt.yaml]
[m[36m<TIMESTAMP>,087 [DEBUG] [main] com.armedia.acm.files.ConfigFileWatcher - file added: file:///tmp/blitzy/ArkCase/blitzy-<UUID>-w-053_196589/.blitzy-scratch/rt/base8/home/.arkcase/acm/acm-config-server-repo/labels/complaints-en.yaml
[m[36m<TIMESTAMP>,087 [DEBUG] [main] com.armedia.acm.spring.SpringContextHolder - Event type: [com.armedia.acm.files.ConfigurationFileAddedEvent]. Event base filename: [acm-config-server-repo/labels/complaints-en.yaml]
[m[36m<TIMESTAMP>,087 [DEBUG] [main] com.armedia.acm.files.ConfigFileWatcher - file added: file:///tmp/blitzy/ArkCase/blitzy-<UUID>-w-053_196589/.blitzy-scratch/rt/base8/home/.arkcase/acm/acm-config-server-repo/labels/organizations-de.yaml
[m[36m<TIMESTAMP>,087 [DEBUG] [main] com.armedia.acm.spring.SpringContextHolder - Event type: [com.armedia.acm.files.ConfigurationFileAddedEvent]. Event base filename: [acm-config-server-repo/labels/organizations-de.yaml]
[m[36m<TIMESTAMP>,087 [DEBUG] [main] com.armedia.acm.files.ConfigFileWatcher - file added: file:///tmp/blitzy/ArkCase/blitzy-<UUID>-w-053_196589/.blitzy-scratch/rt/base8/home/.arkcase/acm/acm-config-server-repo/labels/goodbye-pt.yaml
[m[36m<TIMESTAMP>,087 [DEBUG] [main] com.armedia.acm.spring.SpringContextHolder - Event type: [com.armedia.acm.files.ConfigurationFileAddedEvent]. Event base filename: [acm-config-server-repo/labels/goodbye-pt.yaml]
[m[36m<TIMESTAMP>,087 [DEBUG] [main] com.armedia.acm.files.ConfigFileWatcher - file added: file:///tmp/blitzy/ArkCase/blitzy-<UUID>-w-053_196589/.blitzy-scratch/rt/base8/home/.arkcase/acm/acm-config-server-repo/labels/admin-ja.yaml
[m[36m<TIMESTAMP>,087 [DEBUG] [main] com.armedia.acm.spring.SpringContextHolder - Event type: [com.armedia.acm.files.ConfigurationFileAddedEvent]. Event base filename: [acm-config-server-repo/labels/admin-ja.yaml]
[m[36m<TIMESTAMP>,087 [DEBUG] [main] com.armedia.acm.files.ConfigFileWatcher - file added: file:///tmp/blitzy/ArkCase/blitzy-<UUID>-w-053_196589/.blitzy-scratch/rt/base8/home/.arkcase/acm/acm-config-server-repo/labels/my-documents-en.yaml
[m[36m<TIMESTAMP>,087 [DEBUG] [main] com.armedia.acm.spring.SpringContextHolder - Event type: [com.armedia.acm.files.ConfigurationFileAddedEvent]. Event base filename: [acm-config-server-repo/labels/my-documents-en.yaml]
[m[36m<TIMESTAMP>,088 [DEBUG] [main] com.armedia.acm.files.ConfigFileWatcher - file added: file:///tmp/blitzy/ArkCase/blitzy-<UUID>-w-053_196589/.blitzy-scratch/rt/base8/home/.arkcase/acm/acm-config-server-repo/labels/people-en.yaml
[m[36m<TIMESTAMP>,088 [DEBUG] [main] com.armedia.acm.spring.SpringContextHolder - Event type: [com.armedia.acm.files.ConfigurationFileAddedEvent]. Event base filename: [acm-config-server-repo/labels/people-en.yaml]
[m[36m<TIMESTAMP>,088 [DEBUG] [main] com.armedia.acm.files.ConfigFileWatcher - file added: file:///tmp/blitzy/ArkCase/blitzy-<UUID>-w-053_196589/.blitzy-scratch/rt/base8/home/.arkcase/acm/acm-config-server-repo/labels/organizations-en.yaml
[m[36m<TIMESTAMP>,088 [DEBUG] [main] com.armedia.acm.spring.SpringContextHolder - Event type: [com.armedia.acm.files.ConfigurationFileAddedEvent]. Event base filename: [acm-config-server-repo/labels/organizations-en.yaml]
[m[36m<TIMESTAMP>,088 [DEBUG] [main] com.armedia.acm.files.ConfigFileWatcher - file added: file:///tmp/blitzy/ArkCase/blitzy-<UUID>-w-053_196589/.blitzy-scratch/rt/base8/home/.arkcase/acm/acm-config-server-repo/labels/search-zh-tw.yaml
[m[36m<TIMESTAMP>,088 [DEBUG] [main] com.armedia.acm.spring.SpringContextHolder - Event type: [com.armedia.acm.files.ConfigurationFileAddedEvent]. Event base filename: [acm-config-server-repo/labels/search-zh-tw.yaml]
[m[36m<TIMESTAMP>,088 [DEBUG] [main] com.armedia.acm.files.ConfigFileWatcher - file added: file:///tmp/blitzy/ArkCase/blitzy-<UUID>-w-053_196589/.blitzy-scratch/rt/base8/home/.arkcase/acm/acm-config-server-repo/labels/frevvo-hi.yaml
[m[36m<TIMESTAMP>,088 [DEBUG] [main] com.armedia.acm.spring.SpringContextHolder - Event type: [com.armedia.acm.files.ConfigurationFileAddedEvent]. Event base filename: [acm-config-server-repo/labels/frevvo-hi.yaml]
[m[36m<TIMESTAMP>,088 [DEBUG] [main] com.armedia.acm.files.ConfigFileWatcher - file added: file:///tmp/blitzy/ArkCase/blitzy-<UUID>-w-053_196589/.blitzy-scratch/rt/base8/home/.arkcase/acm/acm-config-server-repo/labels/admin-en-in.yaml
[m[36m<TIMESTAMP>,088 [DEBUG] [main] com.armedia.acm.spring.SpringContextHolder - Event type: [com.armedia.acm.files.ConfigurationFileAddedEvent]. Event base filename: [acm-config-server-repo/labels/admin-en-in.yaml]
[m[36m<TIMESTAMP>,088 [DEBUG] [main] com.armedia.acm.files.ConfigFileWatcher - file added: file:///tmp/blitzy/ArkCase/blitzy-<UUID>-w-053_196589/.blitzy-scratch/rt/base8/home/.arkcase/acm/acm-config-server-repo/labels/document-repository-es.yaml
[m[36m<TIMESTAMP>,088 [DEBUG] [main] com.armedia.acm.spring.SpringContextHolder - Event type: [com.armedia.acm.files.ConfigurationFileAddedEvent]. Event base filename: [acm-config-server-repo/labels/document-repository-es.yaml]
[m[36m<TIMESTAMP>,088 [DEBUG] [main] com.armedia.acm.files.ConfigFileWatcher - file added: file:///tmp/blitzy/ArkCase/blitzy-<UUID>-w-053_196589/.blitzy-scratch/rt/base8/home/.arkcase/acm/acm-config-server-repo/labels/frevvo-ar.yaml
[m[36m<TIMESTAMP>,088 [DEBUG] [main] com.armedia.acm.spring.SpringContextHolder - Event type: [com.armedia.acm.files.ConfigurationFileAddedEvent]. Event base filename: [acm-config-server-repo/labels/frevvo-ar.yaml]
[m[36m<TIMESTAMP>,088 [DEBUG] [main] com.armedia.acm.files.ConfigFileWatcher - file added: file:///tmp/blitzy/ArkCase/blitzy-<UUID>-w-053_196589/.blitzy-scratch/rt/base8/home/.arkcase/acm/acm-config-server-repo/labels/search-en-in.yaml
[m[36m<TIMESTAMP>,088 [DEBUG] [main] com.armedia.acm.spring.SpringContextHolder - Event type: [com.armedia.acm.files.ConfigurationFileAddedEvent]. Event base filename: [acm-config-server-repo/labels/search-en-in.yaml]
[m[36m<TIMESTAMP>,088 [DEBUG] [main] com.armedia.acm.files.ConfigFileWatcher - file added: file:///tmp/blitzy/ArkCase/blitzy-<UUID>-w-053_196589/.blitzy-scratch/rt/base8/home/.arkcase/acm/acm-config-server-repo/labels/tags-es.yaml
[m[36m<TIMESTAMP>,088 [DEBUG] [main] com.armedia.acm.spring.SpringContextHolder - Event type: [com.armedia.acm.files.ConfigurationFileAddedEvent]. Event base filename: [acm-config-server-repo/labels/tags-es.yaml]
[m[36m<TIMESTAMP>,088 [DEBUG] [main] com.armedia.acm.files.ConfigFileWatcher - file added: file:///tmp/blitzy/ArkCase/blitzy-<UUID>-w-053_196589/.blitzy-scratch/rt/base8/home/.arkcase/acm/acm-config-server-repo/labels/complaints-en-in.yaml
[m[36m<TIMESTAMP>,088 [DEBUG] [main] com.armedia.acm.spring.SpringContextHolder - Event type: [com.armedia.acm.files.ConfigurationFileAddedEvent]. Event base filename: [acm-config-server-repo/labels/complaints-en-in.yaml]
[m[36m<TIMESTAMP>,088 [DEBUG] [main] com.armedia.acm.files.ConfigFileWatcher - file added: file:///tmp/blitzy/ArkCase/blitzy-<UUID>-w-053_196589/.blitzy-scratch/rt/base8/home/.arkcase/acm/acm-config-server-repo/labels/cases-en.yaml
[m[36m<TIMESTAMP>,089 [DEBUG] [main] com.armedia.acm.spring.SpringContextHolder - Event type: [com.armedia.acm.files.ConfigurationFileAddedEvent]. Event base filename: [acm-config-server-repo/labels/cases-en.yaml]
[m[36m<TIMESTAMP>,089 [DEBUG] [main] com.armedia.acm.files.ConfigFileWatcher - file added: file:///tmp/blitzy/ArkCase/blitzy-<UUID>-w-053_196589/.blitzy-scratch/rt/base8/home/.arkcase/acm/acm-config-server-repo/labels/core-de.yaml
[m[36m<TIMESTAMP>,089 [DEBUG] [main] com.armedia.acm.spring.SpringContextHolder - Event type: [com.armedia.acm.files.ConfigurationFileAddedEvent]. Event base filename: [acm-config-server-repo/labels/core-de.yaml]
[m[36m<TIMESTAMP>,089 [DEBUG] [main] com.armedia.acm.files.ConfigFileWatcher - file added: file:///tmp/blitzy/ArkCase/blitzy-<UUID>-w-053_196589/.blitzy-scratch/rt/base8/home/.arkcase/acm/acm-config-server-repo/labels/analytics-de.yaml
[m[36m<TIMESTAMP>,089 [DEBUG] [main] com.armedia.acm.spring.SpringContextHolder - Event type: [com.armedia.acm.files.ConfigurationFileAddedEvent]. Event base filename: [acm-config-server-repo/labels/analytics-de.yaml]
[m[36m<TIMESTAMP>,089 [DEBUG] [main] com.armedia.acm.files.ConfigFileWatcher - file added: file:///tmp/blitzy/ArkCase/blitzy-<UUID>-w-053_196589/.blitzy-scratch/rt/base8/home/.arkcase/acm/acm-config-server-repo/labels/consultations-en.yaml
[m[36m<TIMESTAMP>,089 [DEBUG] [main] com.armedia.acm.spring.SpringContextHolder - Event type: [com.armedia.acm.files.ConfigurationFileAddedEvent]. Event base filename: [acm-config-server-repo/labels/consultations-en.yaml]
[m[36m<TIMESTAMP>,089 [DEBUG] [main] com.armedia.acm.files.ConfigFileWatcher - file added: file:///tmp/blitzy/ArkCase/blitzy-<UUID>-w-053_196589/.blitzy-scratch/rt/base8/home/.arkcase/acm/acm-config-server-repo/labels/analytics-audit-ru.yaml
[m[36m<TIMESTAMP>,089 [DEBUG] [main] com.armedia.acm.spring.SpringContextHolder - Event type: [com.armedia.acm.files.ConfigurationFileAddedEvent]. Event base filename: [acm-config-server-repo/labels/analytics-audit-ru.yaml]
[m[36m<TIMESTAMP>,089 [DEBUG] [main] com.armedia.acm.files.ConfigFileWatcher - file added: file:///tmp/blitzy/ArkCase/blitzy-<UUID>-w-053_196589/.blitzy-scratch/rt/base8/home/.arkcase/acm/acm-config-server-repo/labels/audit-ru.yaml
[m[36m<TIMESTAMP>,089 [DEBUG] [main] com.armedia.acm.spring.SpringContextHolder - Event type: [com.armedia.acm.files.ConfigurationFileAddedEvent]. Event base filename: [acm-config-server-repo/labels/audit-ru.yaml]
[m[36m<TIMESTAMP>,089 [DEBUG] [main] com.armedia.acm.files.ConfigFileWatcher - file added: file:///tmp/blitzy/ArkCase/blitzy-<UUID>-w-053_196589/.blitzy-scratch/rt/base8/home/.arkcase/acm/acm-config-server-repo/labels/document-details-zh-cn.yaml
[m[36m<TIMESTAMP>,089 [DEBUG] [main] com.armedia.acm.spring.SpringContextHolder - Event type: [com.armedia.acm.files.ConfigurationFileAddedEvent]. Event base filename: [acm-config-server-repo/labels/document-details-zh-cn.yaml]
[m[36m<TIMESTAMP>,089 [DEBUG] [main] com.armedia.acm.files.ConfigFileWatcher - file added: file:///tmp/blitzy/ArkCase/blitzy-<UUID>-w-053_196589/.blitzy-scratch/rt/base8/home/.arkcase/acm/acm-config-server-repo/labels/audit-en-in.yaml
[m[36m<TIMESTAMP>,089 [DEBUG] [main] com.armedia.acm.spring.SpringContextHolder - Event type: [com.armedia.acm.files.ConfigurationFileAddedEvent]. Event base filename: [acm-config-server-repo/labels/audit-en-in.yaml]
[m[36m<TIMESTAMP>,089 [DEBUG] [main] com.armedia.acm.files.ConfigFileWatcher - file added: file:///tmp/blitzy/ArkCase/blitzy-<UUID>-w-053_196589/.blitzy-scratch/rt/base8/home/.arkcase/acm/acm-config-server-repo/labels/organizations-ar.yaml
[m[36m<TIMESTAMP>,089 [DEBUG] [main] com.armedia.acm.spring.SpringContextHolder - Event type: [com.armedia.acm.files.ConfigurationFileAddedEvent]. Event base filename: [acm-config-server-repo/labels/organizations-ar.yaml]
[m[36m<TIMESTAMP>,089 [DEBUG] [main] com.armedia.acm.files.ConfigFileWatcher - file added: file:///tmp/blitzy/ArkCase/blitzy-<UUID>-w-053_196589/.blitzy-scratch/rt/base8/home/.arkcase/acm/acm-config-server-repo/labels/tags-ja.yaml
[m[36m<TIMESTAMP>,089 [DEBUG] [main] com.armedia.acm.spring.SpringContextHolder - Event type: [com.armedia.acm.files.ConfigurationFileAddedEvent]. Event base filename: [acm-config-server-repo/labels/tags-ja.yaml]
[m[36m<TIMESTAMP>,089 [DEBUG] [main] com.armedia.acm.files.ConfigFileWatcher - file added: file:///tmp/blitzy/ArkCase/blitzy-<UUID>-w-053_196589/.blitzy-scratch/rt/base8/home/.arkcase/acm/acm-config-server-repo/labels/core-ja.yaml
[m[36m<TIMESTAMP>,089 [DEBUG] [main] com.armedia.acm.spring.SpringContextHolder - Event type: [com.armedia.acm.files.ConfigurationFileAddedEvent]. Event base filename: [acm-config-server-repo/labels/core-ja.yaml]
[m[36m<TIMESTAMP>,089 [DEBUG] [main] com.armedia.acm.files.ConfigFileWatcher - file added: file:///tmp/blitzy/ArkCase/blitzy-<UUID>-w-053_196589/.blitzy-scratch/rt/base8/home/.arkcase/acm/acm-config-server-repo/labels/frevvo-fr.yaml
[m[36m<TIMESTAMP>,090 [DEBUG] [main] com.armedia.acm.spring.SpringContextHolder - Event type: [com.armedia.acm.files.ConfigurationFileAddedEvent]. Event base filename: [acm-config-server-repo/labels/frevvo-fr.yaml]
[m[36m<TIMESTAMP>,090 [DEBUG] [main] com.armedia.acm.files.ConfigFileWatcher - file added: file:///tmp/blitzy/ArkCase/blitzy-<UUID>-w-053_196589/.blitzy-scratch/rt/base8/home/.arkcase/acm/acm-config-server-repo/labels/document-details-de.yaml
[m[36m<TIMESTAMP>,090 [DEBUG] [main] com.armedia.acm.spring.SpringContextHolder - Event type: [com.armedia.acm.files.ConfigurationFileAddedEvent]. Event base filename: [acm-config-server-repo/labels/document-details-de.yaml]
[m[36m<TIMESTAMP>,090 [DEBUG] [main] com.armedia.acm.files.ConfigFileWatcher - file added: file:///tmp/blitzy/ArkCase/blitzy-<UUID>-w-053_196589/.blitzy-scratch/rt/base8/home/.arkcase/acm/acm-config-server-repo/labels/tasks-en-in.yaml
[m[36m<TIMESTAMP>,090 [DEBUG] [main] com.armedia.acm.spring.SpringContextHolder - Event type: [com.armedia.acm.files.ConfigurationFileAddedEvent]. Event base filename: [acm-config-server-repo/labels/tasks-en-in.yaml]
[m[36m<TIMESTAMP>,090 [DEBUG] [main] com.armedia.acm.files.ConfigFileWatcher - file added: file:///tmp/blitzy/ArkCase/blitzy-<UUID>-w-053_196589/.blitzy-scratch/rt/base8/home/.arkcase/acm/acm-config-server-repo/labels/notifications-en-in.yaml
[m[36m<TIMESTAMP>,090 [DEBUG] [main] com.armedia.acm.spring.SpringContextHolder - Event type: [com.armedia.acm.files.ConfigurationFileAddedEvent]. Event base filename: [acm-config-server-repo/labels/notifications-en-in.yaml]
[m[36m<TIMESTAMP>,090 [DEBUG] [main] com.armedia.acm.files.ConfigFileWatcher - file added: file:///tmp/blitzy/ArkCase/blitzy-<UUID>-w-053_196589/.blitzy-scratch/rt/base8/home/.arkcase/acm/acm-config-server-repo/labels/subscriptions-pt.yaml
[m[36m<TIMESTAMP>,090 [DEBUG] [main] com.armedia.acm.spring.SpringContextHolder - Event type: [com.armedia.acm.files.ConfigurationFileAddedEvent]. Event base filename: [acm-config-server-repo/labels/subscriptions-pt.yaml]
[m[36m<TIMESTAMP>,090 [DEBUG] [main] com.armedia.acm.files.ConfigFileWatcher - file added: file:///tmp/blitzy/ArkCase/blitzy-<UUID>-w-053_196589/.blitzy-scratch/rt/base8/home/.arkcase/acm/acm-config-server-repo/labels/core-ru.yaml
[m[36m<TIMESTAMP>,090 [DEBUG] [main] com.armedia.acm.spring.SpringContextHolder - Event type: [com.armedia.acm.files.ConfigurationFileAddedEvent]. Event base filename: [acm-config-server-repo/labels/core-ru.yaml]
[m[36m<TIMESTAMP>,090 [DEBUG] [main] com.armedia.acm.files.ConfigFileWatcher - file added: file:///tmp/blitzy/ArkCase/blitzy-<UUID>-w-053_196589/.blitzy-scratch/rt/base8/home/.arkcase/acm/acm-config-server-repo/labels/profile-ja.yaml
[m[36m<TIMESTAMP>,090 [DEBUG] [main] com.armedia.acm.spring.SpringContextHolder - Event type: [com.armedia.acm.files.ConfigurationFileAddedEvent]. Event base filename: [acm-config-server-repo/labels/profile-ja.yaml]
[m[36m<TIMESTAMP>,090 [DEBUG] [main] com.armedia.acm.files.ConfigFileWatcher - file added: file:///tmp/blitzy/ArkCase/blitzy-<UUID>-w-053_196589/.blitzy-scratch/rt/base8/home/.arkcase/acm/acm-config-server-repo/labels/welcome-en-in.yaml
[m[36m<TIMESTAMP>,090 [DEBUG] [main] com.armedia.acm.spring.SpringContextHolder - Event type: [com.armedia.acm.files.ConfigurationFileAddedEvent]. Event base filename: [acm-config-server-repo/labels/welcome-en-in.yaml]
[m[36m<TIMESTAMP>,090 [DEBUG] [main] com.armedia.acm.files.ConfigFileWatcher - file added: file:///tmp/blitzy/ArkCase/blitzy-<UUID>-w-053_196589/.blitzy-scratch/rt/base8/home/.arkcase/acm/acm-config-server-repo/labels/welcome-ja.yaml
[m[36m<TIMESTAMP>,090 [DEBUG] [main] com.armedia.acm.spring.SpringContextHolder - Event type: [com.armedia.acm.files.ConfigurationFileAddedEvent]. Event base filename: [acm-config-server-repo/labels/welcome-ja.yaml]
[m[36m<TIMESTAMP>,090 [DEBUG] [main] com.armedia.acm.files.ConfigFileWatcher - file added: file:///tmp/blitzy/ArkCase/blitzy-<UUID>-w-053_196589/.blitzy-scratch/rt/base8/home/.arkcase/acm/acm-config-server-repo/labels/complaints-ja.yaml
[m[36m<TIMESTAMP>,090 [DEBUG] [main] com.armedia.acm.spring.SpringContextHolder - Event type: [com.armedia.acm.files.ConfigurationFileAddedEvent]. Event base filename: [acm-config-server-repo/labels/complaints-ja.yaml]
[m[36m<TIMESTAMP>,090 [DEBUG] [main] com.armedia.acm.files.ConfigFileWatcher - file added: file:///tmp/blitzy/ArkCase/blitzy-<UUID>-w-053_196589/.blitzy-scratch/rt/base8/home/.arkcase/acm/acm-config-server-repo/labels/document-details-hi.yaml
[m[36m<TIMESTAMP>,090 [DEBUG] [main] com.armedia.acm.spring.SpringContextHolder - Event type: [com.armedia.acm.files.ConfigurationFileAddedEvent]. Event base filename: [acm-config-server-repo/labels/document-details-hi.yaml]
[m[36m<TIMESTAMP>,090 [DEBUG] [main] com.armedia.acm.files.ConfigFileWatcher - file added: file:///tmp/blitzy/ArkCase/blitzy-<UUID>-w-053_196589/.blitzy-scratch/rt/base8/home/.arkcase/acm/acm-config-server-repo/labels/goodbye-en.yaml
[m[36m<TIMESTAMP>,091 [DEBUG] [main] com.armedia.acm.spring.SpringContextHolder - Event type: [com.armedia.acm.files.ConfigurationFileAddedEvent]. Event base filename: [acm-config-server-repo/labels/goodbye-en.yaml]
[m[36m<TIMESTAMP>,091 [DEBUG] [main] com.armedia.acm.files.ConfigFileWatcher - file added: file:///tmp/blitzy/ArkCase/blitzy-<UUID>-w-053_196589/.blitzy-scratch/rt/base8/home/.arkcase/acm/acm-config-server-repo/labels/document-repository-zh-cn.yaml
[m[36m<TIMESTAMP>,091 [DEBUG] [main] com.armedia.acm.spring.SpringContextHolder - Event type: [com.armedia.acm.files.ConfigurationFileAddedEvent]. Event base filename: [acm-config-server-repo/labels/document-repository-zh-cn.yaml]
[m[36m<TIMESTAMP>,091 [DEBUG] [main] com.armedia.acm.files.ConfigFileWatcher - file added: file:///tmp/blitzy/ArkCase/blitzy-<UUID>-w-053_196589/.blitzy-scratch/rt/base8/home/.arkcase/acm/acm-config-server-repo/labels/welcome-pt.yaml
[m[36m<TIMESTAMP>,092 [DEBUG] [main] com.armedia.acm.spring.SpringContextHolder - Event type: [com.armedia.acm.files.ConfigurationFileAddedEvent]. Event base filename: [acm-config-server-repo/labels/welcome-pt.yaml]
[m[36m<TIMESTAMP>,092 [DEBUG] [main] com.armedia.acm.files.ConfigFileWatcher - file added: file:///tmp/blitzy/ArkCase/blitzy-<UUID>-w-053_196589/.blitzy-scratch/rt/base8/home/.arkcase/acm/acm-config-server-repo/labels/analytics-ar.yaml
[m[36m<TIMESTAMP>,092 [DEBUG] [main] com.armedia.acm.spring.SpringContextHolder - Event type: [com.armedia.acm.files.ConfigurationFileAddedEvent]. Event base filename: [acm-config-server-repo/labels/analytics-ar.yaml]
[m[36m<TIMESTAMP>,092 [DEBUG] [main] com.armedia.acm.files.ConfigFileWatcher - file added: file:///tmp/blitzy/ArkCase/blitzy-<UUID>-w-053_196589/.blitzy-scratch/rt/base8/home/.arkcase/acm/acm-config-server-repo/labels/preference-zh-tw.yaml
[m[36m<TIMESTAMP>,092 [DEBUG] [main] com.armedia.acm.spring.SpringContextHolder - Event type: [com.armedia.acm.files.ConfigurationFileAddedEvent]. Event base filename: [acm-config-server-repo/labels/preference-zh-tw.yaml]
[m[36m<TIMESTAMP>,092 [DEBUG] [main] com.armedia.acm.files.ConfigFileWatcher - file added: file:///tmp/blitzy/ArkCase/blitzy-<UUID>-w-053_196589/.blitzy-scratch/rt/base8/home/.arkcase/acm/acm-config-server-repo/labels/preference-ru.yaml
[m[36m<TIMESTAMP>,092 [DEBUG] [main] com.armedia.acm.spring.SpringContextHolder - Event type: [com.armedia.acm.files.ConfigurationFileAddedEvent]. Event base filename: [acm-config-server-repo/labels/preference-ru.yaml]
[m[36m<TIMESTAMP>,092 [DEBUG] [main] com.armedia.acm.files.ConfigFileWatcher - file added: file:///tmp/blitzy/ArkCase/blitzy-<UUID>-w-053_196589/.blitzy-scratch/rt/base8/home/.arkcase/acm/acm-config-server-repo/labels/time-tracking-en.yaml
[m[36m<TIMESTAMP>,092 [DEBUG] [main] com.armedia.acm.spring.SpringContextHolder - Event type: [com.armedia.acm.files.ConfigurationFileAddedEvent]. Event base filename: [acm-config-server-repo/labels/time-tracking-en.yaml]
[m[36m<TIMESTAMP>,092 [DEBUG] [main] com.armedia.acm.files.ConfigFileWatcher - file added: file:///tmp/blitzy/ArkCase/blitzy-<UUID>-w-053_196589/.blitzy-scratch/rt/base8/home/.arkcase/acm/acm-config-server-repo/labels/dashboard-en-in.yaml
[m[36m<TIMESTAMP>,092 [DEBUG] [main] com.armedia.acm.spring.SpringContextHolder - Event type: [com.armedia.acm.files.ConfigurationFileAddedEvent]. Event base filename: [acm-config-server-repo/labels/dashboard-en-in.yaml]
[m[36m<TIMESTAMP>,092 [DEBUG] [main] com.armedia.acm.files.ConfigFileWatcher - file added: file:///tmp/blitzy/ArkCase/blitzy-<UUID>-w-053_196589/.blitzy-scratch/rt/base8/home/.arkcase/acm/acm-config-server-repo/labels/preference-hi.yaml
[m[36m<TIMESTAMP>,093 [DEBUG] [main] com.armedia.acm.spring.SpringContextHolder - Event type: [com.armedia.acm.files.ConfigurationFileAddedEvent]. Event base filename: [acm-config-server-repo/labels/preference-hi.yaml]
[m[36m<TIMESTAMP>,093 [DEBUG] [main] com.armedia.acm.files.ConfigFileWatcher - file added: file:///tmp/blitzy/ArkCase/blitzy-<UUID>-w-053_196589/.blitzy-scratch/rt/base8/home/.arkcase/acm/acm-config-server-repo/labels/dashboard-es.yaml
[m[36m<TIMESTAMP>,093 [DEBUG] [main] com.armedia.acm.spring.SpringContextHolder - Event type: [com.armedia.acm.files.ConfigurationFileAddedEvent]. Event base filename: [acm-config-server-repo/labels/dashboard-es.yaml]
[m[36m<TIMESTAMP>,093 [DEBUG] [main] com.armedia.acm.files.ConfigFileWatcher - file added: file:///tmp/blitzy/ArkCase/blitzy-<UUID>-w-053_196589/.blitzy-scratch/rt/base8/home/.arkcase/acm/acm-config-server-repo/labels/analytics-hi.yaml
[m[36m<TIMESTAMP>,093 [DEBUG] [main] com.armedia.acm.spring.SpringContextHolder - Event type: [com.armedia.acm.files.ConfigurationFileAddedEvent]. Event base filename: [acm-config-server-repo/labels/analytics-hi.yaml]
[m[36m<TIMESTAMP>,093 [DEBUG] [main] com.armedia.acm.files.ConfigFileWatcher - file added: file:///tmp/blitzy/ArkCase/blitzy-<UUID>-w-053_196589/.blitzy-scratch/rt/base8/home/.arkcase/acm/acm-config-server-repo/labels/profile-zh-cn.yaml
[m[36m<TIMESTAMP>,093 [DEBUG] [main] com.armedia.acm.spring.SpringContextHolder - Event type: [com.armedia.acm.files.ConfigurationFileAddedEvent]. Event base filename: [acm-config-server-repo/labels/profile-zh-cn.yaml]
[m[36m<TIMESTAMP>,093 [DEBUG] [main] com.armedia.acm.files.ConfigFileWatcher - file added: file:///tmp/blitzy/ArkCase/blitzy-<UUID>-w-053_196589/.blitzy-scratch/rt/base8/home/.arkcase/acm/acm-config-server-repo/labels/search-de.yaml
[m[36m<TIMESTAMP>,093 [DEBUG] [main] com.armedia.acm.spring.SpringContextHolder - Event type: [com.armedia.acm.files.ConfigurationFileAddedEvent]. Event base filename: [acm-config-server-repo/labels/search-de.yaml]
[m[36m<TIMESTAMP>,093 [DEBUG] [main] com.armedia.acm.files.ConfigFileWatcher - file added: file:///tmp/blitzy/ArkCase/blitzy-<UUID>-w-053_196589/.blitzy-scratch/rt/base8/home/.arkcase/acm/acm-config-server-repo/labels/organizations-zh-cn.yaml
[m[36m<TIMESTAMP>,093 [DEBUG] [main] com.armedia.acm.spring.SpringContextHolder - Event type: [com.armedia.acm.files.ConfigurationFileAddedEvent]. Event base filename: [acm-config-server-repo/labels/organizations-zh-cn.yaml]
[m[36m<TIMESTAMP>,093 [DEBUG] [main] com.armedia.acm.files.ConfigFileWatcher - file added: file:///tmp/blitzy/ArkCase/blitzy-<UUID>-w-053_196589/.blitzy-scratch/rt/base8/home/.arkcase/acm/acm-config-server-repo/labels/cases-fr.yaml
[m[36m<TIMESTAMP>,093 [DEBUG] [main] com.armedia.acm.spring.SpringContextHolder - Event type: [com.armedia.acm.files.ConfigurationFileAddedEvent]. Event base filename: [acm-config-server-repo/labels/cases-fr.yaml]
[m[36m<TIMESTAMP>,094 [DEBUG] [main] com.armedia.acm.files.ConfigFileWatcher - file added: file:///tmp/blitzy/ArkCase/blitzy-<UUID>-w-053_196589/.blitzy-scratch/rt/base8/home/.arkcase/acm/acm-config-server-repo/labels/cases-ja.yaml
[m[36m<TIMESTAMP>,094 [DEBUG] [main] com.armedia.acm.spring.SpringContextHolder - Event type: [com.armedia.acm.files.ConfigurationFileAddedEvent]. Event base filename: [acm-config-server-repo/labels/cases-ja.yaml]
[m[36m<TIMESTAMP>,094 [DEBUG] [main] com.armedia.acm.files.ConfigFileWatcher - file added: file:///tmp/blitzy/ArkCase/blitzy-<UUID>-w-053_196589/.blitzy-scratch/rt/base8/home/.arkcase/acm/acm-config-server-repo/labels/common-zh-tw.yaml
[m[36m<TIMESTAMP>,094 [DEBUG] [main] com.armedia.acm.spring.SpringContextHolder - Event type: [com.armedia.acm.files.ConfigurationFileAddedEvent]. Event base filename: [acm-config-server-repo/labels/common-zh-tw.yaml]
[m[36m<TIMESTAMP>,094 [DEBUG] [main] com.armedia.acm.files.ConfigFileWatcher - file added: file:///tmp/blitzy/ArkCase/blitzy-<UUID>-w-053_196589/.blitzy-scratch/rt/base8/home/.arkcase/acm/acm-config-server-repo/labels/people-es.yaml
[m[36m<TIMESTAMP>,094 [DEBUG] [main] com.armedia.acm.spring.SpringContextHolder - Event type: [com.armedia.acm.files.ConfigurationFileAddedEvent]. Event base filename: [acm-config-server-repo/labels/people-es.yaml]
[m[36m<TIMESTAMP>,094 [DEBUG] [main] com.armedia.acm.files.ConfigFileWatcher - file added: file:///tmp/blitzy/ArkCase/blitzy-<UUID>-w-053_196589/.blitzy-scratch/rt/base8/home/.arkcase/acm/acm-config-server-repo/labels/tags-en-in.yaml
[m[36m<TIMESTAMP>,094 [DEBUG] [main] com.armedia.acm.spring.SpringContextHolder - Event type: [com.armedia.acm.files.ConfigurationFileAddedEvent]. Event base filename: [acm-config-server-repo/labels/tags-en-in.yaml]
[m[36m<TIMESTAMP>,094 [DEBUG] [main] com.armedia.acm.files.ConfigFileWatcher - file added: file:///tmp/blitzy/ArkCase/blitzy-<UUID>-w-053_196589/.blitzy-scratch/rt/base8/home/.arkcase/acm/acm-config-server-repo/labels/document-details-fr.yaml
[m[36m<TIMESTAMP>,094 [DEBUG] [main] com.armedia.acm.spring.SpringContextHolder - Event type: [com.armedia.acm.files.ConfigurationFileAddedEvent]. Event base filename: [acm-config-server-repo/labels/document-details-fr.yaml]
[m[36m<TIMESTAMP>,094 [DEBUG] [main] com.armedia.acm.files.ConfigFileWatcher - file added: file:///tmp/blitzy/ArkCase/blitzy-<UUID>-w-053_196589/.blitzy-scratch/rt/base8/home/.arkcase/acm/acm-config-server-repo/labels/analytics-pt.yaml
[m[36m<TIMESTAMP>,094 [DEBUG] [main] com.armedia.acm.spring.SpringContextHolder - Event type: [com.armedia.acm.files.ConfigurationFileAddedEvent]. Event base filename: [acm-config-server-repo/labels/analytics-pt.yaml]
[m[36m<TIMESTAMP>,094 [DEBUG] [main] com.armedia.acm.files.ConfigFileWatcher - file added: file:///tmp/blitzy/ArkCase/blitzy-<UUID>-w-053_196589/.blitzy-scratch/rt/base8/home/.arkcase/acm/acm-config-server-repo/labels/cost-tracking-fr.yaml
[m[36m<TIMESTAMP>,094 [DEBUG] [main] com.armedia.acm.spring.SpringContextHolder - Event type: [com.armedia.acm.files.ConfigurationFileAddedEvent]. Event base filename: [acm-config-server-repo/labels/cost-tracking-fr.yaml]
[m[36m<TIMESTAMP>,094 [DEBUG] [main] com.armedia.acm.files.ConfigFileWatcher - file added: file:///tmp/blitzy/ArkCase/blitzy-<UUID>-w-053_196589/.blitzy-scratch/rt/base8/home/.arkcase/acm/acm-config-server-repo/labels/document-repository-ru.yaml
[m[36m<TIMESTAMP>,094 [DEBUG] [main] com.armedia.acm.spring.SpringContextHolder - Event type: [com.armedia.acm.files.ConfigurationFileAddedEvent]. Event base filename: [acm-config-server-repo/labels/document-repository-ru.yaml]
[m[36m<TIMESTAMP>,094 [DEBUG] [main] com.armedia.acm.files.ConfigFileWatcher - file added: file:///tmp/blitzy/ArkCase/blitzy-<UUID>-w-053_196589/.blitzy-scratch/rt/base8/home/.arkcase/acm/acm-config-server-repo/labels/common-ru.yaml
[m[36m<TIMESTAMP>,094 [DEBUG] [main] com.armedia.acm.spring.SpringContextHolder - Event type: [com.armedia.acm.files.ConfigurationFileAddedEvent]. Event base filename: [acm-config-server-repo/labels/common-ru.yaml]
[m[36m<TIMESTAMP>,094 [DEBUG] [main] com.armedia.acm.files.ConfigFileWatcher - file added: file:///tmp/blitzy/ArkCase/blitzy-<UUID>-w-053_196589/.blitzy-scratch/rt/base8/home/.arkcase/acm/acm-config-server-repo/labels/people-de.yaml
[m[36m<TIMESTAMP>,094 [DEBUG] [main] com.armedia.acm.spring.SpringContextHolder - Event type: [com.armedia.acm.files.ConfigurationFileAddedEvent]. Event base filename: [acm-config-server-repo/labels/people-de.yaml]
[m[36m<TIMESTAMP>,094 [DEBUG] [main] com.armedia.acm.files.ConfigFileWatcher - file added: file:///tmp/blitzy/ArkCase/blitzy-<UUID>-w-053_196589/.blitzy-scratch/rt/base8/home/.arkcase/acm/acm-config-server-repo/labels/analytics-en-in.yaml
[m[36m<TIMESTAMP>,094 [DEBUG] [main] com.armedia.acm.spring.SpringContextHolder - Event type: [com.armedia.acm.files.ConfigurationFileAddedEvent]. Event base filename: [acm-config-server-repo/labels/analytics-en-in.yaml]
[m[36m<TIMESTAMP>,094 [DEBUG] [main] com.armedia.acm.files.ConfigFileWatcher - file added: file:///tmp/blitzy/ArkCase/blitzy-<UUID>-w-053_196589/.blitzy-scratch/rt/base8/home/.arkcase/acm/acm-config-server-repo/labels/preference-ja.yaml
[m[36m<TIMESTAMP>,095 [DEBUG] [main] com.armedia.acm.spring.SpringContextHolder - Event type: [com.armedia.acm.files.ConfigurationFileAddedEvent]. Event base filename: [acm-config-server-repo/labels/preference-ja.yaml]
[m[36m<TIMESTAMP>,095 [DEBUG] [main] com.armedia.acm.files.ConfigFileWatcher - file added: file:///tmp/blitzy/ArkCase/blitzy-<UUID>-w-053_196589/.blitzy-scratch/rt/base8/home/.arkcase/acm/acm-config-server-repo/labels/profile-en-in.yaml
[m[36m<TIMESTAMP>,095 [DEBUG] [main] com.armedia.acm.spring.SpringContextHolder - Event type: [com.armedia.acm.files.ConfigurationFileAddedEvent]. Event base filename: [acm-config-server-repo/labels/profile-en-in.yaml]
[m[36m<TIMESTAMP>,095 [DEBUG] [main] com.armedia.acm.files.ConfigFileWatcher - file added: file:///tmp/blitzy/ArkCase/blitzy-<UUID>-w-053_196589/.blitzy-scratch/rt/base8/home/.arkcase/acm/acm-config-server-repo/labels/profile-fr.yaml
[m[36m<TIMESTAMP>,095 [DEBUG] [main] com.armedia.acm.spring.SpringContextHolder - Event type: [com.armedia.acm.files.ConfigurationFileAddedEvent]. Event base filename: [acm-config-server-repo/labels/profile-fr.yaml]
[m[36m<TIMESTAMP>,095 [DEBUG] [main] com.armedia.acm.files.ConfigFileWatcher - file added: file:///tmp/blitzy/ArkCase/blitzy-<UUID>-w-053_196589/.blitzy-scratch/rt/base8/home/.arkcase/acm/acm-config-server-repo/labels/admin-en.yaml
[m[36m<TIMESTAMP>,095 [DEBUG] [main] com.armedia.acm.spring.SpringContextHolder - Event type: [com.armedia.acm.files.ConfigurationFileAddedEvent]. Event base filename: [acm-config-server-repo/labels/admin-en.yaml]
[m[36m<TIMESTAMP>,095 [DEBUG] [main] com.armedia.acm.files.ConfigFileWatcher - file added: file:///tmp/blitzy/ArkCase/blitzy-<UUID>-w-053_196589/.blitzy-scratch/rt/base8/home/.arkcase/acm/acm-config-server-repo/labels/profile-zh-tw.yaml
[m[36m<TIMESTAMP>,095 [DEBUG] [main] com.armedia.acm.spring.SpringContextHolder - Event type: [com.armedia.acm.files.ConfigurationFileAddedEvent]. Event base filename: [acm-config-server-repo/labels/profile-zh-tw.yaml]
[m[36m<TIMESTAMP>,095 [DEBUG] [main] com.armedia.acm.files.ConfigFileWatcher - file added: file:///tmp/blitzy/ArkCase/blitzy-<UUID>-w-053_196589/.blitzy-scratch/rt/base8/home/.arkcase/acm/acm-config-server-repo/labels/audit-ar.yaml
[m[36m<TIMESTAMP>,095 [DEBUG] [main] com.armedia.acm.spring.SpringContextHolder - Event type: [com.armedia.acm.files.ConfigurationFileAddedEvent]. Event base filename: [acm-config-server-repo/labels/audit-ar.yaml]
[m[36m<TIMESTAMP>,095 [DEBUG] [main] com.armedia.acm.files.ConfigFileWatcher - file added: file:///tmp/blitzy/ArkCase/blitzy-<UUID>-w-053_196589/.blitzy-scratch/rt/base8/home/.arkcase/acm/acm-config-server-repo/labels/reports-en-in.yaml
[m[36m<TIMESTAMP>,095 [DEBUG] [main] com.armedia.acm.spring.SpringContextHolder - Event type: [com.armedia.acm.files.ConfigurationFileAddedEvent]. Event base filename: [acm-config-server-repo/labels/reports-en-in.yaml]
[m[36m<TIMESTAMP>,095 [DEBUG] [main] com.armedia.acm.files.ConfigFileWatcher - file added: file:///tmp/blitzy/ArkCase/blitzy-<UUID>-w-053_196589/.blitzy-scratch/rt/base8/home/.arkcase/acm/acm-config-server-repo/labels/preference-fr.yaml
[m[36m<TIMESTAMP>,095 [DEBUG] [main] com.armedia.acm.spring.SpringContextHolder - Event type: [com.armedia.acm.files.ConfigurationFileAddedEvent]. Event base filename: [acm-config-server-repo/labels/preference-fr.yaml]
[m[36m<TIMESTAMP>,095 [DEBUG] [main] com.armedia.acm.files.ConfigFileWatcher - file added: file:///tmp/blitzy/ArkCase/blitzy-<UUID>-w-053_196589/.blitzy-scratch/rt/base8/home/.arkcase/acm/acm-config-server-repo/labels/document-details-es.yaml
[m[36m<TIMESTAMP>,095 [DEBUG] [main] com.armedia.acm.spring.SpringContextHolder - Event type: [com.armedia.acm.files.ConfigurationFileAddedEvent]. Event base filename: [acm-config-server-repo/labels/document-details-es.yaml]
[m[36m<TIMESTAMP>,095 [DEBUG] [main] com.armedia.acm.files.ConfigFileWatcher - file added: file:///tmp/blitzy/ArkCase/blitzy-<UUID>-w-053_196589/.blitzy-scratch/rt/base8/home/.arkcase/acm/acm-config-server-repo/labels/search-hi.yaml
[m[36m<TIMESTAMP>,095 [DEBUG] [main] com.armedia.acm.spring.SpringContextHolder - Event type: [com.armedia.acm.files.ConfigurationFileAddedEvent]. Event base filename: [acm-config-server-repo/labels/search-hi.yaml]
[m[36m<TIMESTAMP>,095 [DEBUG] [main] com.armedia.acm.files.ConfigFileWatcher - file added: file:///tmp/blitzy/ArkCase/blitzy-<UUID>-w-053_196589/.blitzy-scratch/rt/base8/home/.arkcase/acm/acm-config-server-repo/labels/notifications-ar.yaml
[m[36m<TIMESTAMP>,095 [DEBUG] [main] com.armedia.acm.spring.SpringContextHolder - Event type: [com.armedia.acm.files.ConfigurationFileAddedEvent]. Event base filename: [acm-config-server-repo/labels/notifications-ar.yaml]
[m[36m<TIMESTAMP>,095 [DEBUG] [main] com.armedia.acm.files.ConfigFileWatcher - file added: file:///tmp/blitzy/ArkCase/blitzy-<UUID>-w-053_196589/.blitzy-scratch/rt/base8/home/.arkcase/acm/acm-config-server-repo/labels/subscriptions-hi.yaml
[m[36m<TIMESTAMP>,095 [DEBUG] [main] com.armedia.acm.spring.SpringContextHolder - Event type: [com.armedia.acm.files.ConfigurationFileAddedEvent]. Event base filename: [acm-config-server-repo/labels/subscriptions-hi.yaml]
[m[36m<TIMESTAMP>,096 [DEBUG] [main] com.armedia.acm.files.ConfigFileWatcher - file added: file:///tmp/blitzy/ArkCase/blitzy-<UUID>-w-053_196589/.blitzy-scratch/rt/base8/home/.arkcase/acm/acm-config-server-repo/labels/people-en-in.yaml
[m[36m<TIMESTAMP>,096 [DEBUG] [main] com.armedia.acm.spring.SpringContextHolder - Event type: [com.armedia.acm.files.ConfigurationFileAddedEvent]. Event base filename: [acm-config-server-repo/labels/people-en-in.yaml]
[m[36m<TIMESTAMP>,096 [DEBUG] [main] com.armedia.acm.files.ConfigFileWatcher - file added: file:///tmp/blitzy/ArkCase/blitzy-<UUID>-w-053_196589/.blitzy-scratch/rt/base8/home/.arkcase/acm/acm-config-server-repo/labels/goodbye-zh-tw.yaml
[m[36m<TIMESTAMP>,096 [DEBUG] [main] com.armedia.acm.spring.SpringContextHolder - Event type: [com.armedia.acm.files.ConfigurationFileAddedEvent]. Event base filename: [acm-config-server-repo/labels/goodbye-zh-tw.yaml]
[m[36m<TIMESTAMP>,096 [DEBUG] [main] com.armedia.acm.files.ConfigFileWatcher - file added: file:///tmp/blitzy/ArkCase/blitzy-<UUID>-w-053_196589/.blitzy-scratch/rt/base8/home/.arkcase/acm/acm-config-server-repo/labels/cases-hi.yaml
[m[36m<TIMESTAMP>,096 [DEBUG] [main] com.armedia.acm.spring.SpringContextHolder - Event type: [com.armedia.acm.files.ConfigurationFileAddedEvent]. Event base filename: [acm-config-server-repo/labels/cases-hi.yaml]
[m[36m<TIMESTAMP>,096 [DEBUG] [main] com.armedia.acm.files.ConfigFileWatcher - file added: file:///tmp/blitzy/ArkCase/blitzy-<UUID>-w-053_196589/.blitzy-scratch/rt/base8/home/.arkcase/acm/acm-config-server-repo/labels/reports-es.yaml
[m[36m<TIMESTAMP>,096 [DEBUG] [main] com.armedia.acm.spring.SpringContextHolder - Event type: [com.armedia.acm.files.ConfigurationFileAddedEvent]. Event base filename: [acm-config-server-repo/labels/reports-es.yaml]
[m[36m<TIMESTAMP>,096 [DEBUG] [main] com.armedia.acm.files.ConfigFileWatcher - file added: file:///tmp/blitzy/ArkCase/blitzy-<UUID>-w-053_196589/.blitzy-scratch/rt/base8/home/.arkcase/acm/acm-config-server-repo/labels/core-ar.yaml
[m[36m<TIMESTAMP>,096 [DEBUG] [main] com.armedia.acm.spring.SpringContextHolder - Event type: [com.armedia.acm.files.ConfigurationFileAddedEvent]. Event base filename: [acm-config-server-repo/labels/core-ar.yaml]
[m[36m<TIMESTAMP>,096 [DEBUG] [main] com.armedia.acm.files.ConfigFileWatcher - file added: file:///tmp/blitzy/ArkCase/blitzy-<UUID>-w-053_196589/.blitzy-scratch/rt/base8/home/.arkcase/acm/acm-config-server-repo/labels/time-tracking-ar.yaml
[m[36m<TIMESTAMP>,096 [DEBUG] [main] com.armedia.acm.spring.SpringContextHolder - Event type: [com.armedia.acm.files.ConfigurationFileAddedEvent]. Event base filename: [acm-config-server-repo/labels/time-tracking-ar.yaml]
[m[36m<TIMESTAMP>,096 [DEBUG] [main] com.armedia.acm.files.ConfigFileWatcher - file added: file:///tmp/blitzy/ArkCase/blitzy-<UUID>-w-053_196589/.blitzy-scratch/rt/base8/home/.arkcase/acm/acm-config-server-repo/labels/welcome-fr.yaml
[m[36m<TIMESTAMP>,096 [DEBUG] [main] com.armedia.acm.spring.SpringContextHolder - Event type: [com.armedia.acm.files.ConfigurationFileAddedEvent]. Event base filename: [acm-config-server-repo/labels/welcome-fr.yaml]
[m[36m<TIMESTAMP>,096 [DEBUG] [main] com.armedia.acm.files.ConfigFileWatcher - file added: file:///tmp/blitzy/ArkCase/blitzy-<UUID>-w-053_196589/.blitzy-scratch/rt/base8/home/.arkcase/acm/acm-config-server-repo/labels/search-es.yaml
[m[36m<TIMESTAMP>,096 [DEBUG] [main] com.armedia.acm.spring.SpringContextHolder - Event type: [com.armedia.acm.files.ConfigurationFileAddedEvent]. Event base filename: [acm-config-server-repo/labels/search-es.yaml]
[m[36m<TIMESTAMP>,096 [DEBUG] [main] com.armedia.acm.files.ConfigFileWatcher - file added: file:///tmp/blitzy/ArkCase/blitzy-<UUID>-w-053_196589/.blitzy-scratch/rt/base8/home/.arkcase/acm/acm-config-server-repo/labels/reports-zh-tw.yaml
[m[36m<TIMESTAMP>,096 [DEBUG] [main] com.armedia.acm.spring.SpringContextHolder - Event type: [com.armedia.acm.files.ConfigurationFileAddedEvent]. Event base filename: [acm-config-server-repo/labels/reports-zh-tw.yaml]
[m[36m<TIMESTAMP>,096 [DEBUG] [main] com.armedia.acm.files.ConfigFileWatcher - file added: file:///tmp/blitzy/ArkCase/blitzy-<UUID>-w-053_196589/.blitzy-scratch/rt/base8/home/.arkcase/acm/acm-config-server-repo/labels/analytics-audit-fr.yaml
[m[36m<TIMESTAMP>,096 [DEBUG] [main] com.armedia.acm.spring.SpringContextHolder - Event type: [com.armedia.acm.files.ConfigurationFileAddedEvent]. Event base filename: [acm-config-server-repo/labels/analytics-audit-fr.yaml]
[m[36m<TIMESTAMP>,096 [DEBUG] [main] com.armedia.acm.files.ConfigFileWatcher - file added: file:///tmp/blitzy/ArkCase/blitzy-<UUID>-w-053_196589/.blitzy-scratch/rt/base8/home/.arkcase/acm/acm-config-server-repo/labels/core-fr.yaml
[m[36m<TIMESTAMP>,096 [DEBUG] [main] com.armedia.acm.spring.SpringContextHolder - Event type: [com.armedia.acm.files.ConfigurationFileAddedEvent]. Event base filename: [acm-config-server-repo/labels/core-fr.yaml]
[m[36m<TIMESTAMP>,096 [DEBUG] [main] com.armedia.acm.files.ConfigFileWatcher - file added: file:///tmp/blitzy/ArkCase/blitzy-<UUID>-w-053_196589/.blitzy-scratch/rt/base8/home/.arkcase/acm/acm-config-server-repo/labels/reports-en.yaml
[m[36m<TIMESTAMP>,096 [DEBUG] [main] com.armedia.acm.spring.SpringContextHolder - Event type: [com.armedia.acm.files.ConfigurationFileAddedEvent]. Event base filename: [acm-config-server-repo/labels/reports-en.yaml]
[m[36m<TIMESTAMP>,097 [DEBUG] [main] com.armedia.acm.files.ConfigFileWatcher - file added: file:///tmp/blitzy/ArkCase/blitzy-<UUID>-w-053_196589/.blitzy-scratch/rt/base8/home/.arkcase/acm/acm-config-server-repo/labels/cost-tracking-ja.yaml
[m[36m<TIMESTAMP>,097 [DEBUG] [main] com.armedia.acm.spring.SpringContextHolder - Event type: [com.armedia.acm.files.ConfigurationFileAddedEvent]. Event base filename: [acm-config-server-repo/labels/cost-tracking-ja.yaml]
[m[36m<TIMESTAMP>,097 [DEBUG] [main] com.armedia.acm.files.ConfigFileWatcher - file added: file:///tmp/blitzy/ArkCase/blitzy-<UUID>-w-053_196589/.blitzy-scratch/rt/base8/home/.arkcase/acm/acm-config-server-repo/labels/dashboard-de.yaml
[m[36m<TIMESTAMP>,097 [DEBUG] [main] com.armedia.acm.spring.SpringContextHolder - Event type: [com.armedia.acm.files.ConfigurationFileAddedEvent]. Event base filename: [acm-config-server-repo/labels/dashboard-de.yaml]
[m[36m<TIMESTAMP>,097 [DEBUG] [main] com.armedia.acm.files.ConfigFileWatcher - file added: file:///tmp/blitzy/ArkCase/blitzy-<UUID>-w-053_196589/.blitzy-scratch/rt/base8/home/.arkcase/acm/acm-config-server-repo/labels/cost-tracking-ru.yaml
[m[36m<TIMESTAMP>,097 [DEBUG] [main] com.armedia.acm.spring.SpringContextHolder - Event type: [com.armedia.acm.files.ConfigurationFileAddedEvent]. Event base filename: [acm-config-server-repo/labels/cost-tracking-ru.yaml]
[m[36m<TIMESTAMP>,097 [DEBUG] [main] com.armedia.acm.files.ConfigFileWatcher - file added: file:///tmp/blitzy/ArkCase/blitzy-<UUID>-w-053_196589/.blitzy-scratch/rt/base8/home/.arkcase/acm/acm-config-server-repo/labels/tags-ru.yaml
[m[36m<TIMESTAMP>,097 [DEBUG] [main] com.armedia.acm.spring.SpringContextHolder - Event type: [com.armedia.acm.files.ConfigurationFileAddedEvent]. Event base filename: [acm-config-server-repo/labels/tags-ru.yaml]
[m[36m<TIMESTAMP>,097 [DEBUG] [main] com.armedia.acm.files.ConfigFileWatcher - file added: file:///tmp/blitzy/ArkCase/blitzy-<UUID>-w-053_196589/.blitzy-scratch/rt/base8/home/.arkcase/acm/acm-config-server-repo/labels/goodbye-ru.yaml
[m[36m<TIMESTAMP>,097 [DEBUG] [main] com.armedia.acm.spring.SpringContextHolder - Event type: [com.armedia.acm.files.ConfigurationFileAddedEvent]. Event base filename: [acm-config-server-repo/labels/goodbye-ru.yaml]
[m[36m<TIMESTAMP>,097 [DEBUG] [main] com.armedia.acm.files.ConfigFileWatcher - file added: file:///tmp/blitzy/ArkCase/blitzy-<UUID>-w-053_196589/.blitzy-scratch/rt/base8/home/.arkcase/acm/acm-config-server-repo/labels/cases-zh-cn.yaml
[m[36m<TIMESTAMP>,097 [DEBUG] [main] com.armedia.acm.spring.SpringContextHolder - Event type: [com.armedia.acm.files.ConfigurationFileAddedEvent]. Event base filename: [acm-config-server-repo/labels/cases-zh-cn.yaml]
[m[36m<TIMESTAMP>,097 [DEBUG] [main] com.armedia.acm.files.ConfigFileWatcher - file added: file:///tmp/blitzy/ArkCase/blitzy-<UUID>-w-053_196589/.blitzy-scratch/rt/base8/home/.arkcase/acm/acm-config-server-repo/labels/welcome-zh-cn.yaml
[m[36m<TIMESTAMP>,097 [DEBUG] [main] com.armedia.acm.spring.SpringContextHolder - Event type: [com.armedia.acm.files.ConfigurationFileAddedEvent]. Event base filename: [acm-config-server-repo/labels/welcome-zh-cn.yaml]
[m[36m<TIMESTAMP>,097 [DEBUG] [main] com.armedia.acm.files.ConfigFileWatcher - file added: file:///tmp/blitzy/ArkCase/blitzy-<UUID>-w-053_196589/.blitzy-scratch/rt/base8/home/.arkcase/acm/acm-config-server-repo/labels/goodbye-en-in.yaml
[m[36m<TIMESTAMP>,097 [DEBUG] [main] com.armedia.acm.spring.SpringContextHolder - Event type: [com.armedia.acm.files.ConfigurationFileAddedEvent]. Event base filename: [acm-config-server-repo/labels/goodbye-en-in.yaml]
[m[36m<TIMESTAMP>,097 [DEBUG] [main] com.armedia.acm.files.ConfigFileWatcher - file added: file:///tmp/blitzy/ArkCase/blitzy-<UUID>-w-053_196589/.blitzy-scratch/rt/base8/home/.arkcase/acm/acm-config-server-repo/labels/audit-en.yaml
[m[36m<TIMESTAMP>,097 [DEBUG] [main] com.armedia.acm.spring.SpringContextHolder - Event type: [com.armedia.acm.files.ConfigurationFileAddedEvent]. Event base filename: [acm-config-server-repo/labels/audit-en.yaml]
[m[36m<TIMESTAMP>,097 [DEBUG] [main] com.armedia.acm.files.ConfigFileWatcher - file added: file:///tmp/blitzy/ArkCase/blitzy-<UUID>-w-053_196589/.blitzy-scratch/rt/base8/home/.arkcase/acm/acm-config-server-repo/labels/common-de.yaml
[m[36m<TIMESTAMP>,097 [DEBUG] [main] com.armedia.acm.spring.SpringContextHolder - Event type: [com.armedia.acm.files.ConfigurationFileAddedEvent]. Event base filename: [acm-config-server-repo/labels/common-de.yaml]
[m[36m<TIMESTAMP>,097 [DEBUG] [main] com.armedia.acm.files.ConfigFileWatcher - file added: file:///tmp/blitzy/ArkCase/blitzy-<UUID>-w-053_196589/.blitzy-scratch/rt/base8/home/.arkcase/acm/acm-config-server-repo/labels/goodbye-hi.yaml
[m[36m<TIMESTAMP>,097 [DEBUG] [main] com.armedia.acm.spring.SpringContextHolder - Event type: [com.armedia.acm.files.ConfigurationFileAddedEvent]. Event base filename: [acm-config-server-repo/labels/goodbye-hi.yaml]
[m[36m<TIMESTAMP>,097 [DEBUG] [main] com.armedia.acm.files.ConfigFileWatcher - file added: file:///tmp/blitzy/ArkCase/blitzy-<UUID>-w-053_196589/.blitzy-scratch/rt/base8/home/.arkcase/acm/acm-config-server-repo/labels/admin-zh-tw.yaml
[m[36m<TIMESTAMP>,097 [DEBUG] [main] com.armedia.acm.spring.SpringContextHolder - Event type: [com.armedia.acm.files.ConfigurationFileAddedEvent]. Event base filename: [acm-config-server-repo/labels/admin-zh-tw.yaml]
[m[36m<TIMESTAMP>,097 [DEBUG] [main] com.armedia.acm.files.ConfigFileWatcher - file added: file:///tmp/blitzy/ArkCase/blitzy-<UUID>-w-053_196589/.blitzy-scratch/rt/base8/home/.arkcase/acm/acm-config-server-repo/labels/admin-ar.yaml
[m[36m<TIMESTAMP>,098 [DEBUG] [main] com.armedia.acm.spring.SpringContextHolder - Event type: [com.armedia.acm.files.ConfigurationFileAddedEvent]. Event base filename: [acm-config-server-repo/labels/admin-ar.yaml]
[m[36m<TIMESTAMP>,098 [DEBUG] [main] com.armedia.acm.files.ConfigFileWatcher - file added: file:///tmp/blitzy/ArkCase/blitzy-<UUID>-w-053_196589/.blitzy-scratch/rt/base8/home/.arkcase/acm/acm-config-server-repo/labels/my-documents-pt.yaml
[m[36m<TIMESTAMP>,098 [DEBUG] [main] com.armedia.acm.spring.SpringContextHolder - Event type: [com.armedia.acm.files.ConfigurationFileAddedEvent]. Event base filename: [acm-config-server-repo/labels/my-documents-pt.yaml]
[m[36m<TIMESTAMP>,098 [DEBUG] [main] com.armedia.acm.files.ConfigFileWatcher - file added: file:///tmp/blitzy/ArkCase/blitzy-<UUID>-w-053_196589/.blitzy-scratch/rt/base8/home/.arkcase/acm/acm-config-server-repo/labels/analytics-en.yaml
[m[36m<TIMESTAMP>,098 [DEBUG] [main] com.armedia.acm.spring.SpringContextHolder - Event type: [com.armedia.acm.files.ConfigurationFileAddedEvent]. Event base filename: [acm-config-server-repo/labels/analytics-en.yaml]
[m[36m<TIMESTAMP>,098 [DEBUG] [main] com.armedia.acm.files.ConfigFileWatcher - file added: file:///tmp/blitzy/ArkCase/blitzy-<UUID>-w-053_196589/.blitzy-scratch/rt/base8/home/.arkcase/acm/acm-config-server-repo/labels/document-repository-de.yaml
[m[36m<TIMESTAMP>,098 [DEBUG] [main] com.armedia.acm.spring.SpringContextHolder - Event type: [com.armedia.acm.files.ConfigurationFileAddedEvent]. Event base filename: [acm-config-server-repo/labels/document-repository-de.yaml]
[m[36m<TIMESTAMP>,098 [DEBUG] [main] com.armedia.acm.files.ConfigFileWatcher - file added: file:///tmp/blitzy/ArkCase/blitzy-<UUID>-w-053_196589/.blitzy-scratch/rt/base8/home/.arkcase/acm/acm-config-server-repo/labels/audit-de.yaml
[m[36m<TIMESTAMP>,098 [DEBUG] [main] com.armedia.acm.spring.SpringContextHolder - Event type: [com.armedia.acm.files.ConfigurationFileAddedEvent]. Event base filename: [acm-config-server-repo/labels/audit-de.yaml]
[m[36m<TIMESTAMP>,098 [DEBUG] [main] com.armedia.acm.files.ConfigFileWatcher - file added: file:///tmp/blitzy/ArkCase/blitzy-<UUID>-w-053_196589/.blitzy-scratch/rt/base8/home/.arkcase/acm/acm-config-server-repo/labels/search-ru.yaml
[m[36m<TIMESTAMP>,098 [DEBUG] [main] com.armedia.acm.spring.SpringContextHolder - Event type: [com.armedia.acm.files.ConfigurationFileAddedEvent]. Event base filename: [acm-config-server-repo/labels/search-ru.yaml]
[m[36m<TIMESTAMP>,098 [DEBUG] [main] com.armedia.acm.files.ConfigFileWatcher - file added: file:///tmp/blitzy/ArkCase/blitzy-<UUID>-w-053_196589/.blitzy-scratch/rt/base8/home/.arkcase/acm/acm-config-server-repo/labels/common-ja.yaml
[m[36m<TIMESTAMP>,098 [DEBUG] [main] com.armedia.acm.spring.SpringContextHolder - Event type: [com.armedia.acm.files.ConfigurationFileAddedEvent]. Event base filename: [acm-config-server-repo/labels/common-ja.yaml]
[m[36m<TIMESTAMP>,098 [DEBUG] [main] com.armedia.acm.files.ConfigFileWatcher - file added: file:///tmp/blitzy/ArkCase/blitzy-<UUID>-w-053_196589/.blitzy-scratch/rt/base8/home/.arkcase/acm/acm-config-server-repo/labels/analytics-audit-en-in.yaml
[m[36m<TIMESTAMP>,098 [DEBUG] [main] com.armedia.acm.spring.SpringContextHolder - Event type: [com.armedia.acm.files.ConfigurationFileAddedEvent]. Event base filename: [acm-config-server-repo/labels/analytics-audit-en-in.yaml]
[m[36m<TIMESTAMP>,098 [DEBUG] [main] com.armedia.acm.files.ConfigFileWatcher - file added: file:///tmp/blitzy/ArkCase/blitzy-<UUID>-w-053_196589/.blitzy-scratch/rt/base8/home/.arkcase/acm/acm-config-server-repo/labels/my-documents-hi.yaml
[m[36m<TIMESTAMP>,098 [DEBUG] [main] com.armedia.acm.spring.SpringContextHolder - Event type: [com.armedia.acm.files.ConfigurationFileAddedEvent]. Event base filename: [acm-config-server-repo/labels/my-documents-hi.yaml]
[m[36m<TIMESTAMP>,098 [DEBUG] [main] com.armedia.acm.files.ConfigFileWatcher - file added: file:///tmp/blitzy/ArkCase/blitzy-<UUID>-w-053_196589/.blitzy-scratch/rt/base8/home/.arkcase/acm/acm-config-server-repo/labels/document-repository-en-in.yaml
[m[36m<TIMESTAMP>,098 [DEBUG] [main] com.armedia.acm.spring.SpringContextHolder - Event type: [com.armedia.acm.files.ConfigurationFileAddedEvent]. Event base filename: [acm-config-server-repo/labels/document-repository-en-in.yaml]
[m[36m<TIMESTAMP>,098 [DEBUG] [main] com.armedia.acm.files.ConfigFileWatcher - file added: file:///tmp/blitzy/ArkCase/blitzy-<UUID>-w-053_196589/.blitzy-scratch/rt/base8/home/.arkcase/acm/acm-config-server-repo/labels/tasks-zh-tw.yaml
[m[36m<TIMESTAMP>,098 [DEBUG] [main] com.armedia.acm.spring.SpringContextHolder - Event type: [com.armedia.acm.files.ConfigurationFileAddedEvent]. Event base filename: [acm-config-server-repo/labels/tasks-zh-tw.yaml]
[m[36m<TIMESTAMP>,098 [DEBUG] [main] com.armedia.acm.files.ConfigFileWatcher - file added: file:///tmp/blitzy/ArkCase/blitzy-<UUID>-w-053_196589/.blitzy-scratch/rt/base8/home/.arkcase/acm/acm-config-server-repo/labels/frevvo-ru.yaml
[m[36m<TIMESTAMP>,098 [DEBUG] [main] com.armedia.acm.spring.SpringContextHolder - Event type: [com.armedia.acm.files.ConfigurationFileAddedEvent]. Event base filename: [acm-config-server-repo/labels/frevvo-ru.yaml]
[m[36m<TIMESTAMP>,098 [DEBUG] [main] com.armedia.acm.files.ConfigFileWatcher - file added: file:///tmp/blitzy/ArkCase/blitzy-<UUID>-w-053_196589/.blitzy-scratch/rt/base8/home/.arkcase/acm/acm-config-server-repo/labels/my-documents-en-in.yaml
[m[36m<TIMESTAMP>,098 [DEBUG] [main] com.armedia.acm.spring.SpringContextHolder - Event type: [com.armedia.acm.files.ConfigurationFileAddedEvent]. Event base filename: [acm-config-server-repo/labels/my-documents-en-in.yaml]
[m[36m<TIMESTAMP>,099 [DEBUG] [main] com.armedia.acm.files.ConfigFileWatcher - file added: file:///tmp/blitzy/ArkCase/blitzy-<UUID>-w-053_196589/.blitzy-scratch/rt/base8/home/.arkcase/acm/acm-config-server-repo/labels/complaints-ru.yaml
[m[36m<TIMESTAMP>,099 [DEBUG] [main] com.armedia.acm.spring.SpringContextHolder - Event type: [com.armedia.acm.files.ConfigurationFileAddedEvent]. Event base filename: [acm-config-server-repo/labels/complaints-ru.yaml]
[m[36m<TIMESTAMP>,099 [DEBUG] [main] com.armedia.acm.files.ConfigFileWatcher - file added: file:///tmp/blitzy/ArkCase/blitzy-<UUID>-w-053_196589/.blitzy-scratch/rt/base8/home/.arkcase/acm/acm-config-server-repo/labels/subscriptions-de.yaml
[m[36m<TIMESTAMP>,099 [DEBUG] [main] com.armedia.acm.spring.SpringContextHolder - Event type: [com.armedia.acm.files.ConfigurationFileAddedEvent]. Event base filename: [acm-config-server-repo/labels/subscriptions-de.yaml]
[m[36m<TIMESTAMP>,100 [DEBUG] [main] com.armedia.acm.files.ConfigFileWatcher - file added: file:///tmp/blitzy/ArkCase/blitzy-<UUID>-w-053_196589/.blitzy-scratch/rt/base8/home/.arkcase/acm/acm-config-server-repo/labels/time-tracking-fr.yaml
[m[36m<TIMESTAMP>,100 [DEBUG] [main] com.armedia.acm.spring.SpringContextHolder - Event type: [com.armedia.acm.files.ConfigurationFileAddedEvent]. Event base filename: [acm-config-server-repo/labels/time-tracking-fr.yaml]
[m[36m<TIMESTAMP>,100 [DEBUG] [main] com.armedia.acm.files.ConfigFileWatcher - file added: file:///tmp/blitzy/ArkCase/blitzy-<UUID>-w-053_196589/.blitzy-scratch/rt/base8/home/.arkcase/acm/acm-config-server-repo/labels/dashboard-pt.yaml
[m[36m<TIMESTAMP>,100 [DEBUG] [main] com.armedia.acm.spring.SpringContextHolder - Event type: [com.armedia.acm.files.ConfigurationFileAddedEvent]. Event base filename: [acm-config-server-repo/labels/dashboard-pt.yaml]
[m[36m<TIMESTAMP>,100 [DEBUG] [main] com.armedia.acm.files.ConfigFileWatcher - file added: file:///tmp/blitzy/ArkCase/blitzy-<UUID>-w-053_196589/.blitzy-scratch/rt/base8/home/.arkcase/acm/acm-config-server-repo/labels/tasks-ar.yaml
[m[36m<TIMESTAMP>,100 [DEBUG] [main] com.armedia.acm.spring.SpringContextHolder - Event type: [com.armedia.acm.files.ConfigurationFileAddedEvent]. Event base filename: [acm-config-server-repo/labels/tasks-ar.yaml]
[m[36m<TIMESTAMP>,100 [DEBUG] [main] com.armedia.acm.files.ConfigFileWatcher - file added: file:///tmp/blitzy/ArkCase/blitzy-<UUID>-w-053_196589/.blitzy-scratch/rt/base8/home/.arkcase/acm/acm-config-server-repo/labels/people-pt.yaml
[m[36m<TIMESTAMP>,100 [DEBUG] [main] com.armedia.acm.spring.SpringContextHolder - Event type: [com.armedia.acm.files.ConfigurationFileAddedEvent]. Event base filename: [acm-config-server-repo/labels/people-pt.yaml]
[m[36m<TIMESTAMP>,100 [DEBUG] [main] com.armedia.acm.files.ConfigFileWatcher - file added: file:///tmp/blitzy/ArkCase/blitzy-<UUID>-w-053_196589/.blitzy-scratch/rt/base8/home/.arkcase/acm/acm-config-server-repo/labels/my-documents-ar.yaml
[m[36m<TIMESTAMP>,100 [DEBUG] [main] com.armedia.acm.spring.SpringContextHolder - Event type: [com.armedia.acm.files.ConfigurationFileAddedEvent]. Event base filename: [acm-config-server-repo/labels/my-documents-ar.yaml]
[m[36m<TIMESTAMP>,100 [DEBUG] [main] com.armedia.acm.files.ConfigFileWatcher - file added: file:///tmp/blitzy/ArkCase/blitzy-<UUID>-w-053_196589/.blitzy-scratch/rt/base8/home/.arkcase/acm/acm-config-server-repo/labels/tasks-hi.yaml
[m[36m<TIMESTAMP>,100 [DEBUG] [main] com.armedia.acm.spring.SpringContextHolder - Event type: [com.armedia.acm.files.ConfigurationFileAddedEvent]. Event base filename: [acm-config-server-repo/labels/tasks-hi.yaml]
[m[36m<TIMESTAMP>,100 [DEBUG] [main] com.armedia.acm.files.ConfigFileWatcher - file added: file:///tmp/blitzy/ArkCase/blitzy-<UUID>-w-053_196589/.blitzy-scratch/rt/base8/home/.arkcase/acm/acm-config-server-repo/labels/analytics-audit-de.yaml
[m[36m<TIMESTAMP>,100 [DEBUG] [main] com.armedia.acm.spring.SpringContextHolder - Event type: [com.armedia.acm.files.ConfigurationFileAddedEvent]. Event base filename: [acm-config-server-repo/labels/analytics-audit-de.yaml]
[m[36m<TIMESTAMP>,101 [DEBUG] [main] com.armedia.acm.files.ConfigFileWatcher - file added: file:///tmp/blitzy/ArkCase/blitzy-<UUID>-w-053_196589/.blitzy-scratch/rt/base8/home/.arkcase/acm/acm-config-server-repo/labels/cases-en-in.yaml
[m[36m<TIMESTAMP>,101 [DEBUG] [main] com.armedia.acm.spring.SpringContextHolder - Event type: [com.armedia.acm.files.ConfigurationFileAddedEvent]. Event base filename: [acm-config-server-repo/labels/cases-en-in.yaml]
[m[36m<TIMESTAMP>,101 [DEBUG] [main] com.armedia.acm.files.ConfigFileWatcher - file added: file:///tmp/blitzy/ArkCase/blitzy-<UUID>-w-053_196589/.blitzy-scratch/rt/base8/home/.arkcase/acm/acm-config-server-repo/labels/consultations-ar.yaml
[m[36m<TIMESTAMP>,101 [DEBUG] [main] com.armedia.acm.spring.SpringContextHolder - Event type: [com.armedia.acm.files.ConfigurationFileAddedEvent]. Event base filename: [acm-config-server-repo/labels/consultations-ar.yaml]
[m[36m<TIMESTAMP>,101 [DEBUG] [main] com.armedia.acm.files.ConfigFileWatcher - file added: file:///tmp/blitzy/ArkCase/blitzy-<UUID>-w-053_196589/.blitzy-scratch/rt/base8/home/.arkcase/acm/acm-config-server-repo/labels/people-ja.yaml
[m[36m<TIMESTAMP>,101 [DEBUG] [main] com.armedia.acm.spring.SpringContextHolder - Event type: [com.armedia.acm.files.ConfigurationFileAddedEvent]. Event base filename: [acm-config-server-repo/labels/people-ja.yaml]
[m[36m<TIMESTAMP>,101 [DEBUG] [main] com.armedia.acm.files.ConfigFileWatcher - file added: file:///tmp/blitzy/ArkCase/blitzy-<UUID>-w-053_196589/.blitzy-scratch/rt/base8/home/.arkcase/acm/acm-config-server-repo/labels/audit-ja.yaml
[m[36m<TIMESTAMP>,101 [DEBUG] [main] com.armedia.acm.spring.SpringContextHolder - Event type: [com.armedia.acm.files.ConfigurationFileAddedEvent]. Event base filename: [acm-config-server-repo/labels/audit-ja.yaml]
[m[36m<TIMESTAMP>,101 [DEBUG] [main] com.armedia.acm.files.ConfigFileWatcher - file added: file:///tmp/blitzy/ArkCase/blitzy-<UUID>-w-053_196589/.blitzy-scratch/rt/base8/home/.arkcase/acm/acm-config-server-repo/labels/analytics-zh-tw.yaml
[m[36m<TIMESTAMP>,101 [DEBUG] [main] com.armedia.acm.spring.SpringContextHolder - Event type: [com.armedia.acm.files.ConfigurationFileAddedEvent]. Event base filename: [acm-config-server-repo/labels/analytics-zh-tw.yaml]
[m[36m<TIMESTAMP>,101 [DEBUG] [main] com.armedia.acm.files.ConfigFileWatcher - file added: file:///tmp/blitzy/ArkCase/blitzy-<UUID>-w-053_196589/.blitzy-scratch/rt/base8/home/.arkcase/acm/acm-config-server-repo/labels/welcome-es.yaml
[m[36m<TIMESTAMP>,101 [DEBUG] [main] com.armedia.acm.spring.SpringContextHolder - Event type: [com.armedia.acm.files.ConfigurationFileAddedEvent]. Event base filename: [acm-config-server-repo/labels/welcome-es.yaml]
[m[36m<TIMESTAMP>,101 [DEBUG] [main] com.armedia.acm.files.ConfigFileWatcher - file added: file:///tmp/blitzy/ArkCase/blitzy-<UUID>-w-053_196589/.blitzy-scratch/rt/base8/home/.arkcase/acm/acm-config-server-repo/labels/dashboard-hi.yaml
[m[36m<TIMESTAMP>,101 [DEBUG] [main] com.armedia.acm.spring.SpringContextHolder - Event type: [com.armedia.acm.files.ConfigurationFileAddedEvent]. Event base filename: [acm-config-server-repo/labels/dashboard-hi.yaml]
[m[36m<TIMESTAMP>,101 [DEBUG] [main] com.armedia.acm.files.ConfigFileWatcher - file added: file:///tmp/blitzy/ArkCase/blitzy-<UUID>-w-053_196589/.blitzy-scratch/rt/base8/home/.arkcase/acm/acm-config-server-repo/labels/my-documents-fr.yaml
[m[36m<TIMESTAMP>,101 [DEBUG] [main] com.armedia.acm.spring.SpringContextHolder - Event type: [com.armedia.acm.files.ConfigurationFileAddedEvent]. Event base filename: [acm-config-server-repo/labels/my-documents-fr.yaml]
[m[36m<TIMESTAMP>,101 [DEBUG] [main] com.armedia.acm.files.ConfigFileWatcher - file added: file:///tmp/blitzy/ArkCase/blitzy-<UUID>-w-053_196589/.blitzy-scratch/rt/base8/home/.arkcase/acm/acm-config-server-repo/labels/subscriptions-zh-tw.yaml
[m[36m<TIMESTAMP>,101 [DEBUG] [main] com.armedia.acm.spring.SpringContextHolder - Event type: [com.armedia.acm.files.ConfigurationFileAddedEvent]. Event base filename: [acm-config-server-repo/labels/subscriptions-zh-tw.yaml]
[m[36m<TIMESTAMP>,101 [DEBUG] [main] com.armedia.acm.files.ConfigFileWatcher - file added: file:///tmp/blitzy/ArkCase/blitzy-<UUID>-w-053_196589/.blitzy-scratch/rt/base8/home/.arkcase/acm/acm-config-server-repo/labels/core-zh-cn.yaml
[m[36m<TIMESTAMP>,101 [DEBUG] [main] com.armedia.acm.spring.SpringContextHolder - Event type: [com.armedia.acm.files.ConfigurationFileAddedEvent]. Event base filename: [acm-config-server-repo/labels/core-zh-cn.yaml]
[m[36m<TIMESTAMP>,101 [DEBUG] [main] com.armedia.acm.files.ConfigFileWatcher - file added: file:///tmp/blitzy/ArkCase/blitzy-<UUID>-w-053_196589/.blitzy-scratch/rt/base8/home/.arkcase/acm/acm-config-server-repo/labels/common-pt.yaml
[m[36m<TIMESTAMP>,101 [DEBUG] [main] com.armedia.acm.spring.SpringContextHolder - Event type: [com.armedia.acm.files.ConfigurationFileAddedEvent]. Event base filename: [acm-config-server-repo/labels/common-pt.yaml]
[m[36m<TIMESTAMP>,102 [DEBUG] [main] com.armedia.acm.files.ConfigFileWatcher - file added: file:///tmp/blitzy/ArkCase/blitzy-<UUID>-w-053_196589/.blitzy-scratch/rt/base8/home/.arkcase/acm/acm-config-server-repo/labels/my-documents-es.yaml
[m[36m<TIMESTAMP>,102 [DEBUG] [main] com.armedia.acm.spring.SpringContextHolder - Event type: [com.armedia.acm.files.ConfigurationFileAddedEvent]. Event base filename: [acm-config-server-repo/labels/my-documents-es.yaml]
[m[36m<TIMESTAMP>,102 [DEBUG] [main] com.armedia.acm.files.ConfigFileWatcher - file added: file:///tmp/blitzy/ArkCase/blitzy-<UUID>-w-053_196589/.blitzy-scratch/rt/base8/home/.arkcase/acm/acm-config-server-repo/labels/people-zh-tw.yaml
[m[36m<TIMESTAMP>,102 [DEBUG] [main] com.armedia.acm.spring.SpringContextHolder - Event type: [com.armedia.acm.files.ConfigurationFileAddedEvent]. Event base filename: [acm-config-server-repo/labels/people-zh-tw.yaml]
[m[36m<TIMESTAMP>,102 [DEBUG] [main] com.armedia.acm.files.ConfigFileWatcher - file added: file:///tmp/blitzy/ArkCase/blitzy-<UUID>-w-053_196589/.blitzy-scratch/rt/base8/home/.arkcase/acm/acm-config-server-repo/labels/organizations-pt.yaml
[m[36m<TIMESTAMP>,102 [DEBUG] [main] com.armedia.acm.spring.SpringContextHolder - Event type: [com.armedia.acm.files.ConfigurationFileAddedEvent]. Event base filename: [acm-config-server-repo/labels/organizations-pt.yaml]
[m[36m<TIMESTAMP>,102 [DEBUG] [main] com.armedia.acm.files.ConfigFileWatcher - file added: file:///tmp/blitzy/ArkCase/blitzy-<UUID>-w-053_196589/.blitzy-scratch/rt/base8/home/.arkcase/acm/acm-config-server-repo/labels/time-tracking-hi.yaml
[m[36m<TIMESTAMP>,102 [DEBUG] [main] com.armedia.acm.spring.SpringContextHolder - Event type: [com.armedia.acm.files.ConfigurationFileAddedEvent]. Event base filename: [acm-config-server-repo/labels/time-tracking-hi.yaml]
[m[36m<TIMESTAMP>,102 [DEBUG] [main] com.armedia.acm.files.ConfigFileWatcher - file added: file:///tmp/blitzy/ArkCase/blitzy-<UUID>-w-053_196589/.blitzy-scratch/rt/base8/home/.arkcase/acm/acm-config-server-repo/labels/notifications-zh-tw.yaml
[m[36m<TIMESTAMP>,102 [DEBUG] [main] com.armedia.acm.spring.SpringContextHolder - Event type: [com.armedia.acm.files.ConfigurationFileAddedEvent]. Event base filename: [acm-config-server-repo/labels/notifications-zh-tw.yaml]
[m[36m<TIMESTAMP>,102 [DEBUG] [main] com.armedia.acm.files.ConfigFileWatcher - file added: file:///tmp/blitzy/ArkCase/blitzy-<UUID>-w-053_196589/.blitzy-scratch/rt/base8/home/.arkcase/acm/acm-config-server-repo/labels/core-zh-tw.yaml
[m[36m<TIMESTAMP>,102 [DEBUG] [main] com.armedia.acm.spring.SpringContextHolder - Event type: [com.armedia.acm.files.ConfigurationFileAddedEvent]. Event base filename: [acm-config-server-repo/labels/core-zh-tw.yaml]
[m[36m<TIMESTAMP>,102 [DEBUG] [main] com.armedia.acm.files.ConfigFileWatcher - file added: file:///tmp/blitzy/ArkCase/blitzy-<UUID>-w-053_196589/.blitzy-scratch/rt/base8/home/.arkcase/acm/acm-config-server-repo/labels/people-ru.yaml
[m[36m<TIMESTAMP>,102 [DEBUG] [main] com.armedia.acm.spring.SpringContextHolder - Event type: [com.armedia.acm.files.ConfigurationFileAddedEvent]. Event base filename: [acm-config-server-repo/labels/people-ru.yaml]
[m[36m<TIMESTAMP>,102 [DEBUG] [main] com.armedia.acm.files.ConfigFileWatcher - file added: file:///tmp/blitzy/ArkCase/blitzy-<UUID>-w-053_196589/.blitzy-scratch/rt/base8/home/.arkcase/acm/acm-config-server-repo/labels/tasks-de.yaml
[m[36m<TIMESTAMP>,102 [DEBUG] [main] com.armedia.acm.spring.SpringContextHolder - Event type: [com.armedia.acm.files.ConfigurationFileAddedEvent]. Event base filename: [acm-config-server-repo/labels/tasks-de.yaml]
[m[36m<TIMESTAMP>,102 [DEBUG] [main] com.armedia.acm.files.ConfigFileWatcher - file added: file:///tmp/blitzy/ArkCase/blitzy-<UUID>-w-053_196589/.blitzy-scratch/rt/base8/home/.arkcase/acm/acm-config-server-repo/labels/tasks-fr.yaml
[m[36m<TIMESTAMP>,102 [DEBUG] [main] com.armedia.acm.spring.SpringContextHolder - Event type: [com.armedia.acm.files.ConfigurationFileAddedEvent]. Event base filename: [acm-config-server-repo/labels/tasks-fr.yaml]
[m[36m<TIMESTAMP>,102 [DEBUG] [main] com.armedia.acm.files.ConfigFileWatcher - file added: file:///tmp/blitzy/ArkCase/blitzy-<UUID>-w-053_196589/.blitzy-scratch/rt/base8/home/.arkcase/acm/acm-config-server-repo/labels/analytics-audit-pt.yaml
[m[36m<TIMESTAMP>,102 [DEBUG] [main] com.armedia.acm.spring.SpringContextHolder - Event type: [com.armedia.acm.files.ConfigurationFileAddedEvent]. Event base filename: [acm-config-server-repo/labels/analytics-audit-pt.yaml]
[m[36m<TIMESTAMP>,102 [DEBUG] [main] com.armedia.acm.files.ConfigFileWatcher - file added: file:///tmp/blitzy/ArkCase/blitzy-<UUID>-w-053_196589/.blitzy-scratch/rt/base8/home/.arkcase/acm/acm-config-server-repo/labels/analytics-es.yaml
[m[36m<TIMESTAMP>,102 [DEBUG] [main] com.armedia.acm.spring.SpringContextHolder - Event type: [com.armedia.acm.files.ConfigurationFileAddedEvent]. Event base filename: [acm-config-server-repo/labels/analytics-es.yaml]
[m[36m<TIMESTAMP>,102 [DEBUG] [main] com.armedia.acm.files.ConfigFileWatcher - file added: file:///tmp/blitzy/ArkCase/blitzy-<UUID>-w-053_196589/.blitzy-scratch/rt/base8/home/.arkcase/acm/acm-config-server-repo/labels/common-ar.yaml
[m[36m<TIMESTAMP>,102 [DEBUG] [main] com.armedia.acm.spring.SpringContextHolder - Event type: [com.armedia.acm.files.ConfigurationFileAddedEvent]. Event base filename: [acm-config-server-repo/labels/common-ar.yaml]
[m[36m<TIMESTAMP>,103 [DEBUG] [main] com.armedia.acm.files.ConfigFileWatcher - file added: file:///tmp/blitzy/ArkCase/blitzy-<UUID>-w-053_196589/.blitzy-scratch/rt/base8/home/.arkcase/acm/acm-config-server-repo/labels/core-en.yaml
[m[36m<TIMESTAMP>,103 [DEBUG] [main] com.armedia.acm.spring.SpringContextHolder - Event type: [com.armedia.acm.files.ConfigurationFileAddedEvent]. Event base filename: [acm-config-server-repo/labels/core-en.yaml]
[m[36m<TIMESTAMP>,103 [DEBUG] [main] com.armedia.acm.files.ConfigFileWatcher - file added: file:///tmp/blitzy/ArkCase/blitzy-<UUID>-w-053_196589/.blitzy-scratch/rt/base8/home/.arkcase/acm/acm-config-server-repo/labels/complaints-hi.yaml
[m[36m<TIMESTAMP>,103 [DEBUG] [main] com.armedia.acm.spring.SpringContextHolder - Event type: [com.armedia.acm.files.ConfigurationFileAddedEvent]. Event base filename: [acm-config-server-repo/labels/complaints-hi.yaml]
[m[36m<TIMESTAMP>,103 [DEBUG] [main] com.armedia.acm.files.ConfigFileWatcher - file added: file:///tmp/blitzy/ArkCase/blitzy-<UUID>-w-053_196589/.blitzy-scratch/rt/base8/home/.arkcase/acm/acm-config-server-repo/labels/adhoc-reports-ar.yaml
[m[36m<TIMESTAMP>,103 [DEBUG] [main] com.armedia.acm.spring.SpringContextHolder - Event type: [com.armedia.acm.files.ConfigurationFileAddedEvent]. Event base filename: [acm-config-server-repo/labels/adhoc-reports-ar.yaml]
[m[36m<TIMESTAMP>,103 [DEBUG] [main] com.armedia.acm.files.ConfigFileWatcher - file added: file:///tmp/blitzy/ArkCase/blitzy-<UUID>-w-053_196589/.blitzy-scratch/rt/base8/home/.arkcase/acm/acm-config-server-repo/labels/core-hi.yaml
[m[36m<TIMESTAMP>,103 [DEBUG] [main] com.armedia.acm.spring.SpringContextHolder - Event type: [com.armedia.acm.files.ConfigurationFileAddedEvent]. Event base filename: [acm-config-server-repo/labels/core-hi.yaml]
[m[36m<TIMESTAMP>,103 [DEBUG] [main] com.armedia.acm.files.ConfigFileWatcher - file added: file:///tmp/blitzy/ArkCase/blitzy-<UUID>-w-053_196589/.blitzy-scratch/rt/base8/home/.arkcase/acm/acm-config-server-repo/labels/subscriptions-ar.yaml
[m[36m<TIMESTAMP>,103 [DEBUG] [main] com.armedia.acm.spring.SpringContextHolder - Event type: [com.armedia.acm.files.ConfigurationFileAddedEvent]. Event base filename: [acm-config-server-repo/labels/subscriptions-ar.yaml]
[m[36m<TIMESTAMP>,103 [DEBUG] [main] com.armedia.acm.files.ConfigFileWatcher - file added: file:///tmp/blitzy/ArkCase/blitzy-<UUID>-w-053_196589/.blitzy-scratch/rt/base8/home/.arkcase/acm/acm-config-server-repo/labels/dashboard-fr.yaml
[m[36m<TIMESTAMP>,103 [DEBUG] [main] com.armedia.acm.spring.SpringContextHolder - Event type: [com.armedia.acm.files.ConfigurationFileAddedEvent]. Event base filename: [acm-config-server-repo/labels/dashboard-fr.yaml]
[m[36m<TIMESTAMP>,103 [DEBUG] [main] com.armedia.acm.files.ConfigFileWatcher - file added: file:///tmp/blitzy/ArkCase/blitzy-<UUID>-w-053_196589/.blitzy-scratch/rt/base8/home/.arkcase/acm/acm-config-server-repo/labels/notifications-fr.yaml
[m[36m<TIMESTAMP>,103 [DEBUG] [main] com.armedia.acm.spring.SpringContextHolder - Event type: [com.armedia.acm.files.ConfigurationFileAddedEvent]. Event base filename: [acm-config-server-repo/labels/notifications-fr.yaml]
[m[36m<TIMESTAMP>,103 [DEBUG] [main] com.armedia.acm.files.ConfigFileWatcher - file added: file:///tmp/blitzy/ArkCase/blitzy-<UUID>-w-053_196589/.blitzy-scratch/rt/base8/home/.arkcase/acm/acm-config-server-repo/labels/tags-hi.yaml
[m[36m<TIMESTAMP>,103 [DEBUG] [main] com.armedia.acm.spring.SpringContextHolder - Event type: [com.armedia.acm.files.ConfigurationFileAddedEvent]. Event base filename: [acm-config-server-repo/labels/tags-hi.yaml]
[m[36m<TIMESTAMP>,103 [DEBUG] [main] com.armedia.acm.files.ConfigFileWatcher - file added: file:///tmp/blitzy/ArkCase/blitzy-<UUID>-w-053_196589/.blitzy-scratch/rt/base8/home/.arkcase/acm/acm-config-server-repo/labels/welcome-ar.yaml
[m[36m<TIMESTAMP>,103 [DEBUG] [main] com.armedia.acm.spring.SpringContextHolder - Event type: [com.armedia.acm.files.ConfigurationFileAddedEvent]. Event base filename: [acm-config-server-repo/labels/welcome-ar.yaml]
[m[36m<TIMESTAMP>,103 [DEBUG] [main] com.armedia.acm.files.ConfigFileWatcher - file added: file:///tmp/blitzy/ArkCase/blitzy-<UUID>-w-053_196589/.blitzy-scratch/rt/base8/home/.arkcase/acm/acm-config-server-repo/labels/dashboard-zh-cn.yaml
[m[36m<TIMESTAMP>,103 [DEBUG] [main] com.armedia.acm.spring.SpringContextHolder - Event type: [com.armedia.acm.files.ConfigurationFileAddedEvent]. Event base filename: [acm-config-server-repo/labels/dashboard-zh-cn.yaml]
[m[36m<TIMESTAMP>,103 [DEBUG] [main] com.armedia.acm.files.ConfigFileWatcher - file added: file:///tmp/blitzy/ArkCase/blitzy-<UUID>-w-053_196589/.blitzy-scratch/rt/base8/home/.arkcase/acm/acm-config-server-repo/labels/tags-en.yaml
[m[36m<TIMESTAMP>,103 [DEBUG] [main] com.armedia.acm.spring.SpringContextHolder - Event type: [com.armedia.acm.files.ConfigurationFileAddedEvent]. Event base filename: [acm-config-server-repo/labels/tags-en.yaml]
[m[36m<TIMESTAMP>,103 [DEBUG] [main] com.armedia.acm.files.ConfigFileWatcher - file added: file:///tmp/blitzy/ArkCase/blitzy-<UUID>-w-053_196589/.blitzy-scratch/rt/base8/home/.arkcase/acm/acm-config-server-repo/labels/subscriptions-fr.yaml
[m[36m<TIMESTAMP>,103 [DEBUG] [main] com.armedia.acm.spring.SpringContextHolder - Event type: [com.armedia.acm.files.ConfigurationFileAddedEvent]. Event base filename: [acm-config-server-repo/labels/subscriptions-fr.yaml]
[m[36m<TIMESTAMP>,103 [DEBUG] [main] com.armedia.acm.files.ConfigFileWatcher - file added: file:///tmp/blitzy/ArkCase/blitzy-<UUID>-w-053_196589/.blitzy-scratch/rt/base8/home/.arkcase/acm/acm-config-server-repo/labels/profile-es.yaml
[m[36m<TIMESTAMP>,103 [DEBUG] [main] com.armedia.acm.spring.SpringContextHolder - Event type: [com.armedia.acm.files.ConfigurationFileAddedEvent]. Event base filename: [acm-config-server-repo/labels/profile-es.yaml]
[m[36m<TIMESTAMP>,104 [DEBUG] [main] com.armedia.acm.files.ConfigFileWatcher - file added: file:///tmp/blitzy/ArkCase/blitzy-<UUID>-w-053_196589/.blitzy-scratch/rt/base8/home/.arkcase/acm/acm-config-server-repo/labels/dashboard-zh-tw.yaml
[m[36m<TIMESTAMP>,104 [DEBUG] [main] com.armedia.acm.spring.SpringContextHolder - Event type: [com.armedia.acm.files.ConfigurationFileAddedEvent]. Event base filename: [acm-config-server-repo/labels/dashboard-zh-tw.yaml]
[m[36m<TIMESTAMP>,104 [DEBUG] [main] com.armedia.acm.files.ConfigFileWatcher - file added: file:///tmp/blitzy/ArkCase/blitzy-<UUID>-w-053_196589/.blitzy-scratch/rt/base8/home/.arkcase/acm/acm-config-server-repo/labels/organizations-en-in.yaml
[m[36m<TIMESTAMP>,104 [DEBUG] [main] com.armedia.acm.spring.SpringContextHolder - Event type: [com.armedia.acm.files.ConfigurationFileAddedEvent]. Event base filename: [acm-config-server-repo/labels/organizations-en-in.yaml]
[m[36m<TIMESTAMP>,104 [DEBUG] [main] com.armedia.acm.files.ConfigFileWatcher - file added: file:///tmp/blitzy/ArkCase/blitzy-<UUID>-w-053_196589/.blitzy-scratch/rt/base8/home/.arkcase/acm/acm-config-server-repo/labels/time-tracking-en-in.yaml
[m[36m<TIMESTAMP>,104 [DEBUG] [main] com.armedia.acm.spring.SpringContextHolder - Event type: [com.armedia.acm.files.ConfigurationFileAddedEvent]. Event base filename: [acm-config-server-repo/labels/time-tracking-en-in.yaml]
[m[36m<TIMESTAMP>,104 [DEBUG] [main] com.armedia.acm.files.ConfigFileWatcher - file added: file:///tmp/blitzy/ArkCase/blitzy-<UUID>-w-053_196589/.blitzy-scratch/rt/base8/home/.arkcase/acm/acm-config-server-repo/labels/common-fr.yaml
[m[36m<TIMESTAMP>,104 [DEBUG] [main] com.armedia.acm.spring.SpringContextHolder - Event type: [com.armedia.acm.files.ConfigurationFileAddedEvent]. Event base filename: [acm-config-server-repo/labels/common-fr.yaml]
[m[36m<TIMESTAMP>,104 [DEBUG] [main] com.armedia.acm.files.ConfigFileWatcher - file added: file:///tmp/blitzy/ArkCase/blitzy-<UUID>-w-053_196589/.blitzy-scratch/rt/base8/home/.arkcase/acm/acm-config-server-repo/labels/complaints-zh-tw.yaml
[m[36m<TIMESTAMP>,104 [DEBUG] [main] com.armedia.acm.spring.SpringContextHolder - Event type: [com.armedia.acm.files.ConfigurationFileAddedEvent]. Event base filename: [acm-config-server-repo/labels/complaints-zh-tw.yaml]
[m[36m<TIMESTAMP>,104 [DEBUG] [main] com.armedia.acm.files.ConfigFileWatcher - file added: file:///tmp/blitzy/ArkCase/blitzy-<UUID>-w-053_196589/.blitzy-scratch/rt/base8/home/.arkcase/acm/acm-config-server-repo/labels/admin-ru.yaml
[m[36m<TIMESTAMP>,104 [DEBUG] [main] com.armedia.acm.spring.SpringContextHolder - Event type: [com.armedia.acm.files.ConfigurationFileAddedEvent]. Event base filename: [acm-config-server-repo/labels/admin-ru.yaml]
[m[36m<TIMESTAMP>,104 [DEBUG] [main] com.armedia.acm.files.ConfigFileWatcher - file added: file:///tmp/blitzy/ArkCase/blitzy-<UUID>-w-053_196589/.blitzy-scratch/rt/base8/home/.arkcase/acm/acm-config-server-repo/labels/preference-ar.yaml
[m[36m<TIMESTAMP>,104 [DEBUG] [main] com.armedia.acm.spring.SpringContextHolder - Event type: [com.armedia.acm.files.ConfigurationFileAddedEvent]. Event base filename: [acm-config-server-repo/labels/preference-ar.yaml]
[m[36m<TIMESTAMP>,104 [DEBUG] [main] com.armedia.acm.files.ConfigFileWatcher - file added: file:///tmp/blitzy/ArkCase/blitzy-<UUID>-w-053_196589/.blitzy-scratch/rt/base8/home/.arkcase/acm/acm-config-server-repo/labels/audit-es.yaml
[m[36m<TIMESTAMP>,104 [DEBUG] [main] com.armedia.acm.spring.SpringContextHolder - Event type: [com.armedia.acm.files.ConfigurationFileAddedEvent]. Event base filename: [acm-config-server-repo/labels/audit-es.yaml]
[m[36m<TIMESTAMP>,104 [DEBUG] [main] com.armedia.acm.files.ConfigFileWatcher - file added: file:///tmp/blitzy/ArkCase/blitzy-<UUID>-w-053_196589/.blitzy-scratch/rt/base8/home/.arkcase/acm/acm-config-server-repo/labels/dashboard-ar.yaml
[m[36m<TIMESTAMP>,104 [DEBUG] [main] com.armedia.acm.spring.SpringContextHolder - Event type: [com.armedia.acm.files.ConfigurationFileAddedEvent]. Event base filename: [acm-config-server-repo/labels/dashboard-ar.yaml]
[m[36m<TIMESTAMP>,104 [DEBUG] [main] com.armedia.acm.files.ConfigFileWatcher - file added: file:///tmp/blitzy/ArkCase/blitzy-<UUID>-w-053_196589/.blitzy-scratch/rt/base8/home/.arkcase/acm/acm-config-server-repo/labels/profile-pt.yaml
[m[36m<TIMESTAMP>,104 [DEBUG] [main] com.armedia.acm.spring.SpringContextHolder - Event type: [com.armedia.acm.files.ConfigurationFileAddedEvent]. Event base filename: [acm-config-server-repo/labels/profile-pt.yaml]
[m[36m<TIMESTAMP>,104 [DEBUG] [main] com.armedia.acm.files.ConfigFileWatcher - file added: file:///tmp/blitzy/ArkCase/blitzy-<UUID>-w-053_196589/.blitzy-scratch/rt/base8/home/.arkcase/acm/acm-config-server-repo/labels/time-tracking-zh-tw.yaml
[m[36m<TIMESTAMP>,104 [DEBUG] [main] com.armedia.acm.spring.SpringContextHolder - Event type: [com.armedia.acm.files.ConfigurationFileAddedEvent]. Event base filename: [acm-config-server-repo/labels/time-tracking-zh-tw.yaml]
[m[36m<TIMESTAMP>,104 [DEBUG] [main] com.armedia.acm.files.ConfigFileWatcher - file added: file:///tmp/blitzy/ArkCase/blitzy-<UUID>-w-053_196589/.blitzy-scratch/rt/base8/home/.arkcase/acm/acm-config-server-repo/labels/profile-en.yaml
[m[36m<TIMESTAMP>,104 [DEBUG] [main] com.armedia.acm.spring.SpringContextHolder - Event type: [com.armedia.acm.files.ConfigurationFileAddedEvent]. Event base filename: [acm-config-server-repo/labels/profile-en.yaml]
[m[36m<TIMESTAMP>,104 [DEBUG] [main] com.armedia.acm.files.ConfigFileWatcher - file added: file:///tmp/blitzy/ArkCase/blitzy-<UUID>-w-053_196589/.blitzy-scratch/rt/base8/home/.arkcase/acm/acm-config-server-repo/labels/document-details-zh-tw.yaml
[m[36m<TIMESTAMP>,105 [DEBUG] [main] com.armedia.acm.spring.SpringContextHolder - Event type: [com.armedia.acm.files.ConfigurationFileAddedEvent]. Event base filename: [acm-config-server-repo/labels/document-details-zh-tw.yaml]
[m[36m<TIMESTAMP>,105 [DEBUG] [main] com.armedia.acm.files.ConfigFileWatcher - file added: file:///tmp/blitzy/ArkCase/blitzy-<UUID>-w-053_196589/.blitzy-scratch/rt/base8/home/.arkcase/acm/acm-config-server-repo/labels/frevvo-en.yaml
[m[36m<TIMESTAMP>,105 [DEBUG] [main] com.armedia.acm.spring.SpringContextHolder - Event type: [com.armedia.acm.files.ConfigurationFileAddedEvent]. Event base filename: [acm-config-server-repo/labels/frevvo-en.yaml]
[m[36m<TIMESTAMP>,105 [DEBUG] [main] com.armedia.acm.files.ConfigFileWatcher - file added: file:///tmp/blitzy/ArkCase/blitzy-<UUID>-w-053_196589/.blitzy-scratch/rt/base8/home/.arkcase/acm/acm-config-server-repo/labels/document-details-ja.yaml
[m[36m<TIMESTAMP>,105 [DEBUG] [main] com.armedia.acm.spring.SpringContextHolder - Event type: [com.armedia.acm.files.ConfigurationFileAddedEvent]. Event base filename: [acm-config-server-repo/labels/document-details-ja.yaml]
[m[36m<TIMESTAMP>,105 [DEBUG] [main] com.armedia.acm.files.ConfigFileWatcher - file added: file:///tmp/blitzy/ArkCase/blitzy-<UUID>-w-053_196589/.blitzy-scratch/rt/base8/home/.arkcase/acm/acm-config-server-repo/labels/tags-zh-tw.yaml
[m[36m<TIMESTAMP>,105 [DEBUG] [main] com.armedia.acm.spring.SpringContextHolder - Event type: [com.armedia.acm.files.ConfigurationFileAddedEvent]. Event base filename: [acm-config-server-repo/labels/tags-zh-tw.yaml]
[m[36m<TIMESTAMP>,105 [DEBUG] [main] com.armedia.acm.files.ConfigFileWatcher - file added: file:///tmp/blitzy/ArkCase/blitzy-<UUID>-w-053_196589/.blitzy-scratch/rt/base8/home/.arkcase/acm/acm-config-server-repo/labels/reports-hi.yaml
[m[36m<TIMESTAMP>,105 [DEBUG] [main] com.armedia.acm.spring.SpringContextHolder - Event type: [com.armedia.acm.files.ConfigurationFileAddedEvent]. Event base filename: [acm-config-server-repo/labels/reports-hi.yaml]
[m[36m<TIMESTAMP>,105 [DEBUG] [main] com.armedia.acm.files.ConfigFileWatcher - file added: file:///tmp/blitzy/ArkCase/blitzy-<UUID>-w-053_196589/.blitzy-scratch/rt/base8/home/.arkcase/acm/acm-config-server-repo/labels/cases-zh-tw.yaml
[m[36m<TIMESTAMP>,105 [DEBUG] [main] com.armedia.acm.spring.SpringContextHolder - Event type: [com.armedia.acm.files.ConfigurationFileAddedEvent]. Event base filename: [acm-config-server-repo/labels/cases-zh-tw.yaml]
[m[36m<TIMESTAMP>,105 [DEBUG] [main] com.armedia.acm.files.ConfigFileWatcher - file added: file:///tmp/blitzy/ArkCase/blitzy-<UUID>-w-053_196589/.blitzy-scratch/rt/base8/home/.arkcase/acm/acm-config-server-repo/labels/document-repository-ja.yaml
[m[36m<TIMESTAMP>,105 [DEBUG] [main] com.armedia.acm.spring.SpringContextHolder - Event type: [com.armedia.acm.files.ConfigurationFileAddedEvent]. Event base filename: [acm-config-server-repo/labels/document-repository-ja.yaml]
[m[36m<TIMESTAMP>,105 [DEBUG] [main] com.armedia.acm.files.ConfigFileWatcher - file added: file:///tmp/blitzy/ArkCase/blitzy-<UUID>-w-053_196589/.blitzy-scratch/rt/base8/home/.arkcase/acm/acm-config-server-repo/labels/complaints-ar.yaml
[m[36m<TIMESTAMP>,105 [DEBUG] [main] com.armedia.acm.spring.SpringContextHolder - Event type: [com.armedia.acm.files.ConfigurationFileAddedEvent]. Event base filename: [acm-config-server-repo/labels/complaints-ar.yaml]
[m[36m<TIMESTAMP>,105 [DEBUG] [main] com.armedia.acm.files.ConfigFileWatcher - file added: file:///tmp/blitzy/ArkCase/blitzy-<UUID>-w-053_196589/.blitzy-scratch/rt/base8/home/.arkcase/acm/acm-config-server-repo/labels/search-fr.yaml
[m[36m<TIMESTAMP>,105 [DEBUG] [main] com.armedia.acm.spring.SpringContextHolder - Event type: [com.armedia.acm.files.ConfigurationFileAddedEvent]. Event base filename: [acm-config-server-repo/labels/search-fr.yaml]
[m[36m<TIMESTAMP>,105 [DEBUG] [main] com.armedia.acm.files.ConfigFileWatcher - file added: file:///tmp/blitzy/ArkCase/blitzy-<UUID>-w-053_196589/.blitzy-scratch/rt/base8/home/.arkcase/acm/acm-config-server-repo/labels/dashboard-ru.yaml
[m[36m<TIMESTAMP>,105 [DEBUG] [main] com.armedia.acm.spring.SpringContextHolder - Event type: [com.armedia.acm.files.ConfigurationFileAddedEvent]. Event base filename: [acm-config-server-repo/labels/dashboard-ru.yaml]
[m[36m<TIMESTAMP>,105 [DEBUG] [main] com.armedia.acm.files.ConfigFileWatcher - file added: file:///tmp/blitzy/ArkCase/blitzy-<UUID>-w-053_196589/.blitzy-scratch/rt/base8/home/.arkcase/acm/acm-config-server-repo/labels/dashboard-en.yaml
[m[36m<TIMESTAMP>,105 [DEBUG] [main] com.armedia.acm.spring.SpringContextHolder - Event type: [com.armedia.acm.files.ConfigurationFileAddedEvent]. Event base filename: [acm-config-server-repo/labels/dashboard-en.yaml]
[m[36m<TIMESTAMP>,105 [DEBUG] [main] com.armedia.acm.files.ConfigFileWatcher - file added: file:///tmp/blitzy/ArkCase/blitzy-<UUID>-w-053_196589/.blitzy-scratch/rt/base8/home/.arkcase/acm/acm-config-server-repo/labels/common-en-in.yaml
[m[36m<TIMESTAMP>,105 [DEBUG] [main] com.armedia.acm.spring.SpringContextHolder - Event type: [com.armedia.acm.files.ConfigurationFileAddedEvent]. Event base filename: [acm-config-server-repo/labels/common-en-in.yaml]
[m[36m<TIMESTAMP>,105 [DEBUG] [main] com.armedia.acm.files.ConfigFileWatcher - file added: file:///tmp/blitzy/ArkCase/blitzy-<UUID>-w-053_196589/.blitzy-scratch/rt/base8/home/.arkcase/acm/acm-config-server-repo/labels/profile-hi.yaml
[m[36m<TIMESTAMP>,105 [DEBUG] [main] com.armedia.acm.spring.SpringContextHolder - Event type: [com.armedia.acm.files.ConfigurationFileAddedEvent]. Event base filename: [acm-config-server-repo/labels/profile-hi.yaml]
[m[36m<TIMESTAMP>,106 [DEBUG] [main] com.armedia.acm.files.ConfigFileWatcher - file added: file:///tmp/blitzy/ArkCase/blitzy-<UUID>-w-053_196589/.blitzy-scratch/rt/base8/home/.arkcase/acm/acm-config-server-repo/labels/time-tracking-de.yaml
[m[36m<TIMESTAMP>,106 [DEBUG] [main] com.armedia.acm.spring.SpringContextHolder - Event type: [com.armedia.acm.files.ConfigurationFileAddedEvent]. Event base filename: [acm-config-server-repo/labels/time-tracking-de.yaml]
[m[36m<TIMESTAMP>,106 [DEBUG] [main] com.armedia.acm.files.ConfigFileWatcher - file added: file:///tmp/blitzy/ArkCase/blitzy-<UUID>-w-053_196589/.blitzy-scratch/rt/base8/home/.arkcase/acm/acm-config-server-repo/labels/notifications-pt.yaml
[m[36m<TIMESTAMP>,106 [DEBUG] [main] com.armedia.acm.spring.SpringContextHolder - Event type: [com.armedia.acm.files.ConfigurationFileAddedEvent]. Event base filename: [acm-config-server-repo/labels/notifications-pt.yaml]
[m[36m<TIMESTAMP>,106 [DEBUG] [main] com.armedia.acm.files.ConfigFileWatcher - file added: file:///tmp/blitzy/ArkCase/blitzy-<UUID>-w-053_196589/.blitzy-scratch/rt/base8/home/.arkcase/acm/acm-config-server-repo/labels/cost-tracking-es.yaml
[m[36m<TIMESTAMP>,106 [DEBUG] [main] com.armedia.acm.spring.SpringContextHolder - Event type: [com.armedia.acm.files.ConfigurationFileAddedEvent]. Event base filename: [acm-config-server-repo/labels/cost-tracking-es.yaml]
[m[36m<TIMESTAMP>,106 [DEBUG] [main] com.armedia.acm.files.ConfigFileWatcher - file added: file:///tmp/blitzy/ArkCase/blitzy-<UUID>-w-053_196589/.blitzy-scratch/rt/base8/home/.arkcase/acm/acm-config-server-repo/labels/welcome-de.yaml
[m[36m<TIMESTAMP>,106 [DEBUG] [main] com.armedia.acm.spring.SpringContextHolder - Event type: [com.armedia.acm.files.ConfigurationFileAddedEvent]. Event base filename: [acm-config-server-repo/labels/welcome-de.yaml]
[m[36m<TIMESTAMP>,106 [DEBUG] [main] com.armedia.acm.files.ConfigFileWatcher - file added: file:///tmp/blitzy/ArkCase/blitzy-<UUID>-w-053_196589/.blitzy-scratch/rt/base8/home/.arkcase/acm/acm-config-server-repo/labels/my-documents-ru.yaml
[m[36m<TIMESTAMP>,106 [DEBUG] [main] com.armedia.acm.spring.SpringContextHolder - Event type: [com.armedia.acm.files.ConfigurationFileAddedEvent]. Event base filename: [acm-config-server-repo/labels/my-documents-ru.yaml]
[m[36m<TIMESTAMP>,106 [DEBUG] [main] com.armedia.acm.files.ConfigFileWatcher - file added: file:///tmp/blitzy/ArkCase/blitzy-<UUID>-w-053_196589/.blitzy-scratch/rt/base8/home/.arkcase/acm/acm-config-server-repo/labels/document-repository-en.yaml
[m[36m<TIMESTAMP>,106 [DEBUG] [main] com.armedia.acm.spring.SpringContextHolder - Event type: [com.armedia.acm.files.ConfigurationFileAddedEvent]. Event base filename: [acm-config-server-repo/labels/document-repository-en.yaml]
[m[36m<TIMESTAMP>,106 [DEBUG] [main] com.armedia.acm.files.ConfigFileWatcher - file added: file:///tmp/blitzy/ArkCase/blitzy-<UUID>-w-053_196589/.blitzy-scratch/rt/base8/home/.arkcase/acm/acm-config-server-repo/labels/people-hi.yaml
[m[36m<TIMESTAMP>,106 [DEBUG] [main] com.armedia.acm.spring.SpringContextHolder - Event type: [com.armedia.acm.files.ConfigurationFileAddedEvent]. Event base filename: [acm-config-server-repo/labels/people-hi.yaml]
[m[36m<TIMESTAMP>,106 [DEBUG] [main] com.armedia.acm.files.ConfigFileWatcher - file added: file:///tmp/blitzy/ArkCase/blitzy-<UUID>-w-053_196589/.blitzy-scratch/rt/base8/home/.arkcase/acm/acm-config-server-repo/labels/analytics-audit-ja.yaml
[m[36m<TIMESTAMP>,106 [DEBUG] [main] com.armedia.acm.spring.SpringContextHolder - Event type: [com.armedia.acm.files.ConfigurationFileAddedEvent]. Event base filename: [acm-config-server-repo/labels/analytics-audit-ja.yaml]
[m[36m<TIMESTAMP>,106 [DEBUG] [main] com.armedia.acm.files.ConfigFileWatcher - file added: file:///tmp/blitzy/ArkCase/blitzy-<UUID>-w-053_196589/.blitzy-scratch/rt/base8/home/.arkcase/acm/acm-config-server-repo/labels/reports-de.yaml
[m[36m<TIMESTAMP>,106 [DEBUG] [main] com.armedia.acm.spring.SpringContextHolder - Event type: [com.armedia.acm.files.ConfigurationFileAddedEvent]. Event base filename: [acm-config-server-repo/labels/reports-de.yaml]
[m[36m<TIMESTAMP>,106 [DEBUG] [main] com.armedia.acm.files.ConfigFileWatcher - file added: file:///tmp/blitzy/ArkCase/blitzy-<UUID>-w-053_196589/.blitzy-scratch/rt/base8/home/.arkcase/acm/acm-config-server-repo/labels/search-ar.yaml
[m[36m<TIMESTAMP>,106 [DEBUG] [main] com.armedia.acm.spring.SpringContextHolder - Event type: [com.armedia.acm.files.ConfigurationFileAddedEvent]. Event base filename: [acm-config-server-repo/labels/search-ar.yaml]
[m[36m<TIMESTAMP>,106 [DEBUG] [main] com.armedia.acm.files.ConfigFileWatcher - file added: file:///tmp/blitzy/ArkCase/blitzy-<UUID>-w-053_196589/.blitzy-scratch/rt/base8/home/.arkcase/acm/acm-config-server-repo/labels/tasks-ja.yaml
[m[36m<TIMESTAMP>,106 [DEBUG] [main] com.armedia.acm.spring.SpringContextHolder - Event type: [com.armedia.acm.files.ConfigurationFileAddedEvent]. Event base filename: [acm-config-server-repo/labels/tasks-ja.yaml]
[m[36m<TIMESTAMP>,106 [DEBUG] [main] com.armedia.acm.files.ConfigFileWatcher - file added: file:///tmp/blitzy/ArkCase/blitzy-<UUID>-w-053_196589/.blitzy-scratch/rt/base8/home/.arkcase/acm/acm-config-server-repo/labels/reports-zh-cn.yaml
[m[36m<TIMESTAMP>,106 [DEBUG] [main] com.armedia.acm.spring.SpringContextHolder - Event type: [com.armedia.acm.files.ConfigurationFileAddedEvent]. Event base filename: [acm-config-server-repo/labels/reports-zh-cn.yaml]
[m[36m<TIMESTAMP>,106 [DEBUG] [main] com.armedia.acm.files.ConfigFileWatcher - file added: file:///tmp/blitzy/ArkCase/blitzy-<UUID>-w-053_196589/.blitzy-scratch/rt/base8/home/.arkcase/acm/acm-config-server-repo/labels/my-documents-de.yaml
[m[36m<TIMESTAMP>,107 [DEBUG] [main] com.armedia.acm.spring.SpringContextHolder - Event type: [com.armedia.acm.files.ConfigurationFileAddedEvent]. Event base filename: [acm-config-server-repo/labels/my-documents-de.yaml]
[m[36m<TIMESTAMP>,107 [DEBUG] [main] com.armedia.acm.files.ConfigFileWatcher - file added: file:///tmp/blitzy/ArkCase/blitzy-<UUID>-w-053_196589/.blitzy-scratch/rt/base8/home/.arkcase/acm/acm-config-server-repo/labels/time-tracking-zh-cn.yaml
[m[36m<TIMESTAMP>,107 [DEBUG] [main] com.armedia.acm.spring.SpringContextHolder - Event type: [com.armedia.acm.files.ConfigurationFileAddedEvent]. Event base filename: [acm-config-server-repo/labels/time-tracking-zh-cn.yaml]
[m[36m<TIMESTAMP>,107 [DEBUG] [main] com.armedia.acm.files.ConfigFileWatcher - file added: file:///tmp/blitzy/ArkCase/blitzy-<UUID>-w-053_196589/.blitzy-scratch/rt/base8/home/.arkcase/acm/acm-config-server-repo/labels/document-repository-hi.yaml
[m[36m<TIMESTAMP>,107 [DEBUG] [main] com.armedia.acm.spring.SpringContextHolder - Event type: [com.armedia.acm.files.ConfigurationFileAddedEvent]. Event base filename: [acm-config-server-repo/labels/document-repository-hi.yaml]
[m[36m<TIMESTAMP>,107 [DEBUG] [main] com.armedia.acm.files.ConfigFileWatcher - file added: file:///tmp/blitzy/ArkCase/blitzy-<UUID>-w-053_196589/.blitzy-scratch/rt/base8/home/.arkcase/acm/acm-config-server-repo/labels/time-tracking-es.yaml
[m[36m<TIMESTAMP>,107 [DEBUG] [main] com.armedia.acm.spring.SpringContextHolder - Event type: [com.armedia.acm.files.ConfigurationFileAddedEvent]. Event base filename: [acm-config-server-repo/labels/time-tracking-es.yaml]
[m[36m<TIMESTAMP>,107 [DEBUG] [main] com.armedia.acm.files.ConfigFileWatcher - file added: file:///tmp/blitzy/ArkCase/blitzy-<UUID>-w-053_196589/.blitzy-scratch/rt/base8/home/.arkcase/acm/acm-config-server-repo/labels/subscriptions-ja.yaml
[m[36m<TIMESTAMP>,107 [DEBUG] [main] com.armedia.acm.spring.SpringContextHolder - Event type: [com.armedia.acm.files.ConfigurationFileAddedEvent]. Event base filename: [acm-config-server-repo/labels/subscriptions-ja.yaml]
[m[36m<TIMESTAMP>,107 [DEBUG] [main] com.armedia.acm.files.ConfigFileWatcher - file added: file:///tmp/blitzy/ArkCase/blitzy-<UUID>-w-053_196589/.blitzy-scratch/rt/base8/home/.arkcase/acm/acm-config-server-repo/labels/complaints-pt.yaml
[m[36m<TIMESTAMP>,107 [DEBUG] [main] com.armedia.acm.spring.SpringContextHolder - Event type: [com.armedia.acm.files.ConfigurationFileAddedEvent]. Event base filename: [acm-config-server-repo/labels/complaints-pt.yaml]
[m[36m<TIMESTAMP>,107 [DEBUG] [main] com.armedia.acm.files.ConfigFileWatcher - file added: file:///tmp/blitzy/ArkCase/blitzy-<UUID>-w-053_196589/.blitzy-scratch/rt/base8/home/.arkcase/acm/acm-config-server-repo/labels/analytics-audit-es.yaml
[m[36m<TIMESTAMP>,107 [DEBUG] [main] com.armedia.acm.spring.SpringContextHolder - Event type: [com.armedia.acm.files.ConfigurationFileAddedEvent]. Event base filename: [acm-config-server-repo/labels/analytics-audit-es.yaml]
[m[36m<TIMESTAMP>,107 [DEBUG] [main] com.armedia.acm.files.ConfigFileWatcher - file added: file:///tmp/blitzy/ArkCase/blitzy-<UUID>-w-053_196589/.blitzy-scratch/rt/base8/home/.arkcase/acm/acm-config-server-repo/labels/reports-ru.yaml
[m[36m<TIMESTAMP>,107 [DEBUG] [main] com.armedia.acm.spring.SpringContextHolder - Event type: [com.armedia.acm.files.ConfigurationFileAddedEvent]. Event base filename: [acm-config-server-repo/labels/reports-ru.yaml]
[m[36m<TIMESTAMP>,107 [DEBUG] [main] com.armedia.acm.files.ConfigFileWatcher - file added: file:///tmp/blitzy/ArkCase/blitzy-<UUID>-w-053_196589/.blitzy-scratch/rt/base8/home/.arkcase/acm/acm-config-server-repo/labels/reports-pt.yaml
[m[36m<TIMESTAMP>,107 [DEBUG] [main] com.armedia.acm.spring.SpringContextHolder - Event type: [com.armedia.acm.files.ConfigurationFileAddedEvent]. Event base filename: [acm-config-server-repo/labels/reports-pt.yaml]
[m[36m<TIMESTAMP>,107 [DEBUG] [main] com.armedia.acm.files.ConfigFileWatcher - file added: file:///tmp/blitzy/ArkCase/blitzy-<UUID>-w-053_196589/.blitzy-scratch/rt/base8/home/.arkcase/acm/acm-config-server-repo/labels/cost-tracking-pt.yaml
[m[36m<TIMESTAMP>,107 [DEBUG] [main] com.armedia.acm.spring.SpringContextHolder - Event type: [com.armedia.acm.files.ConfigurationFileAddedEvent]. Event base filename: [acm-config-server-repo/labels/cost-tracking-pt.yaml]
[m[36m<TIMESTAMP>,107 [DEBUG] [main] com.armedia.acm.files.ConfigFileWatcher - file added: file:///tmp/blitzy/ArkCase/blitzy-<UUID>-w-053_196589/.blitzy-scratch/rt/base8/home/.arkcase/acm/acm-config-server-repo/labels/audit-pt.yaml
[m[36m<TIMESTAMP>,107 [DEBUG] [main] com.armedia.acm.spring.SpringContextHolder - Event type: [com.armedia.acm.files.ConfigurationFileAddedEvent]. Event base filename: [acm-config-server-repo/labels/audit-pt.yaml]
[m[36m<TIMESTAMP>,107 [DEBUG] [main] com.armedia.acm.files.ConfigFileWatcher - file added: file:///tmp/blitzy/ArkCase/blitzy-<UUID>-w-053_196589/.blitzy-scratch/rt/base8/home/.arkcase/acm/acm-config-server-repo/labels/document-repository-fr.yaml
[m[36m<TIMESTAMP>,107 [DEBUG] [main] com.armedia.acm.spring.SpringContextHolder - Event type: [com.armedia.acm.files.ConfigurationFileAddedEvent]. Event base filename: [acm-config-server-repo/labels/document-repository-fr.yaml]
[m[36m<TIMESTAMP>,107 [DEBUG] [main] com.armedia.acm.files.ConfigFileWatcher - file added: file:///tmp/blitzy/ArkCase/blitzy-<UUID>-w-053_196589/.blitzy-scratch/rt/base8/home/.arkcase/acm/acm-config-server-repo/labels/goodbye-ja.yaml
[m[36m<TIMESTAMP>,107 [DEBUG] [main] com.armedia.acm.spring.SpringContextHolder - Event type: [com.armedia.acm.files.ConfigurationFileAddedEvent]. Event base filename: [acm-config-server-repo/labels/goodbye-ja.yaml]
[m[36m<TIMESTAMP>,107 [DEBUG] [main] com.armedia.acm.files.ConfigFileWatcher - file added: file:///tmp/blitzy/ArkCase/blitzy-<UUID>-w-053_196589/.blitzy-scratch/rt/base8/home/.arkcase/acm/acm-config-server-repo/labels/cases-ru.yaml
[m[36m<TIMESTAMP>,108 [DEBUG] [main] com.armedia.acm.spring.SpringContextHolder - Event type: [com.armedia.acm.files.ConfigurationFileAddedEvent]. Event base filename: [acm-config-server-repo/labels/cases-ru.yaml]
[m[36m<TIMESTAMP>,108 [DEBUG] [main] com.armedia.acm.files.ConfigFileWatcher - file added: file:///tmp/blitzy/ArkCase/blitzy-<UUID>-w-053_196589/.blitzy-scratch/rt/base8/home/.arkcase/acm/acm-config-server-repo/labels/tags-zh-cn.yaml
[m[36m<TIMESTAMP>,108 [DEBUG] [main] com.armedia.acm.spring.SpringContextHolder - Event type: [com.armedia.acm.files.ConfigurationFileAddedEvent]. Event base filename: [acm-config-server-repo/labels/tags-zh-cn.yaml]
[m[36m<TIMESTAMP>,108 [DEBUG] [main] com.armedia.acm.files.ConfigFileWatcher - file added: file:///tmp/blitzy/ArkCase/blitzy-<UUID>-w-053_196589/.blitzy-scratch/rt/base8/home/.arkcase/acm/acm-config-server-repo/labels/goodbye-es.yaml
[m[36m<TIMESTAMP>,108 [DEBUG] [main] com.armedia.acm.spring.SpringContextHolder - Event type: [com.armedia.acm.files.ConfigurationFileAddedEvent]. Event base filename: [acm-config-server-repo/labels/goodbye-es.yaml]
[m[36m<TIMESTAMP>,108 [DEBUG] [main] com.armedia.acm.files.ConfigFileWatcher - file added: file:///tmp/blitzy/ArkCase/blitzy-<UUID>-w-053_196589/.blitzy-scratch/rt/base8/home/.arkcase/acm/acm-config-server-repo/labels/cost-tracking-en-in.yaml
[m[36m<TIMESTAMP>,108 [DEBUG] [main] com.armedia.acm.spring.SpringContextHolder - Event type: [com.armedia.acm.files.ConfigurationFileAddedEvent]. Event base filename: [acm-config-server-repo/labels/cost-tracking-en-in.yaml]
[m[36m<TIMESTAMP>,108 [DEBUG] [main] com.armedia.acm.files.ConfigFileWatcher - file added: file:///tmp/blitzy/ArkCase/blitzy-<UUID>-w-053_196589/.blitzy-scratch/rt/base8/home/.arkcase/acm/acm-config-server-repo/labels/common-en.yaml
[m[36m<TIMESTAMP>,108 [DEBUG] [main] com.armedia.acm.spring.SpringContextHolder - Event type: [com.armedia.acm.files.ConfigurationFileAddedEvent]. Event base filename: [acm-config-server-repo/labels/common-en.yaml]
[m[36m<TIMESTAMP>,108 [DEBUG] [main] com.armedia.acm.files.ConfigFileWatcher - file added: file:///tmp/blitzy/ArkCase/blitzy-<UUID>-w-053_196589/.blitzy-scratch/rt/base8/home/.arkcase/acm/acm-config-server-repo/labels/notifications-zh-cn.yaml
[m[36m<TIMESTAMP>,108 [DEBUG] [main] com.armedia.acm.spring.SpringContextHolder - Event type: [com.armedia.acm.files.ConfigurationFileAddedEvent]. Event base filename: [acm-config-server-repo/labels/notifications-zh-cn.yaml]
[m[36m<TIMESTAMP>,108 [DEBUG] [main] com.armedia.acm.files.ConfigFileWatcher - file added: file:///tmp/blitzy/ArkCase/blitzy-<UUID>-w-053_196589/.blitzy-scratch/rt/base8/home/.arkcase/acm/acm-config-server-repo/labels/organizations-es.yaml
[m[36m<TIMESTAMP>,108 [DEBUG] [main] com.armedia.acm.spring.SpringContextHolder - Event type: [com.armedia.acm.files.ConfigurationFileAddedEvent]. Event base filename: [acm-config-server-repo/labels/organizations-es.yaml]
[m[36m<TIMESTAMP>,108 [DEBUG] [main] com.armedia.acm.files.ConfigFileWatcher - file added: file:///tmp/blitzy/ArkCase/blitzy-<UUID>-w-053_196589/.blitzy-scratch/rt/base8/home/.arkcase/acm/acm-config-server-repo/labels/analytics-audit-en.yaml
[m[36m<TIMESTAMP>,108 [DEBUG] [main] com.armedia.acm.spring.SpringContextHolder - Event type: [com.armedia.acm.files.ConfigurationFileAddedEvent]. Event base filename: [acm-config-server-repo/labels/analytics-audit-en.yaml]
[m[36m<TIMESTAMP>,108 [DEBUG] [main] com.armedia.acm.files.ConfigFileWatcher - file added: file:///tmp/blitzy/ArkCase/blitzy-<UUID>-w-053_196589/.blitzy-scratch/rt/base8/home/.arkcase/acm/acm-config-server-repo/labels/document-details-en-in.yaml
[m[36m<TIMESTAMP>,108 [DEBUG] [main] com.armedia.acm.spring.SpringContextHolder - Event type: [com.armedia.acm.files.ConfigurationFileAddedEvent]. Event base filename: [acm-config-server-repo/labels/document-details-en-in.yaml]
[m[36m<TIMESTAMP>,108 [DEBUG] [main] com.armedia.acm.files.ConfigFileWatcher - file added: file:///tmp/blitzy/ArkCase/blitzy-<UUID>-w-053_196589/.blitzy-scratch/rt/base8/home/.arkcase/acm/acm-config-server-repo/labels/profile-ar.yaml
[m[36m<TIMESTAMP>,108 [DEBUG] [main] com.armedia.acm.spring.SpringContextHolder - Event type: [com.armedia.acm.files.ConfigurationFileAddedEvent]. Event base filename: [acm-config-server-repo/labels/profile-ar.yaml]
[m[36m<TIMESTAMP>,108 [DEBUG] [main] com.armedia.acm.files.ConfigFileWatcher - file added: file:///tmp/blitzy/ArkCase/blitzy-<UUID>-w-053_196589/.blitzy-scratch/rt/base8/home/.arkcase/acm/acm-config-server-repo/labels/cost-tracking-zh-cn.yaml
[m[36m<TIMESTAMP>,108 [DEBUG] [main] com.armedia.acm.spring.SpringContextHolder - Event type: [com.armedia.acm.files.ConfigurationFileAddedEvent]. Event base filename: [acm-config-server-repo/labels/cost-tracking-zh-cn.yaml]
[m[36m<TIMESTAMP>,108 [DEBUG] [main] com.armedia.acm.files.ConfigFileWatcher - file added: file:///tmp/blitzy/ArkCase/blitzy-<UUID>-w-053_196589/.blitzy-scratch/rt/base8/home/.arkcase/acm/acm-config-server-repo/labels/admin-pt.yaml
[m[36m<TIMESTAMP>,108 [DEBUG] [main] com.armedia.acm.spring.SpringContextHolder - Event type: [com.armedia.acm.files.ConfigurationFileAddedEvent]. Event base filename: [acm-config-server-repo/labels/admin-pt.yaml]
[m[36m<TIMESTAMP>,108 [DEBUG] [main] com.armedia.acm.files.ConfigFileWatcher - file added: file:///tmp/blitzy/ArkCase/blitzy-<UUID>-w-053_196589/.blitzy-scratch/rt/base8/home/.arkcase/acm/acm-config-server-repo/labels/reports-ar.yaml
[m[36m<TIMESTAMP>,108 [DEBUG] [main] com.armedia.acm.spring.SpringContextHolder - Event type: [com.armedia.acm.files.ConfigurationFileAddedEvent]. Event base filename: [acm-config-server-repo/labels/reports-ar.yaml]
[m[36m<TIMESTAMP>,108 [DEBUG] [main] com.armedia.acm.files.ConfigFileWatcher - file added: file:///tmp/blitzy/ArkCase/blitzy-<UUID>-w-053_196589/.blitzy-scratch/rt/base8/home/.arkcase/acm/acm-config-server-repo/labels/analytics-ja.yaml
[m[36m<TIMESTAMP>,109 [DEBUG] [main] com.armedia.acm.spring.SpringContextHolder - Event type: [com.armedia.acm.files.ConfigurationFileAddedEvent]. Event base filename: [acm-config-server-repo/labels/analytics-ja.yaml]
[m[36m<TIMESTAMP>,109 [DEBUG] [main] com.armedia.acm.files.ConfigFileWatcher - file added: file:///tmp/blitzy/ArkCase/blitzy-<UUID>-w-053_196589/.blitzy-scratch/rt/base8/home/.arkcase/acm/acm-config-server-repo/labels/frevvo-de.yaml
[m[36m<TIMESTAMP>,109 [DEBUG] [main] com.armedia.acm.spring.SpringContextHolder - Event type: [com.armedia.acm.files.ConfigurationFileAddedEvent]. Event base filename: [acm-config-server-repo/labels/frevvo-de.yaml]
[m[36m<TIMESTAMP>,109 [DEBUG] [main] com.armedia.acm.files.ConfigFileWatcher - file added: file:///tmp/blitzy/ArkCase/blitzy-<UUID>-w-053_196589/.blitzy-scratch/rt/base8/home/.arkcase/acm/acm-config-server-repo/labels/core-es.yaml
[m[36m<TIMESTAMP>,109 [DEBUG] [main] com.armedia.acm.spring.SpringContextHolder - Event type: [com.armedia.acm.files.ConfigurationFileAddedEvent]. Event base filename: [acm-config-server-repo/labels/core-es.yaml]
[m[36m<TIMESTAMP>,109 [DEBUG] [main] com.armedia.acm.files.ConfigFileWatcher - file added: file:///tmp/blitzy/ArkCase/blitzy-<UUID>-w-053_196589/.blitzy-scratch/rt/base8/home/.arkcase/acm/acm-config-server-repo/labels/reports-fr.yaml
[m[36m<TIMESTAMP>,109 [DEBUG] [main] com.armedia.acm.spring.SpringContextHolder - Event type: [com.armedia.acm.files.ConfigurationFileAddedEvent]. Event base filename: [acm-config-server-repo/labels/reports-fr.yaml]
[m[36m<TIMESTAMP>,109 [DEBUG] [main] com.armedia.acm.files.ConfigFileWatcher - file added: file:///tmp/blitzy/ArkCase/blitzy-<UUID>-w-053_196589/.blitzy-scratch/rt/base8/home/.arkcase/acm/acm-config-server-repo/labels/subscriptions-en.yaml
[m[36m<TIMESTAMP>,109 [DEBUG] [main] com.armedia.acm.spring.SpringContextHolder - Event type: [com.armedia.acm.files.ConfigurationFileAddedEvent]. Event base filename: [acm-config-server-repo/labels/subscriptions-en.yaml]
[m[36m<TIMESTAMP>,109 [DEBUG] [main] com.armedia.acm.files.ConfigFileWatcher - file added: file:///tmp/blitzy/ArkCase/blitzy-<UUID>-w-053_196589/.blitzy-scratch/rt/base8/home/.arkcase/acm/acm-config-server-repo/labels/people-zh-cn.yaml
[m[36m<TIMESTAMP>,109 [DEBUG] [main] com.armedia.acm.spring.SpringContextHolder - Event type: [com.armedia.acm.files.ConfigurationFileAddedEvent]. Event base filename: [acm-config-server-repo/labels/people-zh-cn.yaml]
[m[36m<TIMESTAMP>,109 [DEBUG] [main] com.armedia.acm.files.ConfigFileWatcher - file added: file:///tmp/blitzy/ArkCase/blitzy-<UUID>-w-053_196589/.blitzy-scratch/rt/base8/home/.arkcase/acm/acm-config-server-repo/labels/document-repository-zh-tw.yaml
[m[36m<TIMESTAMP>,109 [DEBUG] [main] com.armedia.acm.spring.SpringContextHolder - Event type: [com.armedia.acm.files.ConfigurationFileAddedEvent]. Event base filename: [acm-config-server-repo/labels/document-repository-zh-tw.yaml]
[m[36m<TIMESTAMP>,109 [DEBUG] [main] com.armedia.acm.files.ConfigFileWatcher - file added: file:///tmp/blitzy/ArkCase/blitzy-<UUID>-w-053_196589/.blitzy-scratch/rt/base8/home/.arkcase/acm/acm-config-server-repo/labels/organizations-ru.yaml
[m[36m<TIMESTAMP>,109 [DEBUG] [main] com.armedia.acm.spring.SpringContextHolder - Event type: [com.armedia.acm.files.ConfigurationFileAddedEvent]. Event base filename: [acm-config-server-repo/labels/organizations-ru.yaml]
[m[36m<TIMESTAMP>,109 [DEBUG] [main] com.armedia.acm.files.ConfigFileWatcher - file added: file:///tmp/blitzy/ArkCase/blitzy-<UUID>-w-053_196589/.blitzy-scratch/rt/base8/home/.arkcase/acm/acm-config-server-repo/labels/analytics-audit-zh-cn.yaml
[m[36m<TIMESTAMP>,109 [DEBUG] [main] com.armedia.acm.spring.SpringContextHolder - Event type: [com.armedia.acm.files.ConfigurationFileAddedEvent]. Event base filename: [acm-config-server-repo/labels/analytics-audit-zh-cn.yaml]
[m[36m<TIMESTAMP>,109 [DEBUG] [main] com.armedia.acm.files.ConfigFileWatcher - file added: file:///tmp/blitzy/ArkCase/blitzy-<UUID>-w-053_196589/.blitzy-scratch/rt/base8/home/.arkcase/acm/acm-config-server-repo/labels/analytics-audit-zh-tw.yaml
[m[36m<TIMESTAMP>,109 [DEBUG] [main] com.armedia.acm.spring.SpringContextHolder - Event type: [com.armedia.acm.files.ConfigurationFileAddedEvent]. Event base filename: [acm-config-server-repo/labels/analytics-audit-zh-tw.yaml]
[m[36m<TIMESTAMP>,109 [DEBUG] [main] com.armedia.acm.files.ConfigFileWatcher - file added: file:///tmp/blitzy/ArkCase/blitzy-<UUID>-w-053_196589/.blitzy-scratch/rt/base8/home/.arkcase/acm/acm-config-server-repo/labels/notifications-en.yaml
[m[36m<TIMESTAMP>,109 [DEBUG] [main] com.armedia.acm.spring.SpringContextHolder - Event type: [com.armedia.acm.files.ConfigurationFileAddedEvent]. Event base filename: [acm-config-server-repo/labels/notifications-en.yaml]
[m[36m<TIMESTAMP>,109 [DEBUG] [main] com.armedia.acm.files.ConfigFileWatcher - file added: file:///tmp/blitzy/ArkCase/blitzy-<UUID>-w-053_196589/.blitzy-scratch/rt/base8/home/.arkcase/acm/acm-config-server-repo/labels/goodbye-fr.yaml
[m[36m<TIMESTAMP>,109 [DEBUG] [main] com.armedia.acm.spring.SpringContextHolder - Event type: [com.armedia.acm.files.ConfigurationFileAddedEvent]. Event base filename: [acm-config-server-repo/labels/goodbye-fr.yaml]
[m[36m<TIMESTAMP>,109 [DEBUG] [main] com.armedia.acm.files.ConfigFileWatcher - file added: file:///tmp/blitzy/ArkCase/blitzy-<UUID>-w-053_196589/.blitzy-scratch/rt/base8/home/.arkcase/acm/acm-config-server-repo/labels/tags-ar.yaml
[m[36m<TIMESTAMP>,109 [DEBUG] [main] com.armedia.acm.spring.SpringContextHolder - Event type: [com.armedia.acm.files.ConfigurationFileAddedEvent]. Event base filename: [acm-config-server-repo/labels/tags-ar.yaml]
[m[36m<TIMESTAMP>,109 [DEBUG] [main] com.armedia.acm.files.ConfigFileWatcher - file added: file:///tmp/blitzy/ArkCase/blitzy-<UUID>-w-053_196589/.blitzy-scratch/rt/base8/home/.arkcase/acm/acm-config-server-repo/labels/tasks-zh-cn.yaml
[m[36m<TIMESTAMP>,110 [DEBUG] [main] com.armedia.acm.spring.SpringContextHolder - Event type: [com.armedia.acm.files.ConfigurationFileAddedEvent]. Event base filename: [acm-config-server-repo/labels/tasks-zh-cn.yaml]
[m[36m<TIMESTAMP>,110 [DEBUG] [main] com.armedia.acm.files.ConfigFileWatcher - file added: file:///tmp/blitzy/ArkCase/blitzy-<UUID>-w-053_196589/.blitzy-scratch/rt/base8/home/.arkcase/acm/acm-config-server-repo/labels/goodbye-zh-cn.yaml
[m[36m<TIMESTAMP>,110 [DEBUG] [main] com.armedia.acm.spring.SpringContextHolder - Event type: [com.armedia.acm.files.ConfigurationFileAddedEvent]. Event base filename: [acm-config-server-repo/labels/goodbye-zh-cn.yaml]
[m[36m<TIMESTAMP>,110 [DEBUG] [main] com.armedia.acm.files.ConfigFileWatcher - file added: file:///tmp/blitzy/ArkCase/blitzy-<UUID>-w-053_196589/.blitzy-scratch/rt/base8/home/.arkcase/acm/acm-config-server-repo/labels/tasks-es.yaml
[m[36m<TIMESTAMP>,110 [DEBUG] [main] com.armedia.acm.spring.SpringContextHolder - Event type: [com.armedia.acm.files.ConfigurationFileAddedEvent]. Event base filename: [acm-config-server-repo/labels/tasks-es.yaml]
[m[36m<TIMESTAMP>,110 [DEBUG] [main] com.armedia.acm.files.ConfigFileWatcher - file added: file:///tmp/blitzy/ArkCase/blitzy-<UUID>-w-053_196589/.blitzy-scratch/rt/base8/home/.arkcase/acm/acm-config-server-repo/labels/notifications-hi.yaml
[m[36m<TIMESTAMP>,110 [DEBUG] [main] com.armedia.acm.spring.SpringContextHolder - Event type: [com.armedia.acm.files.ConfigurationFileAddedEvent]. Event base filename: [acm-config-server-repo/labels/notifications-hi.yaml]
[m[36m<TIMESTAMP>,110 [DEBUG] [main] com.armedia.acm.files.ConfigFileWatcher - file added: file:///tmp/blitzy/ArkCase/blitzy-<UUID>-w-053_196589/.blitzy-scratch/rt/base8/home/.arkcase/acm/acm-config-server-repo/labels/cases-ar.yaml
[m[36m<TIMESTAMP>,110 [DEBUG] [main] com.armedia.acm.spring.SpringContextHolder - Event type: [com.armedia.acm.files.ConfigurationFileAddedEvent]. Event base filename: [acm-config-server-repo/labels/cases-ar.yaml]
[m[36m<TIMESTAMP>,110 [DEBUG] [main] com.armedia.acm.files.ConfigFileWatcher - file added: file:///tmp/blitzy/ArkCase/blitzy-<UUID>-w-053_196589/.blitzy-scratch/rt/base8/home/.arkcase/acm/acm-config-server-repo/labels/complaints-zh-cn.yaml
[m[36m<TIMESTAMP>,110 [DEBUG] [main] com.armedia.acm.spring.SpringContextHolder - Event type: [com.armedia.acm.files.ConfigurationFileAddedEvent]. Event base filename: [acm-config-server-repo/labels/complaints-zh-cn.yaml]
[m[36m<TIMESTAMP>,110 [DEBUG] [main] com.armedia.acm.files.ConfigFileWatcher - file added: file:///tmp/blitzy/ArkCase/blitzy-<UUID>-w-053_196589/.blitzy-scratch/rt/base8/home/.arkcase/acm/acm-config-server-repo/labels/organizations-fr.yaml
[m[36m<TIMESTAMP>,110 [DEBUG] [main] com.armedia.acm.spring.SpringContextHolder - Event type: [com.armedia.acm.files.ConfigurationFileAddedEvent]. Event base filename: [acm-config-server-repo/labels/organizations-fr.yaml]
[m[36m<TIMESTAMP>,110 [DEBUG] [main] com.armedia.acm.files.ConfigFileWatcher - file added: file:///tmp/blitzy/ArkCase/blitzy-<UUID>-w-053_196589/.blitzy-scratch/rt/base8/home/.arkcase/acm/acm-config-server-repo/labels/preference-en.yaml
[m[36m<TIMESTAMP>,110 [DEBUG] [main] com.armedia.acm.spring.SpringContextHolder - Event type: [com.armedia.acm.files.ConfigurationFileAddedEvent]. Event base filename: [acm-config-server-repo/labels/preference-en.yaml]
[m[36m<TIMESTAMP>,110 [DEBUG] [main] com.armedia.acm.files.ConfigFileWatcher - file added: file:///tmp/blitzy/ArkCase/blitzy-<UUID>-w-053_196589/.blitzy-scratch/rt/base8/home/.arkcase/acm/acm-config-server-repo/labels/admin-es.yaml
[m[36m<TIMESTAMP>,110 [DEBUG] [main] com.armedia.acm.spring.SpringContextHolder - Event type: [com.armedia.acm.files.ConfigurationFileAddedEvent]. Event base filename: [acm-config-server-repo/labels/admin-es.yaml]
[m[36m<TIMESTAMP>,110 [DEBUG] [main] com.armedia.acm.files.ConfigFileWatcher - file added: file:///tmp/blitzy/ArkCase/blitzy-<UUID>-w-053_196589/.blitzy-scratch/rt/base8/home/.arkcase/acm/acm-config-server-repo/labels/profile-de.yaml
[m[36m<TIMESTAMP>,110 [DEBUG] [main] com.armedia.acm.spring.SpringContextHolder - Event type: [com.armedia.acm.files.ConfigurationFileAddedEvent]. Event base filename: [acm-config-server-repo/labels/profile-de.yaml]
[m[36m<TIMESTAMP>,110 [DEBUG] [main] com.armedia.acm.files.ConfigFileWatcher - file added: file:///tmp/blitzy/ArkCase/blitzy-<UUID>-w-053_196589/.blitzy-scratch/rt/base8/home/.arkcase/acm/acm-config-server-repo/labels/admin-hi.yaml
[m[36m<TIMESTAMP>,110 [DEBUG] [main] com.armedia.acm.spring.SpringContextHolder - Event type: [com.armedia.acm.files.ConfigurationFileAddedEvent]. Event base filename: [acm-config-server-repo/labels/admin-hi.yaml]
[m[36m<TIMESTAMP>,110 [DEBUG] [main] com.armedia.acm.files.ConfigFileWatcher - file added: file:///tmp/blitzy/ArkCase/blitzy-<UUID>-w-053_196589/.blitzy-scratch/rt/base8/home/.arkcase/acm/acm-config-server-repo/labels/frevvo-zh-tw.yaml
[m[36m<TIMESTAMP>,110 [DEBUG] [main] com.armedia.acm.spring.SpringContextHolder - Event type: [com.armedia.acm.files.ConfigurationFileAddedEvent]. Event base filename: [acm-config-server-repo/labels/frevvo-zh-tw.yaml]
[m[36m<TIMESTAMP>,110 [DEBUG] [main] com.armedia.acm.files.ConfigFileWatcher - file added: file:///tmp/blitzy/ArkCase/blitzy-<UUID>-w-053_196589/.blitzy-scratch/rt/base8/home/.arkcase/acm/acm-config-server-repo/labels/frevvo-zh-cn.yaml
[m[36m<TIMESTAMP>,110 [DEBUG] [main] com.armedia.acm.spring.SpringContextHolder - Event type: [com.armedia.acm.files.ConfigurationFileAddedEvent]. Event base filename: [acm-config-server-repo/labels/frevvo-zh-cn.yaml]
[m[36m<TIMESTAMP>,110 [DEBUG] [main] com.armedia.acm.files.ConfigFileWatcher - file added: file:///tmp/blitzy/ArkCase/blitzy-<UUID>-w-053_196589/.blitzy-scratch/rt/base8/home/.arkcase/acm/acm-config-server-repo/labels/search-pt.yaml
[m[36m<TIMESTAMP>,111 [DEBUG] [main] com.armedia.acm.spring.SpringContextHolder - Event type: [com.armedia.acm.files.ConfigurationFileAddedEvent]. Event base filename: [acm-config-server-repo/labels/search-pt.yaml]
[m[36m<TIMESTAMP>,111 [DEBUG] [main] com.armedia.acm.files.ConfigFileWatcher - file added: file:///tmp/blitzy/ArkCase/blitzy-<UUID>-w-053_196589/.blitzy-scratch/rt/base8/home/.arkcase/acm/acm-config-server-repo/labels/cost-tracking-en.yaml
[m[36m<TIMESTAMP>,111 [DEBUG] [main] com.armedia.acm.spring.SpringContextHolder - Event type: [com.armedia.acm.files.ConfigurationFileAddedEvent]. Event base filename: [acm-config-server-repo/labels/cost-tracking-en.yaml]
[m[36m<TIMESTAMP>,111 [DEBUG] [main] com.armedia.acm.files.ConfigFileWatcher - file added: file:///tmp/blitzy/ArkCase/blitzy-<UUID>-w-053_196589/.blitzy-scratch/rt/base8/home/.arkcase/acm/acm-config-server-repo/labels/cost-tracking-de.yaml
[m[36m<TIMESTAMP>,111 [DEBUG] [main] com.armedia.acm.spring.SpringContextHolder - Event type: [com.armedia.acm.files.ConfigurationFileAddedEvent]. Event base filename: [acm-config-server-repo/labels/cost-tracking-de.yaml]
[m[36m<TIMESTAMP>,111 [DEBUG] [main] com.armedia.acm.files.ConfigFileWatcher - file added: file:///tmp/blitzy/ArkCase/blitzy-<UUID>-w-053_196589/.blitzy-scratch/rt/base8/home/.arkcase/acm/acm-config-server-repo/labels/cost-tracking-zh-tw.yaml
[m[36m<TIMESTAMP>,111 [DEBUG] [main] com.armedia.acm.spring.SpringContextHolder - Event type: [com.armedia.acm.files.ConfigurationFileAddedEvent]. Event base filename: [acm-config-server-repo/labels/cost-tracking-zh-tw.yaml]
[m[36m<TIMESTAMP>,111 [DEBUG] [main] com.armedia.acm.files.ConfigFileWatcher - file added: file:///tmp/blitzy/ArkCase/blitzy-<UUID>-w-053_196589/.blitzy-scratch/rt/base8/home/.arkcase/acm/acm-config-server-repo/labels/common-zh-cn.yaml
[m[36m<TIMESTAMP>,111 [DEBUG] [main] com.armedia.acm.spring.SpringContextHolder - Event type: [com.armedia.acm.files.ConfigurationFileAddedEvent]. Event base filename: [acm-config-server-repo/labels/common-zh-cn.yaml]
[m[36m<TIMESTAMP>,111 [DEBUG] [main] com.armedia.acm.files.ConfigFileWatcher - file added: file:///tmp/blitzy/ArkCase/blitzy-<UUID>-w-053_196589/.blitzy-scratch/rt/base8/home/.arkcase/acm/acm-config-server-repo/labels/notifications-ja.yaml
[m[36m<TIMESTAMP>,111 [DEBUG] [main] com.armedia.acm.spring.SpringContextHolder - Event type: [com.armedia.acm.files.ConfigurationFileAddedEvent]. Event base filename: [acm-config-server-repo/labels/notifications-ja.yaml]
[m[36m<TIMESTAMP>,111 [DEBUG] [main] com.armedia.acm.files.ConfigFileWatcher - file added: file:///tmp/blitzy/ArkCase/blitzy-<UUID>-w-053_196589/.blitzy-scratch/rt/base8/home/.arkcase/acm/acm-config-server-repo/labels/notifications-de.yaml
[m[36m<TIMESTAMP>,111 [DEBUG] [main] com.armedia.acm.spring.SpringContextHolder - Event type: [com.armedia.acm.files.ConfigurationFileAddedEvent]. Event base filename: [acm-config-server-repo/labels/notifications-de.yaml]
[m[36m<TIMESTAMP>,111 [DEBUG] [main] com.armedia.acm.files.ConfigFileWatcher - file added: file:///tmp/blitzy/ArkCase/blitzy-<UUID>-w-053_196589/.blitzy-scratch/rt/base8/home/.arkcase/acm/acm-config-server-repo/labels/core-pt.yaml
[m[36m<TIMESTAMP>,111 [DEBUG] [main] com.armedia.acm.spring.SpringContextHolder - Event type: [com.armedia.acm.files.ConfigurationFileAddedEvent]. Event base filename: [acm-config-server-repo/labels/core-pt.yaml]
[m[36m<TIMESTAMP>,111 [DEBUG] [main] com.armedia.acm.files.ConfigFileWatcher - file added: file:///tmp/blitzy/ArkCase/blitzy-<UUID>-w-053_196589/.blitzy-scratch/rt/base8/home/.arkcase/acm/acm-config-server-repo/labels/common-es.yaml
[m[36m<TIMESTAMP>,111 [DEBUG] [main] com.armedia.acm.spring.SpringContextHolder - Event type: [com.armedia.acm.files.ConfigurationFileAddedEvent]. Event base filename: [acm-config-server-repo/labels/common-es.yaml]
[m[36m<TIMESTAMP>,111 [DEBUG] [main] com.armedia.acm.files.ConfigFileWatcher - file added: file:///tmp/blitzy/ArkCase/blitzy-<UUID>-w-053_196589/.blitzy-scratch/rt/base8/home/.arkcase/acm/acm-config-server-repo/labels/preference-de.yaml
[m[36m<TIMESTAMP>,111 [DEBUG] [main] com.armedia.acm.spring.SpringContextHolder - Event type: [com.armedia.acm.files.ConfigurationFileAddedEvent]. Event base filename: [acm-config-server-repo/labels/preference-de.yaml]
[m[36m<TIMESTAMP>,111 [DEBUG] [main] com.armedia.acm.files.ConfigFileWatcher - file added: file:///tmp/blitzy/ArkCase/blitzy-<UUID>-w-053_196589/.blitzy-scratch/rt/base8/home/.arkcase/acm/acm-config-server-repo/labels/goodbye-ar.yaml
[m[36m<TIMESTAMP>,111 [DEBUG] [main] com.armedia.acm.spring.SpringContextHolder - Event type: [com.armedia.acm.files.ConfigurationFileAddedEvent]. Event base filename: [acm-config-server-repo/labels/goodbye-ar.yaml]
[m[36m<TIMESTAMP>,111 [DEBUG] [main] com.armedia.acm.files.ConfigFileWatcher - file added: file:///tmp/blitzy/ArkCase/blitzy-<UUID>-w-053_196589/.blitzy-scratch/rt/base8/home/.arkcase/acm/acm-config-server-repo/labels/frevvo-ja.yaml
[m[36m<TIMESTAMP>,111 [DEBUG] [main] com.armedia.acm.spring.SpringContextHolder - Event type: [com.armedia.acm.files.ConfigurationFileAddedEvent]. Event base filename: [acm-config-server-repo/labels/frevvo-ja.yaml]
[m[36m<TIMESTAMP>,111 [DEBUG] [main] com.armedia.acm.files.ConfigFileWatcher - file added: file:///tmp/blitzy/ArkCase/blitzy-<UUID>-w-053_196589/.blitzy-scratch/rt/base8/home/.arkcase/acm/acm-config-server-repo/arkcase-activemq.yaml
[m[36m<TIMESTAMP>,111 [DEBUG] [main] com.armedia.acm.spring.SpringContextHolder - Event type: [com.armedia.acm.files.ConfigurationFileAddedEvent]. Event base filename: [acm-config-server-repo/arkcase-activemq.yaml]
[m[36m<TIMESTAMP>,111 [DEBUG] [main] com.armedia.acm.files.ConfigFileWatcher - file added: file:///tmp/blitzy/ArkCase/blitzy-<UUID>-w-053_196589/.blitzy-scratch/rt/base8/home/.arkcase/acm/acm-config-server-repo/arkcase.yaml
[m[36m<TIMESTAMP>,111 [DEBUG] [main] com.armedia.acm.spring.SpringContextHolder - Event type: [com.armedia.acm.files.ConfigurationFileAddedEvent]. Event base filename: [acm-config-server-repo/arkcase.yaml]
[m[36m<TIMESTAMP>,111 [DEBUG] [main] com.armedia.acm.files.ConfigFileWatcher - file added: file:///tmp/blitzy/ArkCase/blitzy-<UUID>-w-053_196589/.blitzy-scratch/rt/base8/home/.arkcase/acm/acm-config-server-repo/arkcase.yaml.orig
[m[36m<TIMESTAMP>,112 [DEBUG] [main] com.armedia.acm.spring.SpringContextHolder - Event type: [com.armedia.acm.files.ConfigurationFileAddedEvent]. Event base filename: [acm-config-server-repo/arkcase.yaml.orig]
[m[36m<TIMESTAMP>,112 [DEBUG] [main] com.armedia.acm.files.ConfigFileWatcher - file added: file:///tmp/blitzy/ArkCase/blitzy-<UUID>-w-053_196589/.blitzy-scratch/rt/base8/home/.arkcase/acm/acm-config-server-repo/ldap/ldap.yaml.orig
[m[36m<TIMESTAMP>,112 [DEBUG] [main] com.armedia.acm.spring.SpringContextHolder - Event type: [com.armedia.acm.files.ConfigurationFileAddedEvent]. Event base filename: [acm-config-server-repo/ldap/ldap.yaml.orig]
[m[36m<TIMESTAMP>,112 [DEBUG] [main] com.armedia.acm.files.ConfigFileWatcher - file added: file:///tmp/blitzy/ArkCase/blitzy-<UUID>-w-053_196589/.blitzy-scratch/rt/base8/home/.arkcase/acm/acm-config-server-repo/ldap/ldap.yaml
[m[36m<TIMESTAMP>,112 [DEBUG] [main] com.armedia.acm.spring.SpringContextHolder - Event type: [com.armedia.acm.files.ConfigurationFileAddedEvent]. Event base filename: [acm-config-server-repo/ldap/ldap.yaml]
[m[36m<TIMESTAMP>,112 [DEBUG] [main] com.armedia.acm.files.ConfigFileWatcher - file added: file:///tmp/blitzy/ArkCase/blitzy-<UUID>-w-053_196589/.blitzy-scratch/rt/base8/home/.arkcase/acm/acm-config-server-repo/rules/drools-start-business-process-rules.xlsx
[m[36m<TIMESTAMP>,112 [DEBUG] [main] com.armedia.acm.spring.SpringContextHolder - Event type: [com.armedia.acm.files.ConfigurationFileAddedEvent]. Event base filename: [acm-config-server-repo/rules/drools-start-business-process-rules.xlsx]
[m[36m<TIMESTAMP>,112 [DEBUG] [main] com.armedia.acm.files.ConfigFileWatcher - file added: file:///tmp/blitzy/ArkCase/blitzy-<UUID>-w-053_196589/.blitzy-scratch/rt/base8/home/.arkcase/acm/acm-config-server-repo/rules/drools-transcribe-business-process-rules.xlsx
[m[36m<TIMESTAMP>,112 [DEBUG] [main] com.armedia.acm.spring.SpringContextHolder - Event type: [com.armedia.acm.files.ConfigurationFileAddedEvent]. Event base filename: [acm-config-server-repo/rules/drools-transcribe-business-process-rules.xlsx]
[m[36m<TIMESTAMP>,112 [DEBUG] [main] com.armedia.acm.files.ConfigFileWatcher - file added: file:///tmp/blitzy/ArkCase/blitzy-<UUID>-w-053_196589/.blitzy-scratch/rt/base8/home/.arkcase/acm/acm-config-server-repo/rules/drools-transcribe-rules.xlsx
[m[36m<TIMESTAMP>,112 [DEBUG] [main] com.armedia.acm.spring.SpringContextHolder - Event type: [com.armedia.acm.files.ConfigurationFileAddedEvent]. Event base filename: [acm-config-server-repo/rules/drools-transcribe-rules.xlsx]
[m[36m<TIMESTAMP>,112 [DEBUG] [main] com.armedia.acm.files.ConfigFileWatcher - file added: file:///tmp/blitzy/ArkCase/blitzy-<UUID>-w-053_196589/.blitzy-scratch/rt/base8/home/.arkcase/acm/acm-config-server-repo/rules/drools-form-business-process-rules.xlsx
[m[36m<TIMESTAMP>,112 [DEBUG] [main] com.armedia.acm.spring.SpringContextHolder - Event type: [com.armedia.acm.files.ConfigurationFileAddedEvent]. Event base filename: [acm-config-server-repo/rules/drools-form-business-process-rules.xlsx]
[m[36m<TIMESTAMP>,112 [DEBUG] [main] com.armedia.acm.files.ConfigFileWatcher - file added: file:///tmp/blitzy/ArkCase/blitzy-<UUID>-w-053_196589/.blitzy-scratch/rt/base8/home/.arkcase/acm/acm-config-server-repo/rules/drools-assignment-rules.xlsx
[m[36m<TIMESTAMP>,112 [DEBUG] [main] com.armedia.acm.spring.SpringContextHolder - Event type: [com.armedia.acm.files.ConfigurationFileAddedEvent]. Event base filename: [acm-config-server-repo/rules/drools-assignment-rules.xlsx]
[m[36m<TIMESTAMP>,112 [DEBUG] [main] com.armedia.acm.files.ConfigFileWatcher - file added: file:///tmp/blitzy/ArkCase/blitzy-<UUID>-w-053_196589/.blitzy-scratch/rt/base8/home/.arkcase/acm/acm-config-server-repo/rules/drools-participant-assignment-rules.xlsx
[m[36m<TIMESTAMP>,112 [DEBUG] [main] com.armedia.acm.spring.SpringContextHolder - Event type: [com.armedia.acm.files.ConfigurationFileAddedEvent]. Event base filename: [acm-config-server-repo/rules/drools-participant-assignment-rules.xlsx]
[m[36m<TIMESTAMP>,112 [DEBUG] [main] com.armedia.acm.files.ConfigFileWatcher - file added: file:///tmp/blitzy/ArkCase/blitzy-<UUID>-w-053_196589/.blitzy-scratch/rt/base8/home/.arkcase/acm/acm-config-server-repo/rules/drools-on-enter-queue-rules.xlsx
[m[36m<TIMESTAMP>,112 [DEBUG] [main] com.armedia.acm.spring.SpringContextHolder - Event type: [com.armedia.acm.files.ConfigurationFileAddedEvent]. Event base filename: [acm-config-server-repo/rules/drools-on-enter-queue-rules.xlsx]
[m[36m<TIMESTAMP>,112 [DEBUG] [main] com.armedia.acm.files.ConfigFileWatcher - file added: file:///tmp/blitzy/ArkCase/blitzy-<UUID>-w-053_196589/.blitzy-scratch/rt/base8/home/.arkcase/acm/acm-config-server-repo/rules/drools-leave-current-queue-rules.xlsx
[m[36m<TIMESTAMP>,112 [DEBUG] [main] com.armedia.acm.spring.SpringContextHolder - Event type: [com.armedia.acm.files.ConfigurationFileAddedEvent]. Event base filename: [acm-config-server-repo/rules/drools-leave-current-queue-rules.xlsx]
[m[36m<TIMESTAMP>,112 [DEBUG] [main] com.armedia.acm.files.ConfigFileWatcher - file added: file:///tmp/blitzy/ArkCase/blitzy-<UUID>-w-053_196589/.blitzy-scratch/rt/base8/home/.arkcase/acm/acm-config-server-repo/rules/drools-access-control-rules.xlsx
[m[36m<TIMESTAMP>,112 [DEBUG] [main] com.armedia.acm.spring.SpringContextHolder - Event type: [com.armedia.acm.files.ConfigurationFileAddedEvent]. Event base filename: [acm-config-server-repo/rules/drools-access-control-rules.xlsx]
[m[36m<TIMESTAMP>,112 [DEBUG] [main] com.armedia.acm.files.ConfigFileWatcher - file added: file:///tmp/blitzy/ArkCase/blitzy-<UUID>-w-053_196589/.blitzy-scratch/rt/base8/home/.arkcase/acm/acm-config-server-repo/rules/drools-comprehend-medical-rules.xlsx
[m[36m<TIMESTAMP>,112 [DEBUG] [main] com.armedia.acm.spring.SpringContextHolder - Event type: [com.armedia.acm.files.ConfigurationFileAddedEvent]. Event base filename: [acm-config-server-repo/rules/drools-comprehend-medical-rules.xlsx]
[m[36m<TIMESTAMP>,113 [DEBUG] [main] com.armedia.acm.files.ConfigFileWatcher - file added: file:///tmp/blitzy/ArkCase/blitzy-<UUID>-w-053_196589/.blitzy-scratch/rt/base8/home/.arkcase/acm/acm-config-server-repo/rules/drools-consultation-rules.xlsx
[m[36m<TIMESTAMP>,113 [DEBUG] [main] com.armedia.acm.spring.SpringContextHolder - Event type: [com.armedia.acm.files.ConfigurationFileAddedEvent]. Event base filename: [acm-config-server-repo/rules/drools-consultation-rules.xlsx]
[m[36m<TIMESTAMP>,113 [DEBUG] [main] com.armedia.acm.files.ConfigFileWatcher - file added: file:///tmp/blitzy/ArkCase/blitzy-<UUID>-w-053_196589/.blitzy-scratch/rt/base8/home/.arkcase/acm/acm-config-server-repo/rules/drools-complaint-number-rules.xlsx
[m[36m<TIMESTAMP>,113 [DEBUG] [main] com.armedia.acm.spring.SpringContextHolder - Event type: [com.armedia.acm.files.ConfigurationFileAddedEvent]. Event base filename: [acm-config-server-repo/rules/drools-complaint-number-rules.xlsx]
[m[36m<TIMESTAMP>,113 [DEBUG] [main] com.armedia.acm.files.ConfigFileWatcher - file added: file:///tmp/blitzy/ArkCase/blitzy-<UUID>-w-053_196589/.blitzy-scratch/rt/base8/home/.arkcase/acm/acm-config-server-repo/rules/drools-document-repository-rules.xlsx
[m[36m<TIMESTAMP>,113 [DEBUG] [main] com.armedia.acm.spring.SpringContextHolder - Event type: [com.armedia.acm.files.ConfigurationFileAddedEvent]. Event base filename: [acm-config-server-repo/rules/drools-document-repository-rules.xlsx]
[m[36m<TIMESTAMP>,113 [DEBUG] [main] com.armedia.acm.files.ConfigFileWatcher - file added: file:///tmp/blitzy/ArkCase/blitzy-<UUID>-w-053_196589/.blitzy-scratch/rt/base8/home/.arkcase/acm/acm-config-server-repo/rules/drools-billing-invoice-rules.xlsx
[m[36m<TIMESTAMP>,113 [DEBUG] [main] com.armedia.acm.spring.SpringContextHolder - Event type: [com.armedia.acm.files.ConfigurationFileAddedEvent]. Event base filename: [acm-config-server-repo/rules/drools-billing-invoice-rules.xlsx]
[m[36m<TIMESTAMP>,113 [DEBUG] [main] com.armedia.acm.files.ConfigFileWatcher - file added: file:///tmp/blitzy/ArkCase/blitzy-<UUID>-w-053_196589/.blitzy-scratch/rt/base8/home/.arkcase/acm/acm-config-server-repo/rules/drools-case-file-rules.xlsx
[m[36m<TIMESTAMP>,113 [DEBUG] [main] com.armedia.acm.spring.SpringContextHolder - Event type: [com.armedia.acm.files.ConfigurationFileAddedEvent]. Event base filename: [acm-config-server-repo/rules/drools-case-file-rules.xlsx]
[m[36m<TIMESTAMP>,113 [DEBUG] [main] com.armedia.acm.files.ConfigFileWatcher - file added: file:///tmp/blitzy/ArkCase/blitzy-<UUID>-w-053_196589/.blitzy-scratch/rt/base8/home/.arkcase/acm/acm-config-server-repo/rules/drools-enter-queue-rules.xlsx
[m[36m<TIMESTAMP>,113 [DEBUG] [main] com.armedia.acm.spring.SpringContextHolder - Event type: [com.armedia.acm.files.ConfigurationFileAddedEvent]. Event base filename: [acm-config-server-repo/rules/drools-enter-queue-rules.xlsx]
[m[36m<TIMESTAMP>,113 [DEBUG] [main] com.armedia.acm.files.ConfigFileWatcher - file added: file:///tmp/blitzy/ArkCase/blitzy-<UUID>-w-053_196589/.blitzy-scratch/rt/base8/home/.arkcase/acm/acm-config-server-repo/rules/drools-timesheet-rules.xlsx
[m[36m<TIMESTAMP>,113 [DEBUG] [main] com.armedia.acm.spring.SpringContextHolder - Event type: [com.armedia.acm.files.ConfigurationFileAddedEvent]. Event base filename: [acm-config-server-repo/rules/drools-timesheet-rules.xlsx]
[m[36m<TIMESTAMP>,113 [DEBUG] [main] com.armedia.acm.files.ConfigFileWatcher - file added: file:///tmp/blitzy/ArkCase/blitzy-<UUID>-w-053_196589/.blitzy-scratch/rt/base8/home/.arkcase/acm/acm-config-server-repo/rules/drools-costsheet-rules.xlsx
[m[36m<TIMESTAMP>,113 [DEBUG] [main] com.armedia.acm.spring.SpringContextHolder - Event type: [com.armedia.acm.files.ConfigurationFileAddedEvent]. Event base filename: [acm-config-server-repo/rules/drools-costsheet-rules.xlsx]
[m[36m<TIMESTAMP>,113 [DEBUG] [main] com.armedia.acm.files.ConfigFileWatcher - file added: file:///tmp/blitzy/ArkCase/blitzy-<UUID>-w-053_196589/.blitzy-scratch/rt/base8/home/.arkcase/acm/acm-config-server-repo/rules/drools-split-case-file-rules.xlsx
[m[36m<TIMESTAMP>,113 [DEBUG] [main] com.armedia.acm.spring.SpringContextHolder - Event type: [com.armedia.acm.files.ConfigurationFileAddedEvent]. Event base filename: [acm-config-server-repo/rules/drools-split-case-file-rules.xlsx]
[m[36m<TIMESTAMP>,113 [DEBUG] [main] com.armedia.acm.files.ConfigFileWatcher - file added: file:///tmp/blitzy/ArkCase/blitzy-<UUID>-w-053_196589/.blitzy-scratch/rt/base8/home/.arkcase/acm/acm-config-server-repo/rules/drools-ocr-business-process-rules.xlsx
[m[36m<TIMESTAMP>,113 [DEBUG] [main] com.armedia.acm.spring.SpringContextHolder - Event type: [com.armedia.acm.files.ConfigurationFileAddedEvent]. Event base filename: [acm-config-server-repo/rules/drools-ocr-business-process-rules.xlsx]
[m[36m<TIMESTAMP>,113 [DEBUG] [main] com.armedia.acm.files.ConfigFileWatcher - file added: file:///tmp/blitzy/ArkCase/blitzy-<UUID>-w-053_196589/.blitzy-scratch/rt/base8/home/.arkcase/acm/acm-config-server-repo/rules/drools-task-rules.xlsx
[m[36m<TIMESTAMP>,113 [DEBUG] [main] com.armedia.acm.spring.SpringContextHolder - Event type: [com.armedia.acm.files.ConfigurationFileAddedEvent]. Event base filename: [acm-config-server-repo/rules/drools-task-rules.xlsx]
[m[36m<TIMESTAMP>,113 [DEBUG] [main] com.armedia.acm.files.ConfigFileWatcher - file added: file:///tmp/blitzy/ArkCase/blitzy-<UUID>-w-053_196589/.blitzy-scratch/rt/base8/home/.arkcase/acm/acm-config-server-repo/rules/drools-ocr-rules.xlsx
[m[36m<TIMESTAMP>,113 [DEBUG] [main] com.armedia.acm.spring.SpringContextHolder - Event type: [com.armedia.acm.files.ConfigurationFileAddedEvent]. Event base filename: [acm-config-server-repo/rules/drools-ocr-rules.xlsx]
[m[36m<TIMESTAMP>,113 [DEBUG] [main] com.armedia.acm.files.ConfigFileWatcher - file added: file:///tmp/blitzy/ArkCase/blitzy-<UUID>-w-053_196589/.blitzy-scratch/rt/base8/home/.arkcase/acm/acm-config-server-repo/rules/drools-comprehend-medical-business-process-rules.xlsx
[m[36m<TIMESTAMP>,113 [DEBUG] [main] com.armedia.acm.spring.SpringContextHolder - Event type: [com.armedia.acm.files.ConfigurationFileAddedEvent]. Event base filename: [acm-config-server-repo/rules/drools-comprehend-medical-business-process-rules.xlsx]
[m[36m<TIMESTAMP>,113 [DEBUG] [main] com.armedia.acm.files.ConfigFileWatcher - file added: file:///tmp/blitzy/ArkCase/blitzy-<UUID>-w-053_196589/.blitzy-scratch/rt/base8/home/.arkcase/acm/acm-config-server-repo/rules/drools-next-possible-queues-rules.xlsx
[m[36m<TIMESTAMP>,114 [DEBUG] [main] com.armedia.acm.spring.SpringContextHolder - Event type: [com.armedia.acm.files.ConfigurationFileAddedEvent]. Event base filename: [acm-config-server-repo/rules/drools-next-possible-queues-rules.xlsx]
[m[36m<TIMESTAMP>,114 [DEBUG] [main] com.armedia.acm.files.ConfigFileWatcher - file added: file:///tmp/blitzy/ArkCase/blitzy-<UUID>-w-053_196589/.blitzy-scratch/rt/base8/home/.arkcase/acm/acm-config-server-repo/rules/drools-on-leave-queue-rules.xlsx
[m[36m<TIMESTAMP>,114 [DEBUG] [main] com.armedia.acm.spring.SpringContextHolder - Event type: [com.armedia.acm.files.ConfigurationFileAddedEvent]. Event base filename: [acm-config-server-repo/rules/drools-on-leave-queue-rules.xlsx]
[m[36m<TIMESTAMP>,114 [DEBUG] [main] com.armedia.acm.files.ConfigFileWatcher - file added: file:///tmp/blitzy/ArkCase/blitzy-<UUID>-w-053_196589/.blitzy-scratch/rt/base8/home/.arkcase/acm/acm-config-server-repo/pdf-stylesheets/complaint-document.xsl
[m[36m<TIMESTAMP>,114 [DEBUG] [main] com.armedia.acm.spring.SpringContextHolder - Event type: [com.armedia.acm.files.ConfigurationFileAddedEvent]. Event base filename: [acm-config-server-repo/pdf-stylesheets/complaint-document.xsl]
[m[36m<TIMESTAMP>,114 [DEBUG] [main] com.armedia.acm.files.ConfigFileWatcher - file added: file:///tmp/blitzy/ArkCase/blitzy-<UUID>-w-053_196589/.blitzy-scratch/rt/base8/home/.arkcase/acm/acm-config-server-repo/pdf-stylesheets/consultation-document.xsl
[m[36m<TIMESTAMP>,114 [DEBUG] [main] com.armedia.acm.spring.SpringContextHolder - Event type: [com.armedia.acm.files.ConfigurationFileAddedEvent]. Event base filename: [acm-config-server-repo/pdf-stylesheets/consultation-document.xsl]
[m[36m<TIMESTAMP>,114 [DEBUG] [main] com.armedia.acm.files.ConfigFileWatcher - file added: file:///tmp/blitzy/ArkCase/blitzy-<UUID>-w-053_196589/.blitzy-scratch/rt/base8/home/.arkcase/acm/acm-config-server-repo/pdf-stylesheets/casefile-document.xsl
[m[36m<TIMESTAMP>,114 [DEBUG] [main] com.armedia.acm.spring.SpringContextHolder - Event type: [com.armedia.acm.files.ConfigurationFileAddedEvent]. Event base filename: [acm-config-server-repo/pdf-stylesheets/casefile-document.xsl]
[m[36m<TIMESTAMP>,114 [DEBUG] [main] com.armedia.acm.files.ConfigFileWatcher - file added: file:///tmp/blitzy/ArkCase/blitzy-<UUID>-w-053_196589/.blitzy-scratch/rt/base8/home/.arkcase/acm/acm-config-server-repo/pdf-stylesheets/searchexportpdf-document.xsl
[m[36m<TIMESTAMP>,114 [DEBUG] [main] com.armedia.acm.spring.SpringContextHolder - Event type: [com.armedia.acm.files.ConfigurationFileAddedEvent]. Event base filename: [acm-config-server-repo/pdf-stylesheets/searchexportpdf-document.xsl]
[m[36m<TIMESTAMP>,114 [DEBUG] [main] com.armedia.acm.files.ConfigFileWatcher - file added: file:///tmp/blitzy/ArkCase/blitzy-<UUID>-w-053_196589/.blitzy-scratch/rt/base8/home/.arkcase/acm/acm-config-server-repo/pdf-stylesheets/billing-invoice-document.xsl
[m[36m<TIMESTAMP>,114 [DEBUG] [main] com.armedia.acm.spring.SpringContextHolder - Event type: [com.armedia.acm.files.ConfigurationFileAddedEvent]. Event base filename: [acm-config-server-repo/pdf-stylesheets/billing-invoice-document.xsl]
[m[36m<TIMESTAMP>,114 [DEBUG] [main] com.armedia.acm.files.ConfigFileWatcher - file added: file:///tmp/blitzy/ArkCase/blitzy-<UUID>-w-053_196589/.blitzy-scratch/rt/base8/home/.arkcase/acm/acm-config-server-repo/pdf-stylesheets/timesheet-document.xsl
[m[36m<TIMESTAMP>,114 [DEBUG] [main] com.armedia.acm.spring.SpringContextHolder - Event type: [com.armedia.acm.files.ConfigurationFileAddedEvent]. Event base filename: [acm-config-server-repo/pdf-stylesheets/timesheet-document.xsl]
[m[36m<TIMESTAMP>,114 [DEBUG] [main] com.armedia.acm.files.ConfigFileWatcher - file added: file:///tmp/blitzy/ArkCase/blitzy-<UUID>-w-053_196589/.blitzy-scratch/rt/base8/home/.arkcase/acm/acm-config-server-repo/pdf-stylesheets/close-complaint-document.xsl
[m[36m<TIMESTAMP>,114 [DEBUG] [main] com.armedia.acm.spring.SpringContextHolder - Event type: [com.armedia.acm.files.ConfigurationFileAddedEvent]. Event base filename: [acm-config-server-repo/pdf-stylesheets/close-complaint-document.xsl]
[m[36m<TIMESTAMP>,114 [DEBUG] [main] com.armedia.acm.files.ConfigFileWatcher - file added: file:///tmp/blitzy/ArkCase/blitzy-<UUID>-w-053_196589/.blitzy-scratch/rt/base8/home/.arkcase/acm/acm-config-server-repo/pdf-stylesheets/change-case-file-state-document.xsl
[m[36m<TIMESTAMP>,114 [DEBUG] [main] com.armedia.acm.spring.SpringContextHolder - Event type: [com.armedia.acm.files.ConfigurationFileAddedEvent]. Event base filename: [acm-config-server-repo/pdf-stylesheets/change-case-file-state-document.xsl]
[m[36m<TIMESTAMP>,114 [DEBUG] [main] com.armedia.acm.files.ConfigFileWatcher - file added: file:///tmp/blitzy/ArkCase/blitzy-<UUID>-w-053_196589/.blitzy-scratch/rt/base8/home/.arkcase/acm/acm-config-server-repo/pdf-stylesheets/costsheet-document.xsl
[m[36m<TIMESTAMP>,114 [DEBUG] [main] com.armedia.acm.spring.SpringContextHolder - Event type: [com.armedia.acm.files.ConfigurationFileAddedEvent]. Event base filename: [acm-config-server-repo/pdf-stylesheets/costsheet-document.xsl]
[m[36m<TIMESTAMP>,114 [DEBUG] [main] com.armedia.acm.files.ConfigFileWatcher - file added: file:///tmp/blitzy/ArkCase/blitzy-<UUID>-w-053_196589/.blitzy-scratch/rt/base8/home/.arkcase/acm/acm-config-server-repo/pdf-stylesheets/change-consultation-state-document.xsl
[m[36m<TIMESTAMP>,114 [DEBUG] [main] com.armedia.acm.spring.SpringContextHolder - Event type: [com.armedia.acm.files.ConfigurationFileAddedEvent]. Event base filename: [acm-config-server-repo/pdf-stylesheets/change-consultation-state-document.xsl]
[m[36m<TIMESTAMP>,114 [DEBUG] [main] com.armedia.acm.files.ConfigFileWatcher - file added: file:///tmp/blitzy/ArkCase/blitzy-<UUID>-w-053_196589/.blitzy-scratch/rt/base8/home/.arkcase/acm/acm-config-server-repo/arkcase-activemq.yaml.orig
[m[36m<TIMESTAMP>,114 [DEBUG] [main] com.armedia.acm.spring.SpringContextHolder - Event type: [com.armedia.acm.files.ConfigurationFileAddedEvent]. Event base filename: [acm-config-server-repo/arkcase-activemq.yaml.orig]
[m[36m<TIMESTAMP>,114 [DEBUG] [main] com.armedia.acm.files.ConfigFileWatcher - file added: file:///tmp/blitzy/ArkCase/blitzy-<UUID>-w-053_196589/.blitzy-scratch/rt/base8/home/.arkcase/acm/acm-config-server-repo/branding/header-logo.png
[m[36m<TIMESTAMP>,114 [DEBUG] [main] com.armedia.acm.spring.SpringContextHolder - Event type: [com.armedia.acm.files.ConfigurationFileAddedEvent]. Event base filename: [acm-config-server-repo/branding/header-logo.png]
[m[36m<TIMESTAMP>,114 [DEBUG] [main] com.armedia.acm.files.ConfigFileWatcher - file added: file:///tmp/blitzy/ArkCase/blitzy-<UUID>-w-053_196589/.blitzy-scratch/rt/base8/home/.arkcase/acm/acm-config-server-repo/branding/email-logo.png
[m[36m<TIMESTAMP>,114 [DEBUG] [main] com.armedia.acm.spring.SpringContextHolder - Event type: [com.armedia.acm.files.ConfigurationFileAddedEvent]. Event base filename: [acm-config-server-repo/branding/email-logo.png]
[m[36m<TIMESTAMP>,115 [DEBUG] [main] com.armedia.acm.files.ConfigFileWatcher - file added: file:///tmp/blitzy/ArkCase/blitzy-<UUID>-w-053_196589/.blitzy-scratch/rt/base8/home/.arkcase/acm/acm-config-server-repo/branding/login-logo.png
[m[36m<TIMESTAMP>,115 [DEBUG] [main] com.armedia.acm.spring.SpringContextHolder - Event type: [com.armedia.acm.files.ConfigurationFileAddedEvent]. Event base filename: [acm-config-server-repo/branding/login-logo.png]
[m[36m<TIMESTAMP>,115 [DEBUG] [main] com.armedia.acm.files.ConfigFileWatcher - file added: file:///tmp/blitzy/ArkCase/blitzy-<UUID>-w-053_196589/.blitzy-scratch/rt/base8/home/.arkcase/acm/acm-config-server-repo/branding/custom.css
[m[36m<TIMESTAMP>,115 [DEBUG] [main] com.armedia.acm.spring.SpringContextHolder - Event type: [com.armedia.acm.files.ConfigurationFileAddedEvent]. Event base filename: [acm-config-server-repo/branding/custom.css]
[m[36m<TIMESTAMP>,115 [DEBUG] [main] com.armedia.acm.files.ConfigFileWatcher - file added: file:///tmp/blitzy/ArkCase/blitzy-<UUID>-w-053_196589/.blitzy-scratch/rt/base8/home/.arkcase/acm/acm-config-server-repo/lookups/lookups.yaml
[m[36m<TIMESTAMP>,115 [DEBUG] [main] com.armedia.acm.spring.SpringContextHolder - Event type: [com.armedia.acm.files.ConfigurationFileAddedEvent]. Event base filename: [acm-config-server-repo/lookups/lookups.yaml]
[m[36m<TIMESTAMP>,115 [DEBUG] [main] com.armedia.acm.files.ConfigFileWatcher - file added: file:///tmp/blitzy/ArkCase/blitzy-<UUID>-w-053_196589/.blitzy-scratch/rt/base8/home/.arkcase/acm/acm-config-server-repo/arkcase-runtime.yaml
[m[36m<TIMESTAMP>,115 [DEBUG] [main] com.armedia.acm.spring.SpringContextHolder - Event type: [com.armedia.acm.files.ConfigurationFileAddedEvent]. Event base filename: [acm-config-server-repo/arkcase-runtime.yaml]
[m[36m<TIMESTAMP>,115 [DEBUG] [main] com.armedia.acm.files.ConfigFileWatcher - file added: file:///tmp/blitzy/ArkCase/blitzy-<UUID>-w-053_196589/.blitzy-scratch/rt/base8/home/.arkcase/acm/acm-config-server-repo/arkcase-oidc.yaml
[m[36m<TIMESTAMP>,115 [DEBUG] [main] com.armedia.acm.spring.SpringContextHolder - Event type: [com.armedia.acm.files.ConfigurationFileAddedEvent]. Event base filename: [acm-config-server-repo/arkcase-oidc.yaml]
[m[36m<TIMESTAMP>,115 [DEBUG] [main] com.armedia.acm.files.ConfigFileWatcher - file added: file:///tmp/blitzy/ArkCase/blitzy-<UUID>-w-053_196589/.blitzy-scratch/rt/base8/home/.arkcase/acm/acm-config-server-repo/spring/auditPatterns.properties
[m[36m<TIMESTAMP>,115 [DEBUG] [main] com.armedia.acm.spring.SpringContextHolder - Event type: [com.armedia.acm.files.ConfigurationFileAddedEvent]. Event base filename: [acm-config-server-repo/spring/auditPatterns.properties]
[m[36m<TIMESTAMP>,115 [DEBUG] [main] com.armedia.acm.files.ConfigFileWatcher - file added: file:///tmp/blitzy/ArkCase/blitzy-<UUID>-w-053_196589/.blitzy-scratch/rt/base8/home/.arkcase/acm/acm-config-server-repo/spring/hazelcast-config.xml
[m[36m<TIMESTAMP>,115 [DEBUG] [main] com.armedia.acm.spring.SpringContextHolder - Event type: [com.armedia.acm.files.ConfigurationFileAddedEvent]. Event base filename: [acm-config-server-repo/spring/hazelcast-config.xml]
[m[36m<TIMESTAMP>,115 [DEBUG] [main] com.armedia.acm.files.ConfigFileWatcher - file added: file:///tmp/blitzy/ArkCase/blitzy-<UUID>-w-053_196589/.blitzy-scratch/rt/base8/home/.arkcase/acm/acm-config-server-repo/spring/quartz.properties
[m[36m<TIMESTAMP>,115 [DEBUG] [main] com.armedia.acm.spring.SpringContextHolder - Event type: [com.armedia.acm.files.ConfigurationFileAddedEvent]. Event base filename: [acm-config-server-repo/spring/quartz.properties]
[m[36m<TIMESTAMP>,115 [DEBUG] [main] com.armedia.acm.files.ConfigFileWatcher - file added: file:///tmp/blitzy/ArkCase/blitzy-<UUID>-w-053_196589/.blitzy-scratch/rt/base8/home/.arkcase/acm/templates/participantsDeleted.html
[m[36m<TIMESTAMP>,115 [DEBUG] [main] com.armedia.acm.spring.SpringContextHolder - Event type: [com.armedia.acm.files.ConfigurationFileAddedEvent]. Event base filename: [templates/participantsDeleted.html]
[m[36m<TIMESTAMP>,115 [DEBUG] [main] com.armedia.acm.files.ConfigFileWatcher - file added: file:///tmp/blitzy/ArkCase/blitzy-<UUID>-w-053_196589/.blitzy-scratch/rt/base8/home/.arkcase/acm/templates/documentLinked.html
[m[36m<TIMESTAMP>,115 [DEBUG] [main] com.armedia.acm.spring.SpringContextHolder - Event type: [com.armedia.acm.files.ConfigurationFileAddedEvent]. Event base filename: [templates/documentLinked.html]
[m[36m<TIMESTAMP>,115 [DEBUG] [main] com.armedia.acm.files.ConfigFileWatcher - file added: file:///tmp/blitzy/ArkCase/blitzy-<UUID>-w-053_196589/.blitzy-scratch/rt/base8/home/.arkcase/acm/templates/objectUnassigned.html
[m[36m<TIMESTAMP>,115 [DEBUG] [main] com.armedia.acm.spring.SpringContextHolder - Event type: [com.armedia.acm.files.ConfigurationFileAddedEvent]. Event base filename: [templates/objectUnassigned.html]
[m[36m<TIMESTAMP>,115 [DEBUG] [main] com.armedia.acm.files.ConfigFileWatcher - file added: file:///tmp/blitzy/ArkCase/blitzy-<UUID>-w-053_196589/.blitzy-scratch/rt/base8/home/.arkcase/acm/templates/taskStatusChanged.html
[m[36m<TIMESTAMP>,115 [DEBUG] [main] com.armedia.acm.spring.SpringContextHolder - Event type: [com.armedia.acm.files.ConfigurationFileAddedEvent]. Event base filename: [templates/taskStatusChanged.html]
[m[36m<TIMESTAMP>,115 [DEBUG] [main] com.armedia.acm.files.ConfigFileWatcher - file added: file:///tmp/blitzy/ArkCase/blitzy-<UUID>-w-053_196589/.blitzy-scratch/rt/base8/home/.arkcase/acm/templates/objectAssigned.html
[m[36m<TIMESTAMP>,115 [DEBUG] [main] com.armedia.acm.spring.SpringContextHolder - Event type: [com.armedia.acm.files.ConfigurationFileAddedEvent]. Event base filename: [templates/objectAssigned.html]
[m[36m<TIMESTAMP>,115 [DEBUG] [main] com.armedia.acm.files.ConfigFileWatcher - file added: file:///tmp/blitzy/ArkCase/blitzy-<UUID>-w-053_196589/.blitzy-scratch/rt/base8/home/.arkcase/acm/templates/taskUpcoming.html
[m[36m<TIMESTAMP>,115 [DEBUG] [main] com.armedia.acm.spring.SpringContextHolder - Event type: [com.armedia.acm.files.ConfigurationFileAddedEvent]. Event base filename: [templates/taskUpcoming.html]
[m[36m<TIMESTAMP>,115 [DEBUG] [main] com.armedia.acm.files.ConfigFileWatcher - file added: file:///tmp/blitzy/ArkCase/blitzy-<UUID>-w-053_196589/.blitzy-scratch/rt/base8/home/.arkcase/acm/templates/complaintPriorityChanged.html
[m[36m<TIMESTAMP>,116 [DEBUG] [main] com.armedia.acm.spring.SpringContextHolder - Event type: [com.armedia.acm.files.ConfigurationFileAddedEvent]. Event base filename: [templates/complaintPriorityChanged.html]
[m[36m<TIMESTAMP>,116 [DEBUG] [main] com.armedia.acm.files.ConfigFileWatcher - file added: file:///tmp/blitzy/ArkCase/blitzy-<UUID>-w-053_196589/.blitzy-scratch/rt/base8/home/.arkcase/acm/templates/taskCompletedNotifyCreator.html
[m[36m<TIMESTAMP>,116 [DEBUG] [main] com.armedia.acm.spring.SpringContextHolder - Event type: [com.armedia.acm.files.ConfigurationFileAddedEvent]. Event base filename: [templates/taskCompletedNotifyCreator.html]
[m[36m<TIMESTAMP>,116 [DEBUG] [main] com.armedia.acm.files.ConfigFileWatcher - file added: file:///tmp/blitzy/ArkCase/blitzy-<UUID>-w-053_196589/.blitzy-scratch/rt/base8/home/.arkcase/acm/templates/taskOverdue.html
[m[36m<TIMESTAMP>,116 [DEBUG] [main] com.armedia.acm.spring.SpringContextHolder - Event type: [com.armedia.acm.files.ConfigurationFileAddedEvent]. Event base filename: [templates/taskOverdue.html]
[m[36m<TIMESTAMP>,116 [DEBUG] [main] com.armedia.acm.files.ConfigFileWatcher - file added: file:///tmp/blitzy/ArkCase/blitzy-<UUID>-w-053_196589/.blitzy-scratch/rt/base8/home/.arkcase/acm/templates/caseStatusChanged.html
[m[36m<TIMESTAMP>,116 [DEBUG] [main] com.armedia.acm.spring.SpringContextHolder - Event type: [com.armedia.acm.files.ConfigurationFileAddedEvent]. Event base filename: [templates/caseStatusChanged.html]
[m[36m<TIMESTAMP>,116 [DEBUG] [main] com.armedia.acm.files.ConfigFileWatcher - file added: file:///tmp/blitzy/ArkCase/blitzy-<UUID>-w-053_196589/.blitzy-scratch/rt/base8/home/.arkcase/acm/templates/participantsAdded.html
[m[36m<TIMESTAMP>,116 [DEBUG] [main] com.armedia.acm.spring.SpringContextHolder - Event type: [com.armedia.acm.files.ConfigurationFileAddedEvent]. Event base filename: [templates/participantsAdded.html]
[m[36m<TIMESTAMP>,116 [DEBUG] [main] com.armedia.acm.files.ConfigFileWatcher - file added: file:///tmp/blitzy/ArkCase/blitzy-<UUID>-w-053_196589/.blitzy-scratch/rt/base8/home/.arkcase/acm/templates/billingInvoice.html
[m[36m<TIMESTAMP>,116 [DEBUG] [main] com.armedia.acm.spring.SpringContextHolder - Event type: [com.armedia.acm.files.ConfigurationFileAddedEvent]. Event base filename: [templates/billingInvoice.html]
[m[36m<TIMESTAMP>,116 [DEBUG] [main] com.armedia.acm.files.ConfigFileWatcher - file added: file:///tmp/blitzy/ArkCase/blitzy-<UUID>-w-053_196589/.blitzy-scratch/rt/base8/home/.arkcase/acm/templates/taskPriorityChanged.html
[m[36m<TIMESTAMP>,116 [DEBUG] [main] com.armedia.acm.spring.SpringContextHolder - Event type: [com.armedia.acm.files.ConfigurationFileAddedEvent]. Event base filename: [templates/taskPriorityChanged.html]
[m[36m<TIMESTAMP>,116 [DEBUG] [main] com.armedia.acm.files.ConfigFileWatcher - file added: file:///tmp/blitzy/ArkCase/blitzy-<UUID>-w-053_196589/.blitzy-scratch/rt/base8/home/.arkcase/acm/templates/documentAttachedLinked.html
[m[36m<TIMESTAMP>,116 [DEBUG] [main] com.armedia.acm.spring.SpringContextHolder - Event type: [com.armedia.acm.files.ConfigurationFileAddedEvent]. Event base filename: [templates/documentAttachedLinked.html]
[m[36m<TIMESTAMP>,116 [DEBUG] [main] com.armedia.acm.files.ConfigFileWatcher - file added: file:///tmp/blitzy/ArkCase/blitzy-<UUID>-w-053_196589/.blitzy-scratch/rt/base8/home/.arkcase/acm/templates/complaintStatusChanged.html
[m[36m<TIMESTAMP>,116 [DEBUG] [main] com.armedia.acm.spring.SpringContextHolder - Event type: [com.armedia.acm.files.ConfigurationFileAddedEvent]. Event base filename: [templates/complaintStatusChanged.html]
[m[36m<TIMESTAMP>,116 [DEBUG] [main] com.armedia.acm.files.ConfigFileWatcher - file added: file:///tmp/blitzy/ArkCase/blitzy-<UUID>-w-053_196589/.blitzy-scratch/rt/base8/home/.arkcase/acm/templates/calendarEventAdded.html
[m[36m<TIMESTAMP>,116 [DEBUG] [main] com.armedia.acm.spring.SpringContextHolder - Event type: [com.armedia.acm.files.ConfigurationFileAddedEvent]. Event base filename: [templates/calendarEventAdded.html]
[m[36m<TIMESTAMP>,116 [DEBUG] [main] com.armedia.acm.files.ConfigFileWatcher - file added: file:///tmp/blitzy/ArkCase/blitzy-<UUID>-w-053_196589/.blitzy-scratch/rt/base8/home/.arkcase/acm/templates/plainEmail.html
[m[36m<TIMESTAMP>,116 [DEBUG] [main] com.armedia.acm.spring.SpringContextHolder - Event type: [com.armedia.acm.files.ConfigurationFileAddedEvent]. Event base filename: [templates/plainEmail.html]
[m[36m<TIMESTAMP>,116 [DEBUG] [main] com.armedia.acm.files.ConfigFileWatcher - file added: file:///tmp/blitzy/ArkCase/blitzy-<UUID>-w-053_196589/.blitzy-scratch/rt/base8/home/.arkcase/acm/templates/transcribeQueued.html
[m[36m<TIMESTAMP>,116 [DEBUG] [main] com.armedia.acm.spring.SpringContextHolder - Event type: [com.armedia.acm.files.ConfigurationFileAddedEvent]. Event base filename: [templates/transcribeQueued.html]
[m[36m<TIMESTAMP>,116 [DEBUG] [main] com.armedia.acm.files.ConfigFileWatcher - file added: file:///tmp/blitzy/ArkCase/blitzy-<UUID>-w-053_196589/.blitzy-scratch/rt/base8/home/.arkcase/acm/templates/documentAttached.html
[m[36m<TIMESTAMP>,116 [DEBUG] [main] com.armedia.acm.spring.SpringContextHolder - Event type: [com.armedia.acm.files.ConfigurationFileAddedEvent]. Event base filename: [templates/documentAttached.html]
[m[36m<TIMESTAMP>,116 [DEBUG] [main] com.armedia.acm.files.ConfigFileWatcher - file added: file:///tmp/blitzy/ArkCase/blitzy-<UUID>-w-053_196589/.blitzy-scratch/rt/base8/home/.arkcase/acm/templates/assigneeConfirmationPayment.html
[m[36m<TIMESTAMP>,116 [DEBUG] [main] com.armedia.acm.spring.SpringContextHolder - Event type: [com.armedia.acm.files.ConfigurationFileAddedEvent]. Event base filename: [templates/assigneeConfirmationPayment.html]
[m[36m<TIMESTAMP>,116 [DEBUG] [main] com.armedia.acm.files.ConfigFileWatcher - file added: file:///tmp/blitzy/ArkCase/blitzy-<UUID>-w-053_196589/.blitzy-scratch/rt/base8/home/.arkcase/acm/templates/ArkCaseEmailTemplate.html
[m[36m<TIMESTAMP>,116 [DEBUG] [main] com.armedia.acm.spring.SpringContextHolder - Event type: [com.armedia.acm.files.ConfigurationFileAddedEvent]. Event base filename: [templates/ArkCaseEmailTemplate.html]
[m[36m<TIMESTAMP>,116 [DEBUG] [main] com.armedia.acm.files.ConfigFileWatcher - file added: file:///tmp/blitzy/ArkCase/blitzy-<UUID>-w-053_196589/.blitzy-scratch/rt/base8/home/.arkcase/acm/templates/forgotUsername.html
[m[36m<TIMESTAMP>,116 [DEBUG] [main] com.armedia.acm.spring.SpringContextHolder - Event type: [com.armedia.acm.files.ConfigurationFileAddedEvent]. Event base filename: [templates/forgotUsername.html]
[m[36m<TIMESTAMP>,116 [DEBUG] [main] com.armedia.acm.files.ConfigFileWatcher - file added: file:///tmp/blitzy/ArkCase/blitzy-<UUID>-w-053_196589/.blitzy-scratch/rt/base8/home/.arkcase/acm/templates/concurNonConcur.html
[m[36m<TIMESTAMP>,117 [DEBUG] [main] com.armedia.acm.spring.SpringContextHolder - Event type: [com.armedia.acm.files.ConfigurationFileAddedEvent]. Event base filename: [templates/concurNonConcur.html]
[m[36m<TIMESTAMP>,117 [DEBUG] [main] com.armedia.acm.files.ConfigFileWatcher - file added: file:///tmp/blitzy/ArkCase/blitzy-<UUID>-w-053_196589/.blitzy-scratch/rt/base8/home/.arkcase/acm/templates/transcribeStatus.html
[m[36m<TIMESTAMP>,117 [DEBUG] [main] com.armedia.acm.spring.SpringContextHolder - Event type: [com.armedia.acm.files.ConfigurationFileAddedEvent]. Event base filename: [templates/transcribeStatus.html]
[m[36m<TIMESTAMP>,117 [DEBUG] [main] com.armedia.acm.files.ConfigFileWatcher - file added: file:///tmp/blitzy/ArkCase/blitzy-<UUID>-w-053_196589/.blitzy-scratch/rt/base8/home/.arkcase/acm/templates/mentions.html
[m[36m<TIMESTAMP>,117 [DEBUG] [main] com.armedia.acm.spring.SpringContextHolder - Event type: [com.armedia.acm.files.ConfigurationFileAddedEvent]. Event base filename: [templates/mentions.html]
[m[36m<TIMESTAMP>,117 [DEBUG] [main] com.armedia.acm.files.ConfigFileWatcher - file added: file:///tmp/blitzy/ArkCase/blitzy-<UUID>-w-053_196589/.blitzy-scratch/rt/base8/home/.arkcase/acm/templates/noteAdded.html
[m[36m<TIMESTAMP>,117 [DEBUG] [main] com.armedia.acm.spring.SpringContextHolder - Event type: [com.armedia.acm.files.ConfigurationFileAddedEvent]. Event base filename: [templates/noteAdded.html]
[m[36m<TIMESTAMP>,117 [DEBUG] [main] com.armedia.acm.files.ConfigFileWatcher - file added: file:///tmp/blitzy/ArkCase/blitzy-<UUID>-w-053_196589/.blitzy-scratch/rt/base8/home/.arkcase/acm/templates/changePassword.html
[m[36m<TIMESTAMP>,117 [DEBUG] [main] com.armedia.acm.spring.SpringContextHolder - Event type: [com.armedia.acm.files.ConfigurationFileAddedEvent]. Event base filename: [templates/changePassword.html]
[m[36m<TIMESTAMP>,117 [DEBUG] [main] com.armedia.acm.files.ConfigFileWatcher - file added: file:///tmp/blitzy/ArkCase/blitzy-<UUID>-w-053_196589/.blitzy-scratch/rt/base8/home/.arkcase/acm/templates/acmDocumentSingleTaskWorkflow.html
[m[36m<TIMESTAMP>,117 [DEBUG] [main] com.armedia.acm.spring.SpringContextHolder - Event type: [com.armedia.acm.files.ConfigurationFileAddedEvent]. Event base filename: [templates/acmDocumentSingleTaskWorkflow.html]
[m[36m<TIMESTAMP>,117 [DEBUG] [main] com.armedia.acm.files.ConfigFileWatcher - file added: file:///tmp/blitzy/ArkCase/blitzy-<UUID>-w-053_196589/.blitzy-scratch/rt/base8/home/.arkcase/acm/templates/paymentConfirmation.html
[m[36m<TIMESTAMP>,117 [DEBUG] [main] com.armedia.acm.spring.SpringContextHolder - Event type: [com.armedia.acm.files.ConfigurationFileAddedEvent]. Event base filename: [templates/paymentConfirmation.html]
[m[36m<TIMESTAMP>,117 [DEBUG] [main] com.armedia.acm.files.ConfigFileWatcher - file added: file:///tmp/blitzy/ArkCase/blitzy-<UUID>-w-053_196589/.blitzy-scratch/rt/base8/home/.arkcase/acm/templates/casePriorityChanged.html
[m[36m<TIMESTAMP>,117 [DEBUG] [main] com.armedia.acm.spring.SpringContextHolder - Event type: [com.armedia.acm.files.ConfigurationFileAddedEvent]. Event base filename: [templates/casePriorityChanged.html]
[m[36m<TIMESTAMP>,117 [DEBUG] [main] com.armedia.acm.files.ConfigFileWatcher - file added: file:///tmp/blitzy/ArkCase/blitzy-<UUID>-w-053_196589/.blitzy-scratch/rt/base8/home/.arkcase/acm/sso/idp.xml
[m[36m<TIMESTAMP>,117 [DEBUG] [main] com.armedia.acm.spring.SpringContextHolder - Event type: [com.armedia.acm.files.ConfigurationFileAddedEvent]. Event base filename: [sso/idp.xml]
[m[36m<TIMESTAMP>,117 [DEBUG] [main] com.armedia.acm.files.ConfigFileWatcher - file added: file:///tmp/blitzy/ArkCase/blitzy-<UUID>-w-053_196589/.blitzy-scratch/rt/base8/home/.arkcase/acm/sso/keystore.jks
[m[36m<TIMESTAMP>,117 [DEBUG] [main] com.armedia.acm.spring.SpringContextHolder - Event type: [com.armedia.acm.files.ConfigurationFileAddedEvent]. Event base filename: [sso/keystore.jks]
[m[36m<TIMESTAMP>,117 [DEBUG] [main] com.armedia.acm.files.ConfigFileWatcher - file added: file:///tmp/blitzy/ArkCase/blitzy-<UUID>-w-053_196589/.blitzy-scratch/rt/base8/home/.arkcase/acm/sso/kerberos-login.conf
[m[36m<TIMESTAMP>,117 [DEBUG] [main] com.armedia.acm.spring.SpringContextHolder - Event type: [com.armedia.acm.files.ConfigurationFileAddedEvent]. Event base filename: [sso/kerberos-login.conf]
[m[36m<TIMESTAMP>,117 [DEBUG] [main] com.armedia.acm.files.ConfigFileWatcher - file added: file:///tmp/blitzy/ArkCase/blitzy-<UUID>-w-053_196589/.blitzy-scratch/rt/base8/home/.arkcase/acm/sso/spring-config-armedia-sso.properties
[m[36m<TIMESTAMP>,117 [DEBUG] [main] com.armedia.acm.spring.SpringContextHolder - Event type: [com.armedia.acm.files.ConfigurationFileAddedEvent]. Event base filename: [sso/spring-config-armedia-sso.properties]
[m[36m<TIMESTAMP>,117 [DEBUG] [main] com.armedia.acm.files.ConfigFileWatcher - file added: file:///tmp/blitzy/ArkCase/blitzy-<UUID>-w-053_196589/.blitzy-scratch/rt/base8/home/.arkcase/acm/lookups/localeSettings.json
[m[36m<TIMESTAMP>,117 [DEBUG] [main] com.armedia.acm.spring.SpringContextHolder - Event type: [com.armedia.acm.files.ConfigurationFileAddedEvent]. Event base filename: [lookups/localeSettings.json]
[m[36m<TIMESTAMP>,117 [DEBUG] [main] com.armedia.acm.files.ConfigFileWatcher - file added: file:///tmp/blitzy/ArkCase/blitzy-<UUID>-w-053_196589/.blitzy-scratch/rt/base8/home/.arkcase/acm/lookups/objectTypes.json
[m[36m<TIMESTAMP>,117 [DEBUG] [main] com.armedia.acm.spring.SpringContextHolder - Event type: [com.armedia.acm.files.ConfigurationFileAddedEvent]. Event base filename: [lookups/objectTypes.json]
[m[36m<TIMESTAMP>,117 [DEBUG] [main] com.armedia.acm.files.ConfigFileWatcher - file added: file:///tmp/blitzy/ArkCase/blitzy-<UUID>-w-053_196589/.blitzy-scratch/rt/base8/home/.arkcase/acm/scheduledJobs.json
[m[36m<TIMESTAMP>,117 [DEBUG] [main] com.armedia.acm.spring.SpringContextHolder - Event type: [com.armedia.acm.files.ConfigurationFileAddedEvent]. Event base filename: [scheduledJobs.json]
[m[36m<TIMESTAMP>,117 [DEBUG] [main] com.armedia.acm.files.ConfigFileWatcher - file added: file:///tmp/blitzy/ArkCase/blitzy-<UUID>-w-053_196589/.blitzy-scratch/rt/base8/home/.arkcase/acm/spring/proxy-config/spring-config-proxy.xml
[m[36m<TIMESTAMP>,117 [DEBUG] [main] com.armedia.acm.spring.SpringContextHolder - Event type: [com.armedia.acm.files.ConfigurationFileAddedEvent]. Event base filename: [spring/proxy-config/spring-config-proxy.xml]
[m[36m<TIMESTAMP>,117 [DEBUG] [main] com.armedia.acm.files.ConfigFileWatcher - file added: file:///tmp/blitzy/ArkCase/blitzy-<UUID>-w-053_196589/.blitzy-scratch/rt/base8/home/.arkcase/acm/spring/spring-config-kerberos.properties
[m[36m<TIMESTAMP>,118 [DEBUG] [main] com.armedia.acm.spring.SpringContextHolder - Event type: [com.armedia.acm.files.ConfigurationFileAddedEvent]. Event base filename: [spring/spring-config-kerberos.properties]
[m[36m<TIMESTAMP>,118 [DEBUG] [main] com.armedia.acm.files.ConfigFileWatcher - file added: file:///tmp/blitzy/ArkCase/blitzy-<UUID>-w-053_196589/.blitzy-scratch/rt/base8/home/.arkcase/acm/spring/spring-config-saml.properties
[m[36m<TIMESTAMP>,118 [DEBUG] [main] com.armedia.acm.spring.SpringContextHolder - Event type: [com.armedia.acm.files.ConfigurationFileAddedEvent]. Event base filename: [spring/spring-config-saml.properties]
[m[36m<TIMESTAMP>,118 [DEBUG] [main] com.armedia.acm.files.ConfigFileWatcher - file added: file:///tmp/blitzy/ArkCase/blitzy-<UUID>-w-053_196589/.blitzy-scratch/rt/base8/home/.arkcase/acm/reports/static/reports/arkcase
[m[36m<TIMESTAMP>,118 [DEBUG] [main] com.armedia.acm.spring.SpringContextHolder - Event type: [com.armedia.acm.files.ConfigurationFileAddedEvent]. Event base filename: [reports/static/reports/arkcase]
[m[36m<TIMESTAMP>,118 [DEBUG] [main] com.armedia.acm.files.ConfigFileWatcher - file added: file:///tmp/blitzy/ArkCase/blitzy-<UUID>-w-053_196589/.blitzy-scratch/rt/base8/home/.arkcase/acm/reports/static/reports/arkcase-audit
[m[36m<TIMESTAMP>,118 [DEBUG] [main] com.armedia.acm.spring.SpringContextHolder - Event type: [com.armedia.acm.files.ConfigurationFileAddedEvent]. Event base filename: [reports/static/reports/arkcase-audit]
[m[36m<TIMESTAMP>,118 [DEBUG] [main] com.armedia.acm.files.ConfigFileWatcher - file added: file:///tmp/blitzy/ArkCase/blitzy-<UUID>-w-053_196589/.blitzy-scratch/rt/base8/home/.arkcase/acm/reports/static/reports
[m[36m<TIMESTAMP>,118 [DEBUG] [main] com.armedia.acm.spring.SpringContextHolder - Event type: [com.armedia.acm.files.ConfigurationFileAddedEvent]. Event base filename: [reports/static/reports]
[m[36m<TIMESTAMP>,118 [DEBUG] [main] com.armedia.acm.files.ConfigFileWatcher - file added: file:///tmp/blitzy/ArkCase/blitzy-<UUID>-w-053_196589/.blitzy-scratch/rt/base8/home/.arkcase/acm/reports/static
[m[36m<TIMESTAMP>,118 [DEBUG] [main] com.armedia.acm.spring.SpringContextHolder - Event type: [com.armedia.acm.files.ConfigurationFileAddedEvent]. Event base filename: [reports/static]
[m[36m<TIMESTAMP>,118 [DEBUG] [main] com.armedia.acm.files.ConfigFileWatcher - file added: file:///tmp/blitzy/ArkCase/blitzy-<UUID>-w-053_196589/.blitzy-scratch/rt/base8/home/.arkcase/acm/reports/interactive/datasources
[m[36m<TIMESTAMP>,118 [DEBUG] [main] com.armedia.acm.spring.SpringContextHolder - Event type: [com.armedia.acm.files.ConfigurationFileAddedEvent]. Event base filename: [reports/interactive/datasources]
[m[36m<TIMESTAMP>,118 [DEBUG] [main] com.armedia.acm.files.ConfigFileWatcher - file added: file:///tmp/blitzy/ArkCase/blitzy-<UUID>-w-053_196589/.blitzy-scratch/rt/base8/home/.arkcase/acm/reports/interactive
[m[36m<TIMESTAMP>,118 [DEBUG] [main] com.armedia.acm.spring.SpringContextHolder - Event type: [com.armedia.acm.files.ConfigurationFileAddedEvent]. Event base filename: [reports/interactive]
[m[36m<TIMESTAMP>,118 [DEBUG] [main] com.armedia.acm.files.ConfigFileWatcher - file added: file:///tmp/blitzy/ArkCase/blitzy-<UUID>-w-053_196589/.blitzy-scratch/rt/base8/home/.arkcase/acm/reports
[m[36m<TIMESTAMP>,118 [DEBUG] [main] com.armedia.acm.spring.SpringContextHolder - Event type: [com.armedia.acm.files.ConfigurationFileAddedEvent]. Event base filename: [reports]
[m[36m<TIMESTAMP>,118 [DEBUG] [main] com.armedia.acm.files.ConfigFileWatcher - file added: file:///tmp/blitzy/ArkCase/blitzy-<UUID>-w-053_196589/.blitzy-scratch/rt/base8/home/.arkcase/acm/ephesoft/oxm
[m[36m<TIMESTAMP>,118 [DEBUG] [main] com.armedia.acm.spring.SpringContextHolder - Event type: [com.armedia.acm.files.ConfigurationFileAddedEvent]. Event base filename: [ephesoft/oxm]
[m[36m<TIMESTAMP>,118 [DEBUG] [main] com.armedia.acm.files.ConfigFileWatcher - file added: file:///tmp/blitzy/ArkCase/blitzy-<UUID>-w-053_196589/.blitzy-scratch/rt/base8/home/.arkcase/acm/ephesoft
[m[36m<TIMESTAMP>,118 [DEBUG] [main] com.armedia.acm.spring.SpringContextHolder - Event type: [com.armedia.acm.files.ConfigurationFileAddedEvent]. Event base filename: [ephesoft]
[m[36m<TIMESTAMP>,118 [DEBUG] [main] com.armedia.acm.files.ConfigFileWatcher - file added: file:///tmp/blitzy/ArkCase/blitzy-<UUID>-w-053_196589/.blitzy-scratch/rt/base8/home/.arkcase/acm/encryption
[m[36m<TIMESTAMP>,118 [DEBUG] [main] com.armedia.acm.spring.SpringContextHolder - Event type: [com.armedia.acm.files.ConfigurationFileAddedEvent]. Event base filename: [encryption]
[m[36m<TIMESTAMP>,118 [DEBUG] [main] com.armedia.acm.files.ConfigFileWatcher - file added: file:///tmp/blitzy/ArkCase/blitzy-<UUID>-w-053_196589/.blitzy-scratch/rt/base8/home/.arkcase/acm/private
[m[36m<TIMESTAMP>,118 [DEBUG] [main] com.armedia.acm.spring.SpringContextHolder - Event type: [com.armedia.acm.files.ConfigurationFileAddedEvent]. Event base filename: [private]
[m[36m<TIMESTAMP>,118 [DEBUG] [main] com.armedia.acm.files.ConfigFileWatcher - file added: file:///tmp/blitzy/ArkCase/blitzy-<UUID>-w-053_196589/.blitzy-scratch/rt/base8/home/.arkcase/acm/cmis/cmis-config-templates
[m[36m<TIMESTAMP>,118 [DEBUG] [main] com.armedia.acm.spring.SpringContextHolder - Event type: [com.armedia.acm.files.ConfigurationFileAddedEvent]. Event base filename: [cmis/cmis-config-templates]
[m[36m<TIMESTAMP>,118 [DEBUG] [main] com.armedia.acm.files.ConfigFileWatcher - file added: file:///tmp/blitzy/ArkCase/blitzy-<UUID>-w-053_196589/.blitzy-scratch/rt/base8/home/.arkcase/acm/cmis
[m[36m<TIMESTAMP>,118 [DEBUG] [main] com.armedia.acm.spring.SpringContextHolder - Event type: [com.armedia.acm.files.ConfigurationFileAddedEvent]. Event base filename: [cmis]
[m[36m<TIMESTAMP>,118 [DEBUG] [main] com.armedia.acm.files.ConfigFileWatcher - file added: file:///tmp/blitzy/ArkCase/blitzy-<UUID>-w-053_196589/.blitzy-scratch/rt/base8/home/.arkcase/acm/load-spring
[m[36m<TIMESTAMP>,118 [DEBUG] [main] com.armedia.acm.spring.SpringContextHolder - Event type: [com.armedia.acm.files.ConfigurationFileAddedEvent]. Event base filename: [load-spring]
[m[36m<TIMESTAMP>,118 [DEBUG] [main] com.armedia.acm.files.ConfigFileWatcher - file added: file:///tmp/blitzy/ArkCase/blitzy-<UUID>-w-053_196589/.blitzy-scratch/rt/base8/home/.arkcase/acm/spring-security
[m[36m<TIMESTAMP>,118 [DEBUG] [main] com.armedia.acm.spring.SpringContextHolder - Event type: [com.armedia.acm.files.ConfigurationFileAddedEvent]. Event base filename: [spring-security]
[m[36m<TIMESTAMP>,119 [DEBUG] [main] com.armedia.acm.files.ConfigFileWatcher - file added: file:///tmp/blitzy/ArkCase/blitzy-<UUID>-w-053_196589/.blitzy-scratch/rt/base8/home/.arkcase/acm/activiti/temp
[m[36m<TIMESTAMP>,119 [DEBUG] [main] com.armedia.acm.spring.SpringContextHolder - Event type: [com.armedia.acm.files.ConfigurationFileAddedEvent]. Event base filename: [activiti/temp]
[m[36m<TIMESTAMP>,119 [DEBUG] [main] com.armedia.acm.files.ConfigFileWatcher - file added: file:///tmp/blitzy/ArkCase/blitzy-<UUID>-w-053_196589/.blitzy-scratch/rt/base8/home/.arkcase/acm/activiti
[m[36m<TIMESTAMP>,119 [DEBUG] [main] com.armedia.acm.spring.SpringContextHolder - Event type: [com.armedia.acm.files.ConfigurationFileAddedEvent]. Event base filename: [activiti]
[m[36m<TIMESTAMP>,119 [DEBUG] [main] com.armedia.acm.files.ConfigFileWatcher - file added: file:///tmp/blitzy/ArkCase/blitzy-<UUID>-w-053_196589/.blitzy-scratch/rt/base8/home/.arkcase/acm/correspondenceTemplates
[m[36m<TIMESTAMP>,119 [DEBUG] [main] com.armedia.acm.spring.SpringContextHolder - Event type: [com.armedia.acm.files.ConfigurationFileAddedEvent]. Event base filename: [correspondenceTemplates]
[m[36m<TIMESTAMP>,119 [DEBUG] [main] com.armedia.acm.files.ConfigFileWatcher - file added: file:///tmp/blitzy/ArkCase/blitzy-<UUID>-w-053_196589/.blitzy-scratch/rt/base8/home/.arkcase/acm/acm-config-server-repo/labels
[m[36m<TIMESTAMP>,119 [DEBUG] [main] com.armedia.acm.spring.SpringContextHolder - Event type: [com.armedia.acm.files.ConfigurationFileAddedEvent]. Event base filename: [acm-config-server-repo/labels]
[m[36m<TIMESTAMP>,119 [DEBUG] [main] com.armedia.acm.files.ConfigFileWatcher - file added: file:///tmp/blitzy/ArkCase/blitzy-<UUID>-w-053_196589/.blitzy-scratch/rt/base8/home/.arkcase/acm/acm-config-server-repo/ldap
[m[36m<TIMESTAMP>,119 [DEBUG] [main] com.armedia.acm.spring.SpringContextHolder - Event type: [com.armedia.acm.files.ConfigurationFileAddedEvent]. Event base filename: [acm-config-server-repo/ldap]
[m[36m<TIMESTAMP>,119 [DEBUG] [main] com.armedia.acm.files.ConfigFileWatcher - file added: file:///tmp/blitzy/ArkCase/blitzy-<UUID>-w-053_196589/.blitzy-scratch/rt/base8/home/.arkcase/acm/acm-config-server-repo/rules
[m[36m<TIMESTAMP>,119 [DEBUG] [main] com.armedia.acm.spring.SpringContextHolder - Event type: [com.armedia.acm.files.ConfigurationFileAddedEvent]. Event base filename: [acm-config-server-repo/rules]
[m[36m<TIMESTAMP>,119 [DEBUG] [main] com.armedia.acm.files.ConfigFileWatcher - file added: file:///tmp/blitzy/ArkCase/blitzy-<UUID>-w-053_196589/.blitzy-scratch/rt/base8/home/.arkcase/acm/acm-config-server-repo/pdf-stylesheets
[m[36m<TIMESTAMP>,119 [DEBUG] [main] com.armedia.acm.spring.SpringContextHolder - Event type: [com.armedia.acm.files.ConfigurationFileAddedEvent]. Event base filename: [acm-config-server-repo/pdf-stylesheets]
[m[36m<TIMESTAMP>,119 [DEBUG] [main] com.armedia.acm.files.ConfigFileWatcher - file added: file:///tmp/blitzy/ArkCase/blitzy-<UUID>-w-053_196589/.blitzy-scratch/rt/base8/home/.arkcase/acm/acm-config-server-repo/branding
[m[36m<TIMESTAMP>,119 [DEBUG] [main] com.armedia.acm.spring.SpringContextHolder - Event type: [com.armedia.acm.files.ConfigurationFileAddedEvent]. Event base filename: [acm-config-server-repo/branding]
[m[36m<TIMESTAMP>,119 [DEBUG] [main] com.armedia.acm.files.ConfigFileWatcher - file added: file:///tmp/blitzy/ArkCase/blitzy-<UUID>-w-053_196589/.blitzy-scratch/rt/base8/home/.arkcase/acm/acm-config-server-repo/lookups
[m[36m<TIMESTAMP>,119 [DEBUG] [main] com.armedia.acm.spring.SpringContextHolder - Event type: [com.armedia.acm.files.ConfigurationFileAddedEvent]. Event base filename: [acm-config-server-repo/lookups]
[m[36m<TIMESTAMP>,119 [DEBUG] [main] com.armedia.acm.files.ConfigFileWatcher - file added: file:///tmp/blitzy/ArkCase/blitzy-<UUID>-w-053_196589/.blitzy-scratch/rt/base8/home/.arkcase/acm/acm-config-server-repo/spring
[m[36m<TIMESTAMP>,119 [DEBUG] [main] com.armedia.acm.spring.SpringContextHolder - Event type: [com.armedia.acm.files.ConfigurationFileAddedEvent]. Event base filename: [acm-config-server-repo/spring]
[m[36m<TIMESTAMP>,119 [DEBUG] [main] com.armedia.acm.files.ConfigFileWatcher - file added: file:///tmp/blitzy/ArkCase/blitzy-<UUID>-w-053_196589/.blitzy-scratch/rt/base8/home/.arkcase/acm/acm-config-server-repo
[m[36m<TIMESTAMP>,119 [DEBUG] [main] com.armedia.acm.spring.SpringContextHolder - Event type: [com.armedia.acm.files.ConfigurationFileAddedEvent]. Event base filename: [acm-config-server-repo]
[m[36m<TIMESTAMP>,119 [DEBUG] [main] com.armedia.acm.files.ConfigFileWatcher - file added: file:///tmp/blitzy/ArkCase/blitzy-<UUID>-w-053_196589/.blitzy-scratch/rt/base8/home/.arkcase/acm/templates
[m[36m<TIMESTAMP>,119 [DEBUG] [main] com.armedia.acm.spring.SpringContextHolder - Event type: [com.armedia.acm.files.ConfigurationFileAddedEvent]. Event base filename: [templates]
[m[36m<TIMESTAMP>,119 [DEBUG] [main] com.armedia.acm.files.ConfigFileWatcher - file added: file:///tmp/blitzy/ArkCase/blitzy-<UUID>-w-053_196589/.blitzy-scratch/rt/base8/home/.arkcase/acm/sso
[m[36m<TIMESTAMP>,119 [DEBUG] [main] com.armedia.acm.spring.SpringContextHolder - Event type: [com.armedia.acm.files.ConfigurationFileAddedEvent]. Event base filename: [sso]
[m[36m<TIMESTAMP>,119 [DEBUG] [main] com.armedia.acm.files.ConfigFileWatcher - file added: file:///tmp/blitzy/ArkCase/blitzy-<UUID>-w-053_196589/.blitzy-scratch/rt/base8/home/.arkcase/acm/lookups
[m[36m<TIMESTAMP>,119 [DEBUG] [main] com.armedia.acm.spring.SpringContextHolder - Event type: [com.armedia.acm.files.ConfigurationFileAddedEvent]. Event base filename: [lookups]
[m[36m<TIMESTAMP>,119 [DEBUG] [main] com.armedia.acm.files.ConfigFileWatcher - file added: file:///tmp/blitzy/ArkCase/blitzy-<UUID>-w-053_196589/.blitzy-scratch/rt/base8/home/.arkcase/acm/spring/proxy-config
[m[36m<TIMESTAMP>,119 [DEBUG] [main] com.armedia.acm.spring.SpringContextHolder - Event type: [com.armedia.acm.files.ConfigurationFileAddedEvent]. Event base filename: [spring/proxy-config]
[m[36m<TIMESTAMP>,119 [DEBUG] [main] com.armedia.acm.files.ConfigFileWatcher - file added: file:///tmp/blitzy/ArkCase/blitzy-<UUID>-w-053_196589/.blitzy-scratch/rt/base8/home/.arkcase/acm/spring
[m[36m<TIMESTAMP>,119 [DEBUG] [main] com.armedia.acm.spring.SpringContextHolder - Event type: [com.armedia.acm.files.ConfigurationFileAddedEvent]. Event base filename: [spring]
[m[36m<TIMESTAMP>,120 [DEBUG] [main] com.armedia.acm.files.ConfigFileWatcher - file added: file:///tmp/blitzy/ArkCase/blitzy-<UUID>-w-053_196589/.blitzy-scratch/rt/base8/home/.arkcase/acm
[m[36m<TIMESTAMP>,120 [DEBUG] [main] com.armedia.acm.spring.SpringContextHolder - Event type: [com.armedia.acm.files.ConfigurationFileAddedEvent]. Event base filename: []
[m[32m<TIMESTAMP>,239 [INFO ] [main] com.armedia.acm.files.ConfigFileController - Monitoring config folder [file:///tmp/blitzy/ArkCase/blitzy-<UUID>-w-053_196589/.blitzy-scratch/rt/base8/home/.arkcase/acm]
[m[36m<TIMESTAMP>,281 [DEBUG] [main] com.armedia.acm.files.FileWatcher - Looking for files in folder 'file:///tmp/blitzy/ArkCase/blitzy-<UUID>-w-053_196589/.blitzy-scratch/rt/base8/home/.arkcase/capture'
[m[36m<TIMESTAMP>,351 [DEBUG] [main] com.armedia.acm.files.FileController - Start monitoring watch folder 'file:///tmp/blitzy/ArkCase/blitzy-<UUID>-w-053_196589/.blitzy-scratch/rt/base8/home/.arkcase/capture'
[m[36m<TIMESTAMP>,386 [DEBUG] [main] com.armedia.acm.files.capture.ConvertedFileWatcher - The application event publisher has been set!
[m[36m<TIMESTAMP>,391 [DEBUG] [main] com.armedia.acm.files.capture.ConvertedFileWatcher - The application context has been set!
[m[36m<TIMESTAMP>,391 [DEBUG] [main] com.armedia.acm.files.capture.ConvertedFileWatcher - Looking for files in: file:///tmp/blitzy/ArkCase/blitzy-<UUID>-w-053_196589/.blitzy-scratch/rt/base8/home/.arkcase/processed
[m[36m<TIMESTAMP>,391 [DEBUG] [main] com.armedia.acm.files.capture.ConvertedFileWatcher - Raising event for file file:///tmp/blitzy/ArkCase/blitzy-<UUID>-w-053_196589/.blitzy-scratch/rt/base8/home/.arkcase/processed/.gitkeep
[m[36m<TIMESTAMP>,391 [DEBUG] [main] com.armedia.acm.files.capture.ConvertedFileWatcher - file added: file:///tmp/blitzy/ArkCase/blitzy-<UUID>-w-053_196589/.blitzy-scratch/rt/base8/home/.arkcase/processed/.gitkeep
[m[36m<TIMESTAMP>,391 [DEBUG] [main] com.armedia.acm.files.capture.ConvertedFileWatcher - Raising event for file file:///tmp/blitzy/ArkCase/blitzy-<UUID>-w-053_196589/.blitzy-scratch/rt/base8/home/.arkcase/processed
[m[36m<TIMESTAMP>,391 [DEBUG] [main] com.armedia.acm.files.capture.ConvertedFileWatcher - file added: file:///tmp/blitzy/ArkCase/blitzy-<UUID>-w-053_196589/.blitzy-scratch/rt/base8/home/.arkcase/processed
[m[36m<TIMESTAMP>,471 [DEBUG] [main] com.armedia.acm.files.capture.ConvertedFileController - Monitoring converted files folder file:///tmp/blitzy/ArkCase/blitzy-<UUID>-w-053_196589/.blitzy-scratch/rt/base8/home/.arkcase/processed
[m[32m<TIMESTAMP>,497 [INFO ] [main] com.armedia.acm.web.api.MDCThreadPoolTaskExecutor - Initializing ExecutorService 'fileParticipantsThreadPoolTaskExecutor'
[m[32m<TIMESTAMP>,708 [INFO ] [main] com.armedia.acm.pluginmanager.service.AcmPluginManager - 32 plugin(s) found.
[m[36m<TIMESTAMP>,709 [DEBUG] [main] com.armedia.acm.pluginmanager.service.AcmPluginManager - Registering plugin 'acmConfigPlugin' of type 'com.armedia.acm.pluginmanager.model.AcmPlugin'.
[m[36m<TIMESTAMP>,709 [DEBUG] [main] com.armedia.acm.pluginmanager.service.AcmPluginManager - Registering plugin 'reportPlugin' of type 'com.armedia.acm.pluginmanager.model.AcmPlugin'.
[m[36m<TIMESTAMP>,709 [DEBUG] [main] com.armedia.acm.pluginmanager.service.AcmPluginManager - Registering plugin 'auditPlugin' of type 'com.armedia.acm.pluginmanager.model.AcmPlugin'.
[m[36m<TIMESTAMP>,709 [DEBUG] [main] com.armedia.acm.pluginmanager.service.AcmPluginManager - Registering plugin 'dataAccessPlugin' of type 'com.armedia.acm.pluginmanager.model.AcmPlugin'.
[m[36m<TIMESTAMP>,709 [DEBUG] [main] com.armedia.acm.pluginmanager.service.AcmPluginManager - Registering plugin 'acmNotificationPlugin' of type 'com.armedia.acm.pluginmanager.model.AcmPlugin'.
[m[36m<TIMESTAMP>,709 [DEBUG] [main] com.armedia.acm.pluginmanager.service.AcmPluginManager - Registering plugin 'pluginSearch' of type 'com.armedia.acm.pluginmanager.model.AcmPlugin'.
[m[36m<TIMESTAMP>,709 [DEBUG] [main] com.armedia.acm.pluginmanager.service.AcmPluginManager - Registering plugin 'acmSaveNotePlugin' of type 'com.armedia.acm.pluginmanager.model.AcmPlugin'.
[m[36m<TIMESTAMP>,709 [DEBUG] [main] com.armedia.acm.pluginmanager.service.AcmPluginManager - Registering plugin 'acmDeleteNoteByIdPlugin' of type 'com.armedia.acm.pluginmanager.model.AcmPlugin'.
[m[36m<TIMESTAMP>,709 [DEBUG] [main] com.armedia.acm.pluginmanager.service.AcmPluginManager - Registering plugin 'acmListNotesPlugin' of type 'com.armedia.acm.pluginmanager.model.AcmPlugin'.
[m[36m<TIMESTAMP>,709 [DEBUG] [main] com.armedia.acm.pluginmanager.service.AcmPluginManager - Registering plugin 'participantPlugin' of type 'com.armedia.acm.pluginmanager.model.AcmPlugin'.
[m[36m<TIMESTAMP>,709 [DEBUG] [main] com.armedia.acm.pluginmanager.service.AcmPluginManager - Registering plugin 'adminPlugin' of type 'com.armedia.acm.pluginmanager.model.AcmPlugin'.
[m[36m<TIMESTAMP>,709 [DEBUG] [main] com.armedia.acm.pluginmanager.service.AcmPluginManager - Registering plugin 'helloWorldPlugin' of type 'com.armedia.acm.pluginmanager.model.AcmPlugin'.
[m[36m<TIMESTAMP>,709 [DEBUG] [main] com.armedia.acm.pluginmanager.service.AcmPluginManager - Registering plugin 'acmSampleBlogPlugin' of type 'com.armedia.acm.pluginmanager.model.AcmPlugin'.
[m[36m<TIMESTAMP>,709 [DEBUG] [main] com.armedia.acm.pluginmanager.service.AcmPluginManager - Registering plugin 'profilePlugin' of type 'com.armedia.acm.pluginmanager.model.AcmPlugin'.
[m[36m<TIMESTAMP>,709 [DEBUG] [main] com.armedia.acm.pluginmanager.service.AcmPluginManager - Registering plugin 'subscriptionPlugin' of type 'com.armedia.acm.pluginmanager.model.AcmPlugin'.
[m[36m<TIMESTAMP>,709 [DEBUG] [main] com.armedia.acm.pluginmanager.service.AcmPluginManager - Registering plugin 'ecmFilePlugin' of type 'com.armedia.acm.pluginmanager.model.AcmPlugin'.
[m[36m<TIMESTAMP>,709 [DEBUG] [main] com.armedia.acm.pluginmanager.service.AcmPluginManager - Registering plugin 'acmGenerateCorrespondencePlugin' of type 'com.armedia.acm.pluginmanager.model.AcmPlugin'.
[m[36m<TIMESTAMP>,709 [DEBUG] [main] com.armedia.acm.pluginmanager.service.AcmPluginManager - Registering plugin 'acmCostsheetPlugin' of type 'com.armedia.acm.pluginmanager.model.AcmPlugin'.
[m[36m<TIMESTAMP>,709 [DEBUG] [main] com.armedia.acm.pluginmanager.service.AcmPluginManager - Registering plugin 'milestonePlugin' of type 'com.armedia.acm.pluginmanager.model.AcmPlugin'.
[m[36m<TIMESTAMP>,709 [DEBUG] [main] com.armedia.acm.pluginmanager.service.AcmPluginManager - Registering plugin 'documentRepositoryPlugin' of type 'com.armedia.acm.pluginmanager.model.AcmPlugin'.
[m[36m<TIMESTAMP>,709 [DEBUG] [main] com.armedia.acm.pluginmanager.service.AcmPluginManager - Registering plugin 'msOutlookPlugin' of type 'com.armedia.acm.pluginmanager.model.AcmPlugin'.
[m[36m<TIMESTAMP>,709 [DEBUG] [main] com.armedia.acm.pluginmanager.service.AcmPluginManager - Registering plugin 'tagPlugin' of type 'com.armedia.acm.pluginmanager.model.AcmPlugin'.
[m[36m<TIMESTAMP>,709 [DEBUG] [main] com.armedia.acm.pluginmanager.service.AcmPluginManager - Registering plugin 'acmTimesheetPlugin' of type 'com.armedia.acm.pluginmanager.model.AcmPlugin'.
[m[36m<TIMESTAMP>,709 [DEBUG] [main] com.armedia.acm.pluginmanager.service.AcmPluginManager - Registering plugin 'acmSignatureConfirmPlugin' of type 'com.armedia.acm.pluginmanager.model.AcmPlugin'.
[m[36m<TIMESTAMP>,709 [DEBUG] [main] com.armedia.acm.pluginmanager.service.AcmPluginManager - Registering plugin 'acmSignatureFindPlugin' of type 'com.armedia.acm.pluginmanager.model.AcmPlugin'.
[m[36m<TIMESTAMP>,709 [DEBUG] [main] com.armedia.acm.pluginmanager.service.AcmPluginManager - Registering plugin 'acmConsultationPlugin' of type 'com.armedia.acm.pluginmanager.model.AcmPlugin'.
[m[36m<TIMESTAMP>,709 [DEBUG] [main] com.armedia.acm.pluginmanager.service.AcmPluginManager - Registering plugin 'dashboardPlugin' of type 'com.armedia.acm.pluginmanager.model.AcmPlugin'.
[m[36m<TIMESTAMP>,709 [DEBUG] [main] com.armedia.acm.pluginmanager.service.AcmPluginManager - Registering plugin 'personPlugin' of type 'com.armedia.acm.pluginmanager.model.AcmPlugin'.
[m[36m<TIMESTAMP>,709 [DEBUG] [main] com.armedia.acm.pluginmanager.service.AcmPluginManager - Registering plugin 'personAssociationPlugin' of type 'com.armedia.acm.pluginmanager.model.AcmPlugin'.
[m[36m<TIMESTAMP>,709 [DEBUG] [main] com.armedia.acm.pluginmanager.service.AcmPluginManager - Registering plugin 'acmCasePlugin' of type 'com.armedia.acm.pluginmanager.model.AcmPlugin'.
[m[36m<TIMESTAMP>,709 [DEBUG] [main] com.armedia.acm.pluginmanager.service.AcmPluginManager - Registering plugin 'complaintPlugin' of type 'com.armedia.acm.pluginmanager.model.AcmPlugin'.
[m[36m<TIMESTAMP>,709 [DEBUG] [main] com.armedia.acm.pluginmanager.service.AcmPluginManager - Registering plugin 'taskPlugin' of type 'com.armedia.acm.pluginmanager.model.AcmPlugin'.
[m[36m<TIMESTAMP>,357 [DEBUG] [main] com.armedia.acm.services.costsheet.service.SaveCostsheetBusinessRule - Getting rules from rules/drools-costsheet-rules.xlsx
[m[36m<TIMESTAMP>,851 [DEBUG] [main] com.armedia.acm.services.costsheet.service.SaveCostsheetBusinessRule - Updated business rules from file 'drools-costsheet-rules.xlsx'
[m[36m<TIMESTAMP>,168 [DEBUG] [main] com.armedia.acm.services.billing.rules.BillingInvoiceBusinessRule - Getting rules from rules/drools-billing-invoice-rules.xlsx
[m[36m<TIMESTAMP>,363 [DEBUG] [main] com.armedia.acm.services.billing.rules.BillingInvoiceBusinessRule - Updated business rules from file 'drools-billing-invoice-rules.xlsx'
[m[36m<TIMESTAMP>,455 [DEBUG] [main] com.armedia.acm.services.timesheet.service.SaveTimesheetBusinessRule - Getting rules from rules/drools-timesheet-rules.xlsx
[m[36m<TIMESTAMP>,621 [DEBUG] [main] com.armedia.acm.services.timesheet.service.SaveTimesheetBusinessRule - Updated business rules from file 'drools-timesheet-rules.xlsx'
[m[36m<TIMESTAMP>,530 [DEBUG] [main] com.armedia.acm.plugins.documentrepository.service.SaveDocumentRepositoryBusinessRule - Getting rules from rules/drools-document-repository-rules.xlsx
[m[36m<TIMESTAMP>,676 [DEBUG] [main] com.armedia.acm.plugins.documentrepository.service.SaveDocumentRepositoryBusinessRule - Updated business rules from file 'drools-document-repository-rules.xlsx'
[m[36m<TIMESTAMP>,844 [DEBUG] [main] com.armedia.acm.plugins.consultation.service.SaveConsultationBusinessRule - Getting rules from rules/drools-consultation-rules.xlsx
[m[36m<TIMESTAMP>,072 [DEBUG] [main] com.armedia.acm.plugins.consultation.service.SaveConsultationBusinessRule - Updated business rules from file 'drools-consultation-rules.xlsx'
[m[32m<TIMESTAMP>,836 [INFO ] [main] org.springframework.aop.framework.CglibAopProxy - Unable to proxy interface-implementing method [public final void org.springframework.integration.context.IntegrationObjectSupport.afterPropertiesSet()] because it is marked as final: Consider using interface-based JDK proxies instead!
[m[32m<TIMESTAMP>,836 [INFO ] [main] org.springframework.aop.framework.CglibAopProxy - Unable to proxy interface-implementing method [public final void org.springframework.integration.context.IntegrationObjectSupport.setBeanName(java.lang.String)] because it is marked as final: Consider using interface-based JDK proxies instead!
[m[36m<TIMESTAMP>,252 [DEBUG] [main] com.armedia.acm.plugins.casefile.service.CaseFileNextPossibleQueuesBusinessRule - Getting rules from rules/drools-next-possible-queues-rules.xlsx
[m[36m<TIMESTAMP>,406 [DEBUG] [main] com.armedia.acm.plugins.casefile.service.CaseFileNextPossibleQueuesBusinessRule - Updated business rules from file 'drools-next-possible-queues-rules.xlsx'
[m[36m<TIMESTAMP>,411 [DEBUG] [main] com.armedia.acm.plugins.casefile.service.LeaveCurrentQueueBusinessRule - Getting rules from rules/drools-leave-current-queue-rules.xlsx
[m[36m<TIMESTAMP>,543 [DEBUG] [main] com.armedia.acm.plugins.casefile.service.LeaveCurrentQueueBusinessRule - Updated business rules from file 'drools-leave-current-queue-rules.xlsx'
[m[36m<TIMESTAMP>,547 [DEBUG] [main] com.armedia.acm.plugins.casefile.service.EnterQueueBusinessRule - Getting rules from rules/drools-enter-queue-rules.xlsx
[m[36m<TIMESTAMP>,661 [DEBUG] [main] com.armedia.acm.plugins.casefile.service.EnterQueueBusinessRule - Updated business rules from file 'drools-enter-queue-rules.xlsx'
[m[36m<TIMESTAMP>,672 [DEBUG] [main] com.armedia.acm.plugins.casefile.service.OnLeaveQueueBusinessRule - Getting rules from rules/drools-on-leave-queue-rules.xlsx
[m[36m<TIMESTAMP>,822 [DEBUG] [main] com.armedia.acm.plugins.casefile.service.OnLeaveQueueBusinessRule - Updated business rules from file 'drools-on-leave-queue-rules.xlsx'
[m[36m<TIMESTAMP>,826 [DEBUG] [main] com.armedia.acm.plugins.casefile.service.OnEnterQueueBusinessRule - Getting rules from rules/drools-on-enter-queue-rules.xlsx
[m[36m<TIMESTAMP>,935 [DEBUG] [main] com.armedia.acm.plugins.casefile.service.OnEnterQueueBusinessRule - Updated business rules from file 'drools-on-enter-queue-rules.xlsx'
[m[36m<TIMESTAMP>,945 [DEBUG] [main] com.armedia.acm.plugins.casefile.service.SaveCaseFileBusinessRule - Getting rules from rules/drools-case-file-rules.xlsx
[m[36m<TIMESTAMP>,139 [DEBUG] [main] com.armedia.acm.plugins.casefile.service.SaveCaseFileBusinessRule - Updated business rules from file 'drools-case-file-rules.xlsx'
[m[36m<TIMESTAMP>,772 [DEBUG] [main] com.armedia.acm.plugins.casefile.service.CaseFileStartBusinessProcessBusinessRule - Getting rules from rules/drools-start-business-process-rules.xlsx
[m[36m<TIMESTAMP>,882 [DEBUG] [main] com.armedia.acm.plugins.casefile.service.CaseFileStartBusinessProcessBusinessRule - Updated business rules from file 'drools-start-business-process-rules.xlsx'
[m[36m<TIMESTAMP>,885 [DEBUG] [main] com.armedia.acm.plugins.casefile.service.SplitCaseFileBusinessRule - Getting rules from rules/drools-split-case-file-rules.xlsx
[m[36m<TIMESTAMP>,979 [DEBUG] [main] com.armedia.acm.plugins.casefile.service.SplitCaseFileBusinessRule - Updated business rules from file 'drools-split-case-file-rules.xlsx'
[m[36m<TIMESTAMP>,409 [DEBUG] [main] com.armedia.acm.plugins.complaint.service.SaveComplaintBusinessRule - Getting rules from rules/drools-complaint-number-rules.xlsx
[m[36m<TIMESTAMP>,614 [DEBUG] [main] com.armedia.acm.plugins.complaint.service.SaveComplaintBusinessRule - Updated business rules from file 'drools-complaint-number-rules.xlsx'
[m[36m<TIMESTAMP>,329 [DEBUG] [main] com.armedia.acm.services.mediaengine.rules.MediaEngineBusinessRulesExecutor - Getting rules from rules/drools-ocr-rules.xlsx
[m[36m<TIMESTAMP>,500 [DEBUG] [main] com.armedia.acm.services.mediaengine.rules.MediaEngineBusinessRulesExecutor - Updated business rules from file 'drools-ocr-rules.xlsx'
[m[36m<TIMESTAMP>,500 [DEBUG] [main] com.armedia.acm.services.mediaengine.rules.MediaEngineBusinessProcessRulesExecutor - Getting rules from rules/drools-ocr-business-process-rules.xlsx
[m[36m<TIMESTAMP>,631 [DEBUG] [main] com.armedia.acm.services.mediaengine.rules.MediaEngineBusinessProcessRulesExecutor - Updated business rules from file 'drools-ocr-business-process-rules.xlsx'
[m[32m<TIMESTAMP>,676 [INFO ] [main] org.springframework.security.web.DefaultSecurityFilterChain - Will secure Ant [pattern='/warning'] with []
[m[32m<TIMESTAMP>,694 [INFO ] [main] org.springframework.security.web.DefaultSecurityFilterChain - Will secure Ant [pattern='/resources/**'] with []
[m[32m<TIMESTAMP>,695 [INFO ] [main] org.springframework.security.web.DefaultSecurityFilterChain - Will secure Ant [pattern='/branding/**'] with []
[m[32m<TIMESTAMP>,695 [INFO ] [main] org.springframework.security.web.DefaultSecurityFilterChain - Will secure Ant [pattern='/protected/*'] with []
[m[32m<TIMESTAMP>,696 [INFO ] [main] org.springframework.security.web.DefaultSecurityFilterChain - Will secure Ant [pattern='/external/**'] with []
[m[32m<TIMESTAMP>,696 [INFO ] [main] org.springframework.security.web.DefaultSecurityFilterChain - Will secure Ant [pattern='/views/external/**'] with []
[m[32m<TIMESTAMP>,697 [INFO ] [main] org.springframework.security.web.DefaultSecurityFilterChain - Will secure Ant [pattern='/assets/css/login.css'] with []
[m[32m<TIMESTAMP>,697 [INFO ] [main] org.springframework.security.web.DefaultSecurityFilterChain - Will secure Ant [pattern='/lib/**'] with []
[m[32m<TIMESTAMP>,697 [INFO ] [main] org.springframework.security.web.DefaultSecurityFilterChain - Will secure Ant [pattern='/node_modules/**'] with []
[m[32m<TIMESTAMP>,698 [INFO ] [main] org.springframework.security.web.DefaultSecurityFilterChain - Will secure Ant [pattern='/views/login.jsp'] with []
[m[32m<TIMESTAMP>,698 [INFO ] [main] org.springframework.security.web.DefaultSecurityFilterChain - Will secure Ant [pattern='/login'] with []
[m[32m<TIMESTAMP>,699 [INFO ] [main] org.springframework.security.web.DefaultSecurityFilterChain - Will secure Ant [pattern='/login.html'] with []
[m[32m<TIMESTAMP>,699 [INFO ] [main] org.springframework.security.web.DefaultSecurityFilterChain - Will secure Ant [pattern='/login.jsp'] with []
[m[32m<TIMESTAMP>,700 [INFO ] [main] org.springframework.security.web.DefaultSecurityFilterChain - Will secure Ant [pattern='/views/reset-password.jsp'] with []
[m[32m<TIMESTAMP>,700 [INFO ] [main] org.springframework.security.web.DefaultSecurityFilterChain - Will secure Ant [pattern='/reset-password'] with []
[m[32m<TIMESTAMP>,701 [INFO ] [main] org.springframework.security.web.DefaultSecurityFilterChain - Will secure Ant [pattern='/forgot-username'] with []
[m[32m<TIMESTAMP>,701 [INFO ] [main] org.springframework.security.web.DefaultSecurityFilterChain - Will secure Ant [pattern='/forgot-password'] with []
[m[32m<TIMESTAMP>,111 [INFO ] [main] org.springframework.security.web.DefaultSecurityFilterChain - Will secure Regex [pattern='^/assets/.*$|^/custom_assets/.*$|^/directives/.*$|^/custom_directives/.*$|^/filters/.*$|^/modules/.*$|^/custom_modules/.*$|^/modules_config/.*$|^/services/.*$'] with [org.springframework.security.web.context.SecurityContextPersistenceFilter@5a480de1, org.springframework.security.web.session.ConcurrentSessionFilter@25f2668d, org.springframework.security.web.context.request.async.WebAsyncManagerIntegrationFilter@78e59727, org.springframework.security.web.header.HeaderWriterFilter@702603d8, org.springframework.security.web.authentication.UsernamePasswordAuthenticationFilter@626c1312, org.springframework.security.web.authentication.ui.DefaultLoginPageGeneratingFilter@1788b152, org.springframework.security.web.authentication.ui.DefaultLogoutPageGeneratingFilter@5c28478f, com.armedia.acm.auth.AcmBasicAndTokenAuthenticationFilter@303f9189, org.springframework.security.web.authentication.www.BasicAuthenticationFilter@1d436cab, org.springframework.security.web.savedrequest.RequestCacheAwareFilter@7573745c, org.springframework.security.web.servletapi.SecurityContextHolderAwareRequestFilter@9eb44f4, org.springframework.security.web.authentication.AnonymousAuthenticationFilter@5406e635, org.springframework.security.web.session.SessionManagementFilter@14a80a1d, org.springframework.security.web.access.ExceptionTranslationFilter@418d00d1, org.springframework.security.web.access.intercept.FilterSecurityInterceptor@24a83140]
[m[32m<TIMESTAMP>,112 [INFO ] [main] org.springframework.security.web.DefaultSecurityFilterChain - Will secure Regex [pattern='.*acm_email_ticket=<REDACTED-CREDENTIAL>'] with []
[m[32m<TIMESTAMP>,125 [INFO ] [main] org.springframework.security.web.DefaultSecurityFilterChain - Will secure Regex [pattern='^/api/.*$|^/plugin/.*$'] with [org.springframework.security.web.context.SecurityContextPersistenceFilter@5c808305, org.springframework.security.web.session.ConcurrentSessionFilter@25f2668d, org.springframework.security.web.context.request.async.WebAsyncManagerIntegrationFilter@76501a03, org.springframework.security.web.header.HeaderWriterFilter@4b231cde, org.springframework.security.web.authentication.UsernamePasswordAuthenticationFilter@65f5f1, org.springframework.security.web.authentication.ui.DefaultLoginPageGeneratingFilter@5491a702, org.springframework.security.web.authentication.ui.DefaultLogoutPageGeneratingFilter@7e84ae7, com.armedia.acm.auth.AcmBasicAndTokenAuthenticationFilter@303f9189, org.springframework.security.web.authentication.www.BasicAuthenticationFilter@6bcbde31, org.springframework.security.web.savedrequest.RequestCacheAwareFilter@514c1c6b, org.springframework.security.web.servletapi.SecurityContextHolderAwareRequestFilter@48605f94, org.springframework.security.web.authentication.AnonymousAuthenticationFilter@49515b9a, org.springframework.security.web.session.SessionManagementFilter@25644525, org.springframework.security.web.access.ExceptionTranslationFilter@405d9675, org.springframework.security.web.access.intercept.FilterSecurityInterceptor@148b266c]
[m[32m<TIMESTAMP>,327 [INFO ] [main] org.springframework.security.web.DefaultSecurityFilterChain - Will secure any request with [org.springframework.security.web.context.SecurityContextPersistenceFilter@62182e1e, org.springframework.security.web.session.ConcurrentSessionFilter@25f2668d, org.springframework.security.web.context.request.async.WebAsyncManagerIntegrationFilter@2ba41e88, org.springframework.security.web.header.HeaderWriterFilter@6337b30a, org.springframework.security.web.authentication.logout.LogoutFilter@2c727486, org.springframework.security.web.authentication.UsernamePasswordAuthenticationFilter@347a62c0, com.armedia.acm.auth.AcmBasicAndTokenAuthenticationFilter@303f9189, org.springframework.security.web.authentication.www.BasicAuthenticationFilter@5a7f2df2, org.springframework.security.web.savedrequest.RequestCacheAwareFilter@3638e29b, org.springframework.security.web.servletapi.SecurityContextHolderAwareRequestFilter@59074ac9, org.springframework.security.web.authentication.AnonymousAuthenticationFilter@5fc5b3ff, org.springframework.security.web.session.SessionManagementFilter@784988ed, org.springframework.security.web.access.ExceptionTranslationFilter@1084898b, org.springframework.security.web.access.intercept.FilterSecurityInterceptor@461f2a0f]
[m[33m<TIMESTAMP>,378 [WARN ] [main] org.springframework.security.config.http.DefaultFilterChainValidator - Possible error: Filters at position 7 and 8 are both instances of org.springframework.security.web.authentication.www.BasicAuthenticationFilter
[m[33m<TIMESTAMP>,378 [WARN ] [main] org.springframework.security.config.http.DefaultFilterChainValidator - Possible error: Filters at position 7 and 8 are both instances of org.springframework.security.web.authentication.www.BasicAuthenticationFilter
[m[32m<TIMESTAMP>,378 [INFO ] [main] org.springframework.security.config.http.DefaultFilterChainValidator - Checking whether login URL '/login' is accessible with your configuration
[m[33m<TIMESTAMP>,385 [WARN ] [main] org.springframework.security.config.http.DefaultFilterChainValidator - Possible error: Filters at position 6 and 7 are both instances of org.springframework.security.web.authentication.www.BasicAuthenticationFilter
[m[32m<TIMESTAMP>,858 [INFO ] [main] org.springframework.integration.endpoint.EventDrivenConsumer - Adding {service-activator} as a subscriber to the 'mailChannelReceiver' channel
[m[32m<TIMESTAMP>,858 [INFO ] [main] org.springframework.integration.channel.PublishSubscribeChannel - Channel 'org.springframework.web.context.WebApplicationContext:/arkcase.mailChannelReceiver' has 1 subscriber(s).
[m[32m<TIMESTAMP>,858 [INFO ] [main] org.springframework.integration.endpoint.EventDrivenConsumer - started org.springframework.integration.config.ConsumerEndpointFactoryBean#0
[m[32m<TIMESTAMP>,858 [INFO ] [main] org.springframework.integration.endpoint.EventDrivenConsumer - Adding {service-activator} as a subscriber to the 'objectEventChannel' channel
[m[32m<TIMESTAMP>,858 [INFO ] [main] org.springframework.integration.channel.PublishSubscribeChannel - Channel 'org.springframework.web.context.WebApplicationContext:/arkcase.objectEventChannel' has 1 subscriber(s).
[m[32m<TIMESTAMP>,858 [INFO ] [main] org.springframework.integration.endpoint.EventDrivenConsumer - started org.springframework.integration.config.ConsumerEndpointFactoryBean#1
[m[32m<TIMESTAMP>,858 [INFO ] [main] org.springframework.integration.gateway.GatewayProxyFactoryBean$MethodInvocationGateway - started multipartRequestGateway
[m[32m<TIMESTAMP>,858 [INFO ] [main] org.springframework.integration.gateway.GatewayCompletableFutureProxyFactoryBean - started multipartRequestGateway
[m[32m<TIMESTAMP>,858 [INFO ] [main] org.springframework.integration.endpoint.EventDrivenConsumer - Adding {http:outbound-channel-adapter} as a subscriber to the 'phonehomeRequestChannel' channel
[m[32m<TIMESTAMP>,858 [INFO ] [main] org.springframework.integration.channel.DirectChannel - Channel 'org.springframework.web.context.WebApplicationContext:/arkcase.phonehomeRequestChannel' has 1 subscriber(s).
[m[32m<TIMESTAMP>,858 [INFO ] [main] org.springframework.integration.endpoint.EventDrivenConsumer - started org.springframework.integration.config.ConsumerEndpointFactoryBean#2
[m[32m<TIMESTAMP>,858 [INFO ] [main] org.springframework.integration.handler.MessageHandlerChain - started org.springframework.integration.handler.MessageHandlerChain#0
[m[32m<TIMESTAMP>,858 [INFO ] [main] org.springframework.integration.endpoint.EventDrivenConsumer - Adding {chain} as a subscriber to the 'mailErrorChannelCaseFile' channel
[m[32m<TIMESTAMP>,858 [INFO ] [main] org.springframework.integration.channel.DirectChannel - Channel 'org.springframework.web.context.WebApplicationContext:/arkcase.mailErrorChannelCaseFile' has 1 subscriber(s).
[m[32m<TIMESTAMP>,858 [INFO ] [main] org.springframework.integration.endpoint.EventDrivenConsumer - started org.springframework.integration.config.ConsumerEndpointFactoryBean#3
[m[32m<TIMESTAMP>,858 [INFO ] [main] org.springframework.integration.handler.MessageHandlerChain - started org.springframework.integration.handler.MessageHandlerChain#1
[m[32m<TIMESTAMP>,858 [INFO ] [main] org.springframework.integration.endpoint.EventDrivenConsumer - Adding {chain} as a subscriber to the 'mailErrorChannelComplaint' channel
[m[32m<TIMESTAMP>,858 [INFO ] [main] org.springframework.integration.channel.DirectChannel - Channel 'org.springframework.web.context.WebApplicationContext:/arkcase.mailErrorChannelComplaint' has 1 subscriber(s).
[m[32m<TIMESTAMP>,858 [INFO ] [main] org.springframework.integration.endpoint.EventDrivenConsumer - started org.springframework.integration.config.ConsumerEndpointFactoryBean#4
[m[32m<TIMESTAMP>,858 [INFO ] [main] org.springframework.integration.handler.MessageHandlerChain - started org.springframework.integration.handler.MessageHandlerChain#2
[m[32m<TIMESTAMP>,858 [INFO ] [main] org.springframework.integration.endpoint.EventDrivenConsumer - Adding {chain} as a subscriber to the 'mailErrorChannelReceiver' channel
[m[32m<TIMESTAMP>,858 [INFO ] [main] org.springframework.integration.channel.DirectChannel - Channel 'org.springframework.web.context.WebApplicationContext:/arkcase.mailErrorChannelReceiver' has 1 subscriber(s).
[m[32m<TIMESTAMP>,858 [INFO ] [main] org.springframework.integration.endpoint.EventDrivenConsumer - started org.springframework.integration.config.ConsumerEndpointFactoryBean#5
[m[32m<TIMESTAMP>,858 [INFO ] [main] org.springframework.integration.endpoint.EventDrivenConsumer - Adding {service-activator} as a subscriber to the 'caseFileFilteredMailChannel' channel
[m[32m<TIMESTAMP>,858 [INFO ] [main] org.springframework.integration.channel.DirectChannel - Channel 'org.springframework.web.context.WebApplicationContext:/arkcase.caseFileFilteredMailChannel' has 1 subscriber(s).
[m[32m<TIMESTAMP>,858 [INFO ] [main] org.springframework.integration.endpoint.EventDrivenConsumer - started org.springframework.integration.config.ConsumerEndpointFactoryBean#6
[m[32m<TIMESTAMP>,858 [INFO ] [main] org.springframework.integration.handler.MessageHandlerChain - started org.springframework.integration.handler.MessageHandlerChain#3
[m[32m<TIMESTAMP>,858 [INFO ] [main] org.springframework.integration.endpoint.EventDrivenConsumer - Adding {chain} as a subscriber to the 'mailChannelCaseFile' channel
[m[32m<TIMESTAMP>,858 [INFO ] [main] org.springframework.integration.channel.PublishSubscribeChannel - Channel 'org.springframework.web.context.WebApplicationContext:/arkcase.mailChannelCaseFile' has 1 subscriber(s).
[m[32m<TIMESTAMP>,858 [INFO ] [main] org.springframework.integration.endpoint.EventDrivenConsumer - started org.springframework.integration.config.ConsumerEndpointFactoryBean#7
[m[32m<TIMESTAMP>,858 [INFO ] [main] org.springframework.integration.endpoint.EventDrivenConsumer - Adding {service-activator} as a subscriber to the 'newCaseFileFilteredMailChannel' channel
[m[32m<TIMESTAMP>,858 [INFO ] [main] org.springframework.integration.channel.DirectChannel - Channel 'org.springframework.web.context.WebApplicationContext:/arkcase.newCaseFileFilteredMailChannel' has 1 subscriber(s).
[m[32m<TIMESTAMP>,858 [INFO ] [main] org.springframework.integration.endpoint.EventDrivenConsumer - started org.springframework.integration.config.ConsumerEndpointFactoryBean#8
[m[32m<TIMESTAMP>,858 [INFO ] [main] org.springframework.integration.handler.MessageHandlerChain - started org.springframework.integration.handler.MessageHandlerChain#4
[m[32m<TIMESTAMP>,858 [INFO ] [main] org.springframework.integration.endpoint.EventDrivenConsumer - Adding {chain} as a subscriber to the 'mailChannelCaseFile' channel
[m[32m<TIMESTAMP>,858 [INFO ] [main] org.springframework.integration.channel.PublishSubscribeChannel - Channel 'org.springframework.web.context.WebApplicationContext:/arkcase.mailChannelCaseFile' has 2 subscriber(s).
[m[32m<TIMESTAMP>,858 [INFO ] [main] org.springframework.integration.endpoint.EventDrivenConsumer - started org.springframework.integration.config.ConsumerEndpointFactoryBean#9
[m[32m<TIMESTAMP>,858 [INFO ] [main] org.springframework.integration.endpoint.EventDrivenConsumer - Adding {service-activator} as a subscriber to the 'complaintFilteredMailChannel' channel
[m[32m<TIMESTAMP>,858 [INFO ] [main] org.springframework.integration.channel.DirectChannel - Channel 'org.springframework.web.context.WebApplicationContext:/arkcase.complaintFilteredMailChannel' has 1 subscriber(s).
[m[32m<TIMESTAMP>,858 [INFO ] [main] org.springframework.integration.endpoint.EventDrivenConsumer - started org.springframework.integration.config.ConsumerEndpointFactoryBean#10
[m[32m<TIMESTAMP>,858 [INFO ] [main] org.springframework.integration.handler.MessageHandlerChain - started org.springframework.integration.handler.MessageHandlerChain#5
[m[32m<TIMESTAMP>,858 [INFO ] [main] org.springframework.integration.endpoint.EventDrivenConsumer - Adding {chain} as a subscriber to the 'mailChannelComplaint' channel
[m[32m<TIMESTAMP>,858 [INFO ] [main] org.springframework.integration.channel.PublishSubscribeChannel - Channel 'org.springframework.web.context.WebApplicationContext:/arkcase.mailChannelComplaint' has 1 subscriber(s).
[m[32m<TIMESTAMP>,858 [INFO ] [main] org.springframework.integration.endpoint.EventDrivenConsumer - started org.springframework.integration.config.ConsumerEndpointFactoryBean#11
[m[32m<TIMESTAMP>,858 [INFO ] [main] org.springframework.integration.endpoint.EventDrivenConsumer - Adding {service-activator} as a subscriber to the 'newComplaintFilteredMailChannel' channel
[m[32m<TIMESTAMP>,859 [INFO ] [main] org.springframework.integration.channel.DirectChannel - Channel 'org.springframework.web.context.WebApplicationContext:/arkcase.newComplaintFilteredMailChannel' has 1 subscriber(s).
[m[32m<TIMESTAMP>,859 [INFO ] [main] org.springframework.integration.endpoint.EventDrivenConsumer - started org.springframework.integration.config.ConsumerEndpointFactoryBean#12
[m[32m<TIMESTAMP>,859 [INFO ] [main] org.springframework.integration.handler.MessageHandlerChain - started org.springframework.integration.handler.MessageHandlerChain#6
[m[32m<TIMESTAMP>,859 [INFO ] [main] org.springframework.integration.endpoint.EventDrivenConsumer - Adding {chain} as a subscriber to the 'mailChannelComplaint' channel
[m[32m<TIMESTAMP>,859 [INFO ] [main] org.springframework.integration.channel.PublishSubscribeChannel - Channel 'org.springframework.web.context.WebApplicationContext:/arkcase.mailChannelComplaint' has 2 subscriber(s).
[m[32m<TIMESTAMP>,859 [INFO ] [main] org.springframework.integration.endpoint.EventDrivenConsumer - started org.springframework.integration.config.ConsumerEndpointFactoryBean#13
[m[32m<TIMESTAMP>,859 [INFO ] [main] org.springframework.integration.endpoint.EventDrivenConsumer - Adding {logging-channel-adapter:_org.springframework.integration.errorLogger} as a subscriber to the 'errorChannel' channel
[m[32m<TIMESTAMP>,859 [INFO ] [main] org.springframework.integration.channel.PublishSubscribeChannel - Channel 'org.springframework.web.context.WebApplicationContext:/arkcase.errorChannel' has 1 subscriber(s).
[m[32m<TIMESTAMP>,859 [INFO ] [main] org.springframework.integration.endpoint.EventDrivenConsumer - started _org.springframework.integration.errorLogger
[m[32m<TIMESTAMP>,864 [INFO ] [main] org.springframework.integration.endpoint.SourcePollingChannelAdapter - started acmEmailReceiverAdapter.senderReceiverMessageSource.inboundChannelAdapter
[m[32m<TIMESTAMP>,118 [INFO ] [main] org.springframework.scheduling.quartz.SchedulerFactoryBean - Starting Quartz Scheduler now
[m[32m<TIMESTAMP>,123 [INFO ] [main] org.springframework.scheduling.quartz.LocalDataSourceJobStore - ClusterManager: detected 1 failed or restarted instances.
[m[32m<TIMESTAMP>,123 [INFO ] [main] org.springframework.scheduling.quartz.LocalDataSourceJobStore - ClusterManager: Scanning for instance "reverse-code-generator-a5b1ff61-hnd9l<EPOCH-MS>"'s failed in-progress jobs.
[m[32m<TIMESTAMP>,126 [INFO ] [main] org.quartz.core.QuartzScheduler - Scheduler arkcase-scheduler_$_reverse-code-generator-a5b1ff61-hnd9l<EPOCH-MS> started.
[m[32m<TIMESTAMP>,129 [INFO ] [QuartzScheduler_arkcase-scheduler-reverse-code-generator-a5b1ff61-hnd9l<EPOCH-MS>_MisfireHandler] org.springframework.scheduling.quartz.LocalDataSourceJobStore - Handling 6 trigger(s) that missed their scheduled fire-time.
[m[33m<TIMESTAMP>,137 [WARN ] [QuartzScheduler_arkcase-scheduler-reverse-code-generator-a5b1ff61-hnd9l<EPOCH-MS>_MisfireHandler] com.armedia.acm.quartz.scheduler.AcmTriggerListener - Trigger [DEFAULT.ocrQueueJobTrigger] for job misfired.
[m[33m<TIMESTAMP>,142 [WARN ] [QuartzScheduler_arkcase-scheduler-reverse-code-generator-a5b1ff61-hnd9l<EPOCH-MS>_MisfireHandler] com.armedia.acm.quartz.scheduler.AcmTriggerListener - Trigger [DEFAULT.releaseExpiredLocksJobTrigger] for job misfired.
[m[33m<TIMESTAMP>,144 [WARN ] [QuartzScheduler_arkcase-scheduler-reverse-code-generator-a5b1ff61-hnd9l<EPOCH-MS>_MisfireHandler] com.armedia.acm.quartz.scheduler.AcmTriggerListener - Trigger [DEFAULT.alfrescoSyncScheduledJobTrigger] for job misfired.
[m[33m<TIMESTAMP>,146 [WARN ] [QuartzScheduler_arkcase-scheduler-reverse-code-generator-a5b1ff61-hnd9l<EPOCH-MS>_MisfireHandler] com.armedia.acm.quartz.scheduler.AcmTriggerListener - Trigger [DEFAULT.transcribeQueueJobTrigger] for job misfired.
[m[33m<TIMESTAMP>,153 [WARN ] [QuartzScheduler_arkcase-scheduler-reverse-code-generator-a5b1ff61-hnd9l<EPOCH-MS>_MisfireHandler] com.armedia.acm.quartz.scheduler.AcmTriggerListener - Trigger [DEFAULT.sendNotificationsJobTrigger] for job misfired.
[m[33m<TIMESTAMP>,155 [WARN ] [QuartzScheduler_arkcase-scheduler-reverse-code-generator-a5b1ff61-hnd9l<EPOCH-MS>_MisfireHandler] com.armedia.acm.quartz.scheduler.AcmTriggerListener - Trigger [DEFAULT.arkcase_ldapPartialSyncJobTrigger] for job misfired.
[m[36m<TIMESTAMP>,168 [DEBUG] [arkcase-scheduler_QuartzSchedulerThread] com.armedia.acm.spring.SpringContextHolder - Looking for beans of type: com.armedia.acm.services.subscription.service.SubscriptionEventJobDescriptor
[m[36m<TIMESTAMP>,170 [DEBUG] [arkcase-scheduler_QuartzSchedulerThread] com.armedia.acm.spring.SpringContextHolder - Returning 1 beans of type com.armedia.acm.services.subscription.service.SubscriptionEventJobDescriptor
[m[36m<TIMESTAMP>,173 [DEBUG] [arkcase-scheduler_Worker-1] com.armedia.acm.quartz.scheduler.AcmTriggerListener - Trigger [subscriptionEventBatchInsertJobTrigger] for job [subscriptionEventBatchInsertJob] fired. Next fire time is [<TIMESTAMP>].
[m[36m<TIMESTAMP>,175 [DEBUG] [arkcase-scheduler_Worker-1] com.armedia.acm.quartz.scheduler.AcmJobDescriptor - Start execution of job [subscriptionEventBatchInsertJob].
[m[36m<TIMESTAMP>,181 [DEBUG] [auditorExecutor-2] com.armedia.acm.services.search.service.JpaObjectsToSearchService - Sending objects to SOLR: 1 added; 0 updated; 0 deleted.
[m[36m<TIMESTAMP>,181 [DEBUG] [auditorExecutor-2] com.armedia.acm.spring.SpringContextHolder - Looking for beans of type: com.armedia.acm.services.search.service.AcmObjectToSolrDocTransformer
[m[36m<TIMESTAMP>,181 [DEBUG] [arkcase-scheduler_QuartzSchedulerThread] com.armedia.acm.spring.SpringContextHolder - Looking for beans of type: com.armedia.acm.calendar.service.PurgeCalendarJobDescriptor
[m[36m<TIMESTAMP>,182 [DEBUG] [auditorExecutor-2] com.armedia.acm.spring.SpringContextHolder - Returning 42 beans of type com.armedia.acm.services.search.service.AcmObjectToSolrDocTransformer
[m[36m<TIMESTAMP>,182 [DEBUG] [auditorExecutor-2] com.armedia.acm.audit.listeners.AcmAuditDatabaseListener - Database changes auditing event handling
[m[36m<TIMESTAMP>,182 [DEBUG] [arkcase-scheduler_QuartzSchedulerThread] com.armedia.acm.spring.SpringContextHolder - Returning 1 beans of type com.armedia.acm.calendar.service.PurgeCalendarJobDescriptor
[m[36m<TIMESTAMP>,182 [DEBUG] [arkcase-scheduler_Worker-2] com.armedia.acm.quartz.scheduler.AcmTriggerListener - Trigger [purgeCalendarJobTrigger] for job [purgeCalendarJob] fired. Next fire time is [<TIMESTAMP>].
[m[36m<TIMESTAMP>,184 [DEBUG] [arkcase-scheduler_Worker-2] com.armedia.acm.quartz.scheduler.AcmJobDescriptor - Start execution of job [purgeCalendarJob].
[m[32m<TIMESTAMP>,184 [INFO ] [main] com.armedia.acm.service.stateofarkcase.dao.StateOfArkcaseRegistryImpl - Mapping [6] registered module state providers:
[m[36m<TIMESTAMP>,185 [DEBUG] [arkcase-scheduler_Worker-2] com.armedia.acm.calendar.service.AcmScheduledCalendarPurger - Purging calendar events for [COMPLAINT].
[m[36m<TIMESTAMP>,185 [DEBUG] [arkcase-scheduler_Worker-2] com.armedia.acm.calendar.service.AcmScheduledCalendarPurger - Purging calendar events for [CASE_FILE].
[m[32m<TIMESTAMP>,185 [INFO ] [main] com.armedia.acm.service.stateofarkcase.dao.StateOfArkcaseRegistryImpl - Mapping state provider for: [acm-users] module.
[m[32m<TIMESTAMP>,185 [INFO ] [main] com.armedia.acm.service.stateofarkcase.dao.StateOfArkcaseRegistryImpl - Mapping state provider for: [acm-identity] module.
[m[32m<TIMESTAMP>,185 [INFO ] [main] com.armedia.acm.service.stateofarkcase.dao.StateOfArkcaseRegistryImpl - Mapping state provider for: [acm-files] module.
[m[32m<TIMESTAMP>,185 [INFO ] [main] com.armedia.acm.service.stateofarkcase.dao.StateOfArkcaseRegistryImpl - Mapping state provider for: [acm-login] module.
[m[32m<TIMESTAMP>,185 [INFO ] [main] com.armedia.acm.service.stateofarkcase.dao.StateOfArkcaseRegistryImpl - Mapping state provider for: [acm-consultations] module.
[m[32m<TIMESTAMP>,185 [INFO ] [main] com.armedia.acm.service.stateofarkcase.dao.StateOfArkcaseRegistryImpl - Mapping state provider for: [acm-cases] module.
[m[36m<TIMESTAMP>,185 [DEBUG] [arkcase-scheduler_Worker-2] com.armedia.acm.quartz.scheduler.AcmJobDescriptor - Job [purgeCalendarJob] finished execution.
[m[36m<TIMESTAMP>,185 [DEBUG] [arkcase-scheduler_Worker-2] com.armedia.acm.quartz.scheduler.AcmTriggerListener - Trigger [purgeCalendarJobTrigger] for job [purgeCalendarJob] completed.
[m[1;31m<TIMESTAMP>,191 [ERROR] [task-scheduler-1] org.springframework.integration.handler.LoggingHandler - org.springframework.messaging.MessagingException: failure occurred while polling for mail; nested exception is javax.mail.AuthenticationFailedException: Login failed.
	at org.springframework.integration.mail.MailReceivingMessageSource.receive(MailReceivingMessageSource.java:131)
	at org.springframework.integration.endpoint.SourcePollingChannelAdapter.receiveMessage(SourcePollingChannelAdapter.java:224)
	at org.springframework.integration.endpoint.AbstractPollingEndpoint.doPoll(AbstractPollingEndpoint.java:245)
	at org.springframework.integration.endpoint.AbstractPollingEndpoint.access$000(AbstractPollingEndpoint.java:58)
	at org.springframework.integration.endpoint.AbstractPollingEndpoint$1.call(AbstractPollingEndpoint.java:190)
	at org.springframework.integration.endpoint.AbstractPollingEndpoint$1.call(AbstractPollingEndpoint.java:186)
	at org.springframework.integration.endpoint.AbstractPollingEndpoint$Poller$1.run(AbstractPollingEndpoint.java:353)
	at org.springframework.integration.util.ErrorHandlingTaskExecutor$1.run(ErrorHandlingTaskExecutor.java:55)
	at org.springframework.core.task.SyncTaskExecutor.execute(SyncTaskExecutor.java:50)
	at org.springframework.integration.util.ErrorHandlingTaskExecutor.execute(ErrorHandlingTaskExecutor.java:51)
	at org.springframework.integration.endpoint.AbstractPollingEndpoint$Poller.run(AbstractPollingEndpoint.java:344)
	at org.springframework.scheduling.support.DelegatingErrorHandlingRunnable.run(DelegatingErrorHandlingRunnable.java:54)
	at org.springframework.scheduling.concurrent.ReschedulingRunnable.run(ReschedulingRunnable.java:95)
	at java.util.concurrent.Executors$RunnableAdapter.call(Executors.java:511)
	at java.util.concurrent.FutureTask.run(FutureTask.java:266)
	at java.util.concurrent.ScheduledThreadPoolExecutor$ScheduledFutureTask.access$201(ScheduledThreadPoolExecutor.java:180)
	at java.util.concurrent.ScheduledThreadPoolExecutor$ScheduledFutureTask.run(ScheduledThreadPoolExecutor.java:293)
	at java.util.concurrent.ThreadPoolExecutor.runWorker(ThreadPoolExecutor.java:1149)
	at java.util.concurrent.ThreadPoolExecutor$Worker.run(ThreadPoolExecutor.java:624)
	at java.lang.Thread.run(Thread.java:750)
Caused by: javax.mail.AuthenticationFailedException: Login failed.
	at com.sun.mail.imap.IMAPStore.protocolConnect(IMAPStore.java:725)
	at javax.mail.Service.connect(Service.java:366)
	at javax.mail.Service.connect(Service.java:246)
	at javax.mail.Service.connect(Service.java:195)
	at org.springframework.integration.mail.AbstractMailReceiver.connectStoreIfNecessary(AbstractMailReceiver.java:286)
	at org.springframework.integration.mail.AbstractMailReceiver.openFolder(AbstractMailReceiver.java:293)
	at org.springframework.integration.mail.AbstractMailReceiver.receive(AbstractMailReceiver.java:319)
	at org.springframework.integration.mail.AbstractMailReceiver$$FastClassBySpringCGLIB$$6fe2213e.invoke(<generated>)
	at org.springframework.cglib.proxy.MethodProxy.invoke(MethodProxy.java:218)
	at org.springframework.aop.framework.CglibAopProxy$CglibMethodInvocation.invokeJoinpoint(CglibAopProxy.java:771)
	at org.springframework.aop.framework.ReflectiveMethodInvocation.proceed(ReflectiveMethodInvocation.java:163)
	at org.springframework.aop.framework.CglibAopProxy$CglibMethodInvocation.proceed(CglibAopProxy.java:749)
	at org.springframework.aop.support.DelegatingIntroductionInterceptor.doProceed(DelegatingIntroductionInterceptor.java:137)
	at org.springframework.aop.support.DelegatingIntroductionInterceptor.invoke(DelegatingIntroductionInterceptor.java:124)
	at org.springframework.aop.framework.ReflectiveMethodInvocation.proceed(ReflectiveMethodInvocation.java:186)
	at org.springframework.aop.framework.CglibAopProxy$CglibMethodInvocation.proceed(CglibAopProxy.java:749)
	at org.springframework.aop.framework.CglibAopProxy$DynamicAdvisedInterceptor.intercept(CglibAopProxy.java:691)
	at org.springframework.integration.mail.ImapMailReceiver$$EnhancerBySpringCGLIB$$a2db39cb.receive(<generated>)
	at org.springframework.integration.mail.MailReceivingMessageSource.receive(MailReceivingMessageSource.java:112)
	... 19 more

[m[36m<TIMESTAMP>,193 [DEBUG] [auditorExecutor-3] com.armedia.acm.services.search.service.JpaObjectsToSearchService - Sending objects to SOLR: 1 added; 0 updated; 0 deleted.
[m[36m<TIMESTAMP>,193 [DEBUG] [auditorExecutor-3] com.armedia.acm.spring.SpringContextHolder - Looking for beans of type: com.armedia.acm.services.search.service.AcmObjectToSolrDocTransformer
[m[36m<TIMESTAMP>,193 [DEBUG] [auditorExecutor-3] com.armedia.acm.spring.SpringContextHolder - Returning 42 beans of type com.armedia.acm.services.search.service.AcmObjectToSolrDocTransformer
[m[36m<TIMESTAMP>,193 [DEBUG] [auditorExecutor-3] com.armedia.acm.audit.listeners.AcmAuditDatabaseListener - Database changes auditing event handling
[m[36m<TIMESTAMP>,194 [DEBUG] [auditorExecutor-4] com.armedia.acm.services.search.service.JpaObjectsToSearchService - Sending objects to SOLR: 1 added; 0 updated; 0 deleted.
[m[36m<TIMESTAMP>,194 [DEBUG] [auditorExecutor-4] com.armedia.acm.spring.SpringContextHolder - Looking for beans of type: com.armedia.acm.services.search.service.AcmObjectToSolrDocTransformer
[m[36m<TIMESTAMP>,194 [DEBUG] [auditorExecutor-4] com.armedia.acm.spring.SpringContextHolder - Returning 42 beans of type com.armedia.acm.services.search.service.AcmObjectToSolrDocTransformer
[m[36m<TIMESTAMP>,194 [DEBUG] [auditorExecutor-4] com.armedia.acm.audit.listeners.AcmAuditDatabaseListener - Database changes auditing event handling
[m[32m<TIMESTAMP>,199 [INFO ] [main] com.armedia.acm.services.dataupdate.service.AcmDataUpdateManager - Starting [29] core data update executors...
[m[32m<TIMESTAMP>,234 [INFO ] [arkcase-scheduler_Worker-1] com.armedia.acm.services.subscription.dao.SubscriptionDao - No new Subscriptions found
[m[36m<TIMESTAMP>,234 [DEBUG] [arkcase-scheduler_Worker-1] com.armedia.acm.quartz.scheduler.AcmJobDescriptor - Job [subscriptionEventBatchInsertJob] finished execution.
[m[36m<TIMESTAMP>,234 [DEBUG] [arkcase-scheduler_Worker-1] com.armedia.acm.quartz.scheduler.AcmTriggerListener - Trigger [subscriptionEventBatchInsertJobTrigger] for job [subscriptionEventBatchInsertJob] completed.
[m[36m<TIMESTAMP>,242 [DEBUG] [auditorExecutor-5] com.armedia.acm.services.search.service.JpaObjectsToSearchService - Sending objects to SOLR: 1 added; 0 updated; 0 deleted.
[m[36m<TIMESTAMP>,242 [DEBUG] [auditorExecutor-5] com.armedia.acm.spring.SpringContextHolder - Looking for beans of type: com.armedia.acm.services.search.service.AcmObjectToSolrDocTransformer
[m[36m<TIMESTAMP>,242 [DEBUG] [auditorExecutor-5] com.armedia.acm.spring.SpringContextHolder - Returning 42 beans of type com.armedia.acm.services.search.service.AcmObjectToSolrDocTransformer
[m[36m<TIMESTAMP>,242 [DEBUG] [auditorExecutor-5] com.armedia.acm.audit.listeners.AcmAuditDatabaseListener - Database changes auditing event handling
[m[1;31m<TIMESTAMP>,250 [ERROR] [main] com.armedia.acm.service.identity.service.AcmArkcaseIdentityServiceImpl - Couldn't set global identity. [Not implemented yet!]
[m[32m<TIMESTAMP>,291 [INFO ] [main] org.springframework.web.context.ContextLoader - Root WebApplicationContext initialized in 105000 ms
[m[32m<TIMESTAMP>,328 [INFO ] [main] io.milton.servlet.SpringMiltonFilter - init
[m[32m<TIMESTAMP>,328 [INFO ] [main] io.milton.servlet.SpringMiltonFilter - Found a root spring context, and using it
[m[32m<TIMESTAMP>,336 [INFO ] [main] io.milton.servlet.SpringMiltonFilter - Registered root webapp path in: webroot=/tmp/blitzy/ArkCase/blitzy-<UUID>-w-053_196589/.blitzy-scratch/rt/base8/tomcat/webapps/arkcase
[m[32m<TIMESTAMP>,447 [INFO ] [main] io.milton.servlet.SpringMiltonFilter - init: exclude paths: /static,/templates
[m[32m<TIMESTAMP>,449 [INFO ] [main] io.milton.config.HttpManagerBuilder - Using mainResourceFactory: class com.armedia.acm.webdav.AcmFileSystemResourceFactory
[m[32m<TIMESTAMP>,450 [INFO ] [main] io.milton.config.HttpManagerBuilder - set property: expiredNonceRemover to: io.milton.http.http11.auth.ExpiredNonceRemover@2bc3e076
[m[32m<TIMESTAMP>,451 [INFO ] [main] io.milton.config.HttpManagerBuilder - set property: nonceProvider to: io.milton.http.http11.auth.SimpleMemoryNonceProvider@7057870e
[m[32m<TIMESTAMP>,452 [INFO ] [main] io.milton.config.HttpManagerBuilder - Reading cookie signing keys from: /tmp/blitzy/ArkCase/blitzy-<UUID>-w-053_196589/.blitzy-scratch/rt/base8/tomcat/temp/keys.txt
[m[32m<TIMESTAMP>,454 [INFO ] [main] io.milton.config.HttpManagerBuilder - Loaded Keys: 1
[m[32m<TIMESTAMP>,456 [INFO ] [main] io.milton.config.HttpManagerBuilder - set property: authenticationService to: io.milton.http.AuthenticationService@4f8d6061
[m[32m<TIMESTAMP>,461 [INFO ] [main] io.milton.config.HttpManagerBuilder - set property: propFindXmlGenerator to: io.milton.http.webdav.PropFindXmlGenerator@5cf2b1a7
[m[32m<TIMESTAMP>,463 [INFO ] [main] io.milton.config.HttpManagerBuilder - set property: http11ResponseHandler to: io.milton.http.http11.DefaultHttp11ResponseHandler@3d41386b
[m[32m<TIMESTAMP>,464 [INFO ] [main] io.milton.config.HttpManagerBuilder - form authentication is enabled, so wrap response handler with class io.milton.http.http11.auth.LoginResponseHandler
[m[32m<TIMESTAMP>,464 [INFO ] [main] io.milton.config.HttpManagerBuilder - initAnnotatedResourceFactory
[m[32m<TIMESTAMP>,465 [INFO ] [main] io.milton.config.HttpManagerBuilder - set property: handlerHelper to: io.milton.http.HandlerHelper@59b03b24
[m[32m<TIMESTAMP>,465 [INFO ] [main] io.milton.config.HttpManagerBuilder - ExpectContinue support has been disabled
[m[32m<TIMESTAMP>,467 [INFO ] [main] io.milton.config.HttpManagerBuilder - set property: resourceHandlerHelper to: io.milton.http.ResourceHandlerHelper@43e1795f
[m[32m<TIMESTAMP>,467 [INFO ] [main] io.milton.ent.config.HttpManagerBuilderEnt - buildOuterResourceFactory
[m[32m<TIMESTAMP>,467 [INFO ] [main] io.milton.ent.config.HttpManagerBuilderEnt - Enabled well-known protocol support with: class io.milton.http.WellKnownResourceFactory
[m[33m<TIMESTAMP>,467 [WARN ] [main] io.milton.ent.config.HttpManagerBuilderEnt - Using the default calendar search service. Calendar search functions may exhibit poor performance. If thats a problem implement your own: interface io.milton.http.caldav.CalendarSearchService
[m[32m<TIMESTAMP>,483 [INFO ] [main] io.milton.ent.config.HttpManagerBuilderEnt - Enabled HTTP11 protocol
[m[32m<TIMESTAMP>,493 [INFO ] [main] io.milton.http.webdav.WebDavProtocol - resourceTypeHelper: class io.milton.http.carddav.AddressBookResourceTypeHelper
[m[32m<TIMESTAMP>,494 [INFO ] [main] io.milton.http.webdav.WebDavProtocol - no quota data
[m[32m<TIMESTAMP>,501 [INFO ] [main] io.milton.ent.config.HttpManagerBuilderEnt - Enabled DAV level 1 protocol
[m
[32m<TIMESTAMP>,507 [INFO ] [main] Milton.io - Initializing Milton2 Webdav library Enterprise edition. . Local milton version: 3.0.0.246
[m
[32m<TIMESTAMP>,523 [INFO ] [main] io.milton.ent.config.HttpManagerBuilderEnt - Enabled DAV level 2 protocol
[m[32m<TIMESTAMP>,548 [INFO ] [main] io.milton.ent.config.HttpManagerBuilderEnt - Add Caldav protocol: class io.milton.http.caldav.CalDavProtocol with resource factory: io.milton.http.WellKnownResourceFactory@4cf293a7
[m[32m<TIMESTAMP>,554 [INFO ] [main] io.milton.ent.config.HttpManagerBuilderEnt - Enaled ACL Protocol
[m[32m<TIMESTAMP>,566 [INFO ] [main] io.milton.ent.config.HttpManagerBuilderEnt - Enabled CardDav protocol
[m[32m<TIMESTAMP>,566 [INFO ] [main] io.milton.ent.config.HttpManagerBuilderEnt - Enabled well-known protocol
[m[32m<TIMESTAMP>,568 [INFO ] [main] io.milton.config.HttpManagerBuilder - Starting io.milton.http.http11.auth.ExpiredNonceRemover@2bc3e076 this will remove Digest nonces from memory when they expire
[m[32m<TIMESTAMP>,568 [INFO ] [main] io.milton.servlet.SpringMiltonFilter - Finished init
[m[32m<TIMESTAMP>,589 [INFO ] [main] com.hazelcast.web.ClusteredSessionService - Retrying the connection!!
[m[32m<TIMESTAMP>,590 [INFO ] [main] com.hazelcast.web.HazelcastInstanceLoader - Using existing Hazelcast instance with name [acmHazelcastInstance] for session replication
[m[32m<TIMESTAMP>,592 [INFO ] [main] com.hazelcast.web.ClusteredSessionService - Successfully Connected!
[m[32m<TIMESTAMP>,637 [INFO ] [main] org.springframework.web.servlet.DispatcherServlet - Initializing Servlet 'Spring MVC Dispatcher Servlet'
[m[32m<TIMESTAMP>,724 [INFO ] [main] org.springframework.security.config.SecurityNamespaceHandler - Spring Security 'config' module version is 5.4.2
[m[32m<TIMESTAMP>,725 [INFO ] [main] org.springframework.security.config.method.GlobalMethodSecurityBeanDefinitionParser - Using bean 'mvcExpressionHandler' as method ExpressionHandler implementation
[m[36m<TIMESTAMP>,721 [DEBUG] [main] com.armedia.acm.configuration.scope.RefreshScope - Generating bean factory id from names: [java.util.stream.SortedOps$OfRef@5dd16583]
[m[32m<TIMESTAMP>,721 [INFO ] [main] com.armedia.acm.configuration.scope.RefreshScope - BeanFactory id=[<UUID>]
[m[32m<TIMESTAMP>,767 [INFO ] [main] org.springframework.context.support.PostProcessorRegistrationDelegate$BeanPostProcessorChecker - Bean '(inner bean)#40016240' of type [org.springframework.aop.target.LazyInitTargetSource] is not eligible for getting processed by all BeanPostProcessors (for example: not eligible for auto-proxying)
[m[32m<TIMESTAMP>,897 [INFO ] [main] org.springframework.context.support.PostProcessorRegistrationDelegate$BeanPostProcessorChecker - Bean 'org.springframework.aop.framework.ProxyFactoryBean#0' of type [org.springframework.aop.framework.ProxyFactoryBean] is not eligible for getting processed by all BeanPostProcessors (for example: not eligible for auto-proxying)
[m[32m<TIMESTAMP>,517 [INFO ] [main] org.springframework.context.support.PostProcessorRegistrationDelegate$BeanPostProcessorChecker - Bean 'org.springframework.aop.framework.ProxyFactoryBean#0' of type [com.sun.proxy.$Proxy69] is not eligible for getting processed by all BeanPostProcessors (for example: not eligible for auto-proxying)
[m[32m<TIMESTAMP>,518 [INFO ] [main] org.springframework.context.support.PostProcessorRegistrationDelegate$BeanPostProcessorChecker - Bean '(inner bean)#d9f32a7' of type [org.springframework.security.access.expression.method.ExpressionBasedAnnotationAttributeFactory] is not eligible for getting processed by all BeanPostProcessors (for example: not eligible for auto-proxying)
[m[32m<TIMESTAMP>,519 [INFO ] [main] org.springframework.context.support.PostProcessorRegistrationDelegate$BeanPostProcessorChecker - Bean '(inner bean)#5bb4a92f' of type [org.springframework.security.access.prepost.PrePostAnnotationSecurityMetadataSource] is not eligible for getting processed by all BeanPostProcessors (for example: not eligible for auto-proxying)
[m[32m<TIMESTAMP>,520 [INFO ] [main] org.springframework.context.support.PostProcessorRegistrationDelegate$BeanPostProcessorChecker - Bean 'org.springframework.security.access.method.DelegatingMethodSecurityMetadataSource#0' of type [org.springframework.security.access.method.DelegatingMethodSecurityMetadataSource] is not eligible for getting processed by all BeanPostProcessors (for example: not eligible for auto-proxying)
[m[36m<TIMESTAMP>,467 [DEBUG] [arkcase-scheduler_QuartzSchedulerThread] com.armedia.acm.spring.SpringContextHolder - Looking for beans of type: com.armedia.acm.services.ocr.job.OCRQueueJobDescriptor
[m[36m<TIMESTAMP>,468 [DEBUG] [arkcase-scheduler_QuartzSchedulerThread] com.armedia.acm.spring.SpringContextHolder - Returning 1 beans of type com.armedia.acm.services.ocr.job.OCRQueueJobDescriptor
[m[36m<TIMESTAMP>,469 [DEBUG] [arkcase-scheduler_Worker-3] com.armedia.acm.quartz.scheduler.AcmTriggerListener - Trigger [ocrQueueJobTrigger] for job [ocrQueueJob] fired. Next fire time is [<TIMESTAMP>].
[m[36m<TIMESTAMP>,469 [DEBUG] [arkcase-scheduler_Worker-3] com.armedia.acm.quartz.scheduler.AcmJobDescriptor - Start execution of job [ocrQueueJob].
[m[36m<TIMESTAMP>,473 [DEBUG] [arkcase-scheduler_Worker-3] com.armedia.acm.spring.SpringContextHolder - Looking for beans of type: com.armedia.acm.services.mediaengine.dao.MediaEngineDao
[m[36m<TIMESTAMP>,475 [DEBUG] [arkcase-scheduler_Worker-3] com.armedia.acm.spring.SpringContextHolder - Returning 3 beans of type com.armedia.acm.services.mediaengine.dao.MediaEngineDao
[m[36m<TIMESTAMP>,475 [DEBUG] [auditorExecutor-1] com.armedia.acm.services.search.service.JpaObjectsToSearchService - Sending objects to SOLR: 1 added; 0 updated; 0 deleted.
[m[36m<TIMESTAMP>,475 [DEBUG] [auditorExecutor-1] com.armedia.acm.spring.SpringContextHolder - Looking for beans of type: com.armedia.acm.services.search.service.AcmObjectToSolrDocTransformer
[m[36m<TIMESTAMP>,475 [DEBUG] [auditorExecutor-1] com.armedia.acm.spring.SpringContextHolder - Returning 42 beans of type com.armedia.acm.services.search.service.AcmObjectToSolrDocTransformer
[m[36m<TIMESTAMP>,476 [DEBUG] [auditorExecutor-1] com.armedia.acm.audit.listeners.AcmAuditDatabaseListener - Database changes auditing event handling
[m[36m<TIMESTAMP>,476 [DEBUG] [arkcase-scheduler_QuartzSchedulerThread] com.armedia.acm.spring.SpringContextHolder - Looking for beans of type: com.armedia.acm.service.objectlock.service.ReleaseExpiredLocksJobDescriptor
[m[36m<TIMESTAMP>,477 [DEBUG] [arkcase-scheduler_QuartzSchedulerThread] com.armedia.acm.spring.SpringContextHolder - Returning 1 beans of type com.armedia.acm.service.objectlock.service.ReleaseExpiredLocksJobDescriptor
[m[36m<TIMESTAMP>,477 [DEBUG] [arkcase-scheduler_Worker-4] com.armedia.acm.quartz.scheduler.AcmTriggerListener - Trigger [releaseExpiredLocksJobTrigger] for job [releaseExpiredLocksJob] fired. Next fire time is [<TIMESTAMP>].
[m[36m<TIMESTAMP>,477 [DEBUG] [arkcase-scheduler_Worker-4] com.armedia.acm.quartz.scheduler.AcmJobDescriptor - Start execution of job [releaseExpiredLocksJob].
[m[36m<TIMESTAMP>,484 [DEBUG] [auditorExecutor-2] com.armedia.acm.services.search.service.JpaObjectsToSearchService - Sending objects to SOLR: 1 added; 0 updated; 0 deleted.
[m[36m<TIMESTAMP>,484 [DEBUG] [auditorExecutor-2] com.armedia.acm.spring.SpringContextHolder - Looking for beans of type: com.armedia.acm.services.search.service.AcmObjectToSolrDocTransformer
[m[36m<TIMESTAMP>,484 [DEBUG] [auditorExecutor-2] com.armedia.acm.spring.SpringContextHolder - Returning 42 beans of type com.armedia.acm.services.search.service.AcmObjectToSolrDocTransformer
[m[36m<TIMESTAMP>,484 [DEBUG] [auditorExecutor-2] com.armedia.acm.audit.listeners.AcmAuditDatabaseListener - Database changes auditing event handling
[m[36m<TIMESTAMP>,486 [DEBUG] [arkcase-scheduler_QuartzSchedulerThread] com.armedia.acm.spring.SpringContextHolder - Looking for beans of type: com.armedia.acm.plugins.ecm.service.sync.impl.AlfrescoSyncScheduledBean
[m[36m<TIMESTAMP>,487 [DEBUG] [arkcase-scheduler_QuartzSchedulerThread] com.armedia.acm.spring.SpringContextHolder - Returning 1 beans of type com.armedia.acm.plugins.ecm.service.sync.impl.AlfrescoSyncScheduledBean
[m[36m<TIMESTAMP>,487 [DEBUG] [arkcase-scheduler_Worker-5] com.armedia.acm.quartz.scheduler.AcmTriggerListener - Trigger [alfrescoSyncScheduledJobTrigger] for job [alfrescoSyncScheduledJob] fired. Next fire time is [<TIMESTAMP>].
[m[36m<TIMESTAMP>,488 [DEBUG] [arkcase-scheduler_Worker-5] com.armedia.acm.quartz.scheduler.AcmJobDescriptor - Start execution of job [alfrescoSyncScheduledJob].
[m[36m<TIMESTAMP>,491 [DEBUG] [arkcase-scheduler_Worker-4] com.armedia.acm.quartz.scheduler.AcmJobDescriptor - Job [releaseExpiredLocksJob] finished execution.
[m[36m<TIMESTAMP>,491 [DEBUG] [arkcase-scheduler_Worker-4] com.armedia.acm.quartz.scheduler.AcmTriggerListener - Trigger [releaseExpiredLocksJobTrigger] for job [releaseExpiredLocksJob] completed.
[m[36m<TIMESTAMP>,495 [DEBUG] [auditorExecutor-3] com.armedia.acm.services.search.service.JpaObjectsToSearchService - Sending objects to SOLR: 1 added; 0 updated; 0 deleted.
[m[36m<TIMESTAMP>,495 [DEBUG] [auditorExecutor-3] com.armedia.acm.spring.SpringContextHolder - Looking for beans of type: com.armedia.acm.services.search.service.AcmObjectToSolrDocTransformer
[m[36m<TIMESTAMP>,495 [DEBUG] [auditorExecutor-3] com.armedia.acm.spring.SpringContextHolder - Returning 42 beans of type com.armedia.acm.services.search.service.AcmObjectToSolrDocTransformer
[m[36m<TIMESTAMP>,495 [DEBUG] [auditorExecutor-3] com.armedia.acm.audit.listeners.AcmAuditDatabaseListener - Database changes auditing event handling
[m[36m<TIMESTAMP>,497 [DEBUG] [auditorExecutor-4] com.armedia.acm.services.search.service.JpaObjectsToSearchService - Sending objects to SOLR: 1 added; 0 updated; 0 deleted.
[m[36m<TIMESTAMP>,497 [DEBUG] [auditorExecutor-4] com.armedia.acm.spring.SpringContextHolder - Looking for beans of type: com.armedia.acm.services.search.service.AcmObjectToSolrDocTransformer
[m[36m<TIMESTAMP>,497 [DEBUG] [auditorExecutor-4] com.armedia.acm.spring.SpringContextHolder - Returning 42 beans of type com.armedia.acm.services.search.service.AcmObjectToSolrDocTransformer
[m[36m<TIMESTAMP>,497 [DEBUG] [auditorExecutor-4] com.armedia.acm.audit.listeners.AcmAuditDatabaseListener - Database changes auditing event handling
[m[32m<TIMESTAMP>,580 [INFO ] [arkcase-scheduler_Worker-5] com.armedia.acm.plugins.ecm.service.sync.impl.AlfrescoSyncScheduledBean - Alfresco sync service is disabled - returning immediately.
[m[36m<TIMESTAMP>,580 [DEBUG] [arkcase-scheduler_Worker-5] com.armedia.acm.quartz.scheduler.AcmJobDescriptor - Job [alfrescoSyncScheduledJob] finished execution.
[m[36m<TIMESTAMP>,580 [DEBUG] [arkcase-scheduler_Worker-5] com.armedia.acm.quartz.scheduler.AcmTriggerListener - Trigger [alfrescoSyncScheduledJobTrigger] for job [alfrescoSyncScheduledJob] completed.
[m[36m<TIMESTAMP>,587 [DEBUG] [auditorExecutor-5] com.armedia.acm.services.search.service.JpaObjectsToSearchService - Sending objects to SOLR: 1 added; 0 updated; 0 deleted.
[m[36m<TIMESTAMP>,587 [DEBUG] [auditorExecutor-5] com.armedia.acm.spring.SpringContextHolder - Looking for beans of type: com.armedia.acm.services.search.service.AcmObjectToSolrDocTransformer
[m[36m<TIMESTAMP>,587 [DEBUG] [auditorExecutor-5] com.armedia.acm.spring.SpringContextHolder - Returning 42 beans of type com.armedia.acm.services.search.service.AcmObjectToSolrDocTransformer
[m[36m<TIMESTAMP>,587 [DEBUG] [auditorExecutor-5] com.armedia.acm.audit.listeners.AcmAuditDatabaseListener - Database changes auditing event handling
[m[36m<TIMESTAMP>,776 [DEBUG] [arkcase-scheduler_Worker-3] com.armedia.acm.quartz.scheduler.AcmJobDescriptor - Job [ocrQueueJob] finished execution.
[m[36m<TIMESTAMP>,776 [DEBUG] [arkcase-scheduler_Worker-3] com.armedia.acm.quartz.scheduler.AcmTriggerListener - Trigger [ocrQueueJobTrigger] for job [ocrQueueJob] completed.
[m[36m<TIMESTAMP>,785 [DEBUG] [auditorExecutor-1] com.armedia.acm.services.search.service.JpaObjectsToSearchService - Sending objects to SOLR: 1 added; 0 updated; 0 deleted.
[m[36m<TIMESTAMP>,785 [DEBUG] [auditorExecutor-1] com.armedia.acm.spring.SpringContextHolder - Looking for beans of type: com.armedia.acm.services.search.service.AcmObjectToSolrDocTransformer
[m[36m<TIMESTAMP>,785 [DEBUG] [auditorExecutor-1] com.armedia.acm.spring.SpringContextHolder - Returning 42 beans of type com.armedia.acm.services.search.service.AcmObjectToSolrDocTransformer
[m[36m<TIMESTAMP>,785 [DEBUG] [auditorExecutor-1] com.armedia.acm.audit.listeners.AcmAuditDatabaseListener - Database changes auditing event handling
[m[32m<TIMESTAMP>,825 [INFO ] [main] org.springframework.scheduling.concurrent.ThreadPoolTaskExecutor - Initializing ExecutorService 'clientInboundChannelExecutor'
[m[32m<TIMESTAMP>,277 [INFO ] [main] org.springframework.scheduling.concurrent.ThreadPoolTaskExecutor - Initializing ExecutorService 'clientOutboundChannelExecutor'
[m[32m<TIMESTAMP>,608 [INFO ] [main] org.springframework.scheduling.concurrent.ThreadPoolTaskScheduler - Initializing ExecutorService 'messageBrokerScheduler'
[m[32m<TIMESTAMP>,525 [INFO ] [main] org.springframework.scheduling.concurrent.ThreadPoolTaskExecutor - Initializing ExecutorService '(inner bean)#126b4c2c'
[m[32m<TIMESTAMP>,525 [INFO ] [main] org.springframework.scheduling.concurrent.ThreadPoolTaskExecutor - Initializing ExecutorService '(inner bean)#499afa3d'
[m[36m<TIMESTAMP>,468 [DEBUG] [arkcase-scheduler_QuartzSchedulerThread] com.armedia.acm.spring.SpringContextHolder - Looking for beans of type: com.armedia.acm.service.objectlock.service.ReleaseExpiredLocksJobDescriptor
[m[36m<TIMESTAMP>,468 [DEBUG] [arkcase-scheduler_QuartzSchedulerThread] com.armedia.acm.spring.SpringContextHolder - Returning 1 beans of type com.armedia.acm.service.objectlock.service.ReleaseExpiredLocksJobDescriptor
[m[36m<TIMESTAMP>,468 [DEBUG] [arkcase-scheduler_Worker-6] com.armedia.acm.quartz.scheduler.AcmTriggerListener - Trigger [releaseExpiredLocksJobTrigger] for job [releaseExpiredLocksJob] fired. Next fire time is [<TIMESTAMP>].
[m[36m<TIMESTAMP>,469 [DEBUG] [arkcase-scheduler_Worker-6] com.armedia.acm.quartz.scheduler.AcmJobDescriptor - Start execution of job [releaseExpiredLocksJob].
[m[36m<TIMESTAMP>,472 [DEBUG] [arkcase-scheduler_Worker-6] com.armedia.acm.quartz.scheduler.AcmJobDescriptor - Job [releaseExpiredLocksJob] finished execution.
[m[36m<TIMESTAMP>,472 [DEBUG] [arkcase-scheduler_Worker-6] com.armedia.acm.quartz.scheduler.AcmTriggerListener - Trigger [releaseExpiredLocksJobTrigger] for job [releaseExpiredLocksJob] completed.
[m[36m<TIMESTAMP>,478 [DEBUG] [arkcase-scheduler_QuartzSchedulerThread] com.armedia.acm.spring.SpringContextHolder - Looking for beans of type: com.armedia.acm.plugins.ecm.service.sync.impl.AlfrescoSyncScheduledBean
[m[36m<TIMESTAMP>,478 [DEBUG] [arkcase-scheduler_QuartzSchedulerThread] com.armedia.acm.spring.SpringContextHolder - Returning 1 beans of type com.armedia.acm.plugins.ecm.service.sync.impl.AlfrescoSyncScheduledBean
[m[36m<TIMESTAMP>,478 [DEBUG] [auditorExecutor-2] com.armedia.acm.services.search.service.JpaObjectsToSearchService - Sending objects to SOLR: 1 added; 0 updated; 0 deleted.
[m[36m<TIMESTAMP>,478 [DEBUG] [arkcase-scheduler_Worker-7] com.armedia.acm.quartz.scheduler.AcmTriggerListener - Trigger [alfrescoSyncScheduledJobTrigger] for job [alfrescoSyncScheduledJob] fired. Next fire time is [<TIMESTAMP>].
[m[36m<TIMESTAMP>,478 [DEBUG] [auditorExecutor-2] com.armedia.acm.spring.SpringContextHolder - Looking for beans of type: com.armedia.acm.services.search.service.AcmObjectToSolrDocTransformer
[m[36m<TIMESTAMP>,479 [DEBUG] [auditorExecutor-2] com.armedia.acm.spring.SpringContextHolder - Returning 42 beans of type com.armedia.acm.services.search.service.AcmObjectToSolrDocTransformer
[m[36m<TIMESTAMP>,479 [DEBUG] [arkcase-scheduler_Worker-7] com.armedia.acm.quartz.scheduler.AcmJobDescriptor - Start execution of job [alfrescoSyncScheduledJob].
[m[36m<TIMESTAMP>,479 [DEBUG] [auditorExecutor-2] com.armedia.acm.audit.listeners.AcmAuditDatabaseListener - Database changes auditing event handling
[m[32m<TIMESTAMP>,479 [INFO ] [arkcase-scheduler_Worker-7] com.armedia.acm.plugins.ecm.service.sync.impl.AlfrescoSyncScheduledBean - Alfresco sync service is disabled - returning immediately.
[m[36m<TIMESTAMP>,479 [DEBUG] [arkcase-scheduler_Worker-7] com.armedia.acm.quartz.scheduler.AcmJobDescriptor - Job [alfrescoSyncScheduledJob] finished execution.
[m[36m<TIMESTAMP>,479 [DEBUG] [arkcase-scheduler_Worker-7] com.armedia.acm.quartz.scheduler.AcmTriggerListener - Trigger [alfrescoSyncScheduledJobTrigger] for job [alfrescoSyncScheduledJob] completed.
[m[36m<TIMESTAMP>,481 [DEBUG] [auditorExecutor-3] com.armedia.acm.services.search.service.JpaObjectsToSearchService - Sending objects to SOLR: 1 added; 0 updated; 0 deleted.
[m[36m<TIMESTAMP>,481 [DEBUG] [auditorExecutor-3] com.armedia.acm.spring.SpringContextHolder - Looking for beans of type: com.armedia.acm.services.search.service.AcmObjectToSolrDocTransformer
[m[36m<TIMESTAMP>,481 [DEBUG] [auditorExecutor-3] com.armedia.acm.spring.SpringContextHolder - Returning 42 beans of type com.armedia.acm.services.search.service.AcmObjectToSolrDocTransformer
[m[36m<TIMESTAMP>,481 [DEBUG] [auditorExecutor-3] com.armedia.acm.audit.listeners.AcmAuditDatabaseListener - Database changes auditing event handling
[m[36m<TIMESTAMP>,487 [DEBUG] [auditorExecutor-5] com.armedia.acm.services.search.service.JpaObjectsToSearchService - Sending objects to SOLR: 1 added; 0 updated; 0 deleted.
[m[36m<TIMESTAMP>,487 [DEBUG] [auditorExecutor-4] com.armedia.acm.services.search.service.JpaObjectsToSearchService - Sending objects to SOLR: 1 added; 0 updated; 0 deleted.
[m[36m<TIMESTAMP>,487 [DEBUG] [auditorExecutor-5] com.armedia.acm.spring.SpringContextHolder - Looking for beans of type: com.armedia.acm.services.search.service.AcmObjectToSolrDocTransformer
[m[36m<TIMESTAMP>,487 [DEBUG] [auditorExecutor-4] com.armedia.acm.spring.SpringContextHolder - Looking for beans of type: com.armedia.acm.services.search.service.AcmObjectToSolrDocTransformer
[m[36m<TIMESTAMP>,487 [DEBUG] [auditorExecutor-4] com.armedia.acm.spring.SpringContextHolder - Returning 42 beans of type com.armedia.acm.services.search.service.AcmObjectToSolrDocTransformer
[m[36m<TIMESTAMP>,487 [DEBUG] [auditorExecutor-5] com.armedia.acm.spring.SpringContextHolder - Returning 42 beans of type com.armedia.acm.services.search.service.AcmObjectToSolrDocTransformer
[m[36m<TIMESTAMP>,487 [DEBUG] [auditorExecutor-5] com.armedia.acm.audit.listeners.AcmAuditDatabaseListener - Database changes auditing event handling
[m[36m<TIMESTAMP>,487 [DEBUG] [auditorExecutor-4] com.armedia.acm.audit.listeners.AcmAuditDatabaseListener - Database changes auditing event handling
[m[36m<TIMESTAMP>,389 [DEBUG] [main] com.armedia.acm.userinterface.angular.AngularResourceCopier - modulesRoot: [ServletContext resource [/resources]]
[m[32m<TIMESTAMP>,390 [INFO ] [main] com.armedia.acm.userinterface.angular.AngularResourceCopier - lib folder path: /tmp/blitzy/ArkCase/blitzy-<UUID>-w-053_196589/.blitzy-scratch/rt/base8/home/.arkcase/tmp/lib
[m[36m<TIMESTAMP>,496 [DEBUG] [main] com.armedia.acm.userinterface.angular.AngularResourceCopier - [/tmp/blitzy/ArkCase/blitzy-<UUID>-w-053_196589/.blitzy-scratch/rt/base8/home/.arkcase/tmp/modules/audit/module_config/config.json] has been modified - copying it
[m[36m<TIMESTAMP>,497 [DEBUG] [main] com.armedia.acm.userinterface.angular.AngularResourceCopier - [/tmp/blitzy/ArkCase/blitzy-<UUID>-w-053_196589/.blitzy-scratch/rt/base8/home/.arkcase/tmp/modules/cases/module_config/config.json] has been modified - copying it
[m[36m<TIMESTAMP>,558 [DEBUG] [main] com.armedia.acm.userinterface.angular.AngularResourceCopier - [/tmp/blitzy/ArkCase/blitzy-<UUID>-w-053_196589/.blitzy-scratch/rt/base8/home/.arkcase/tmp/modules/admin/module_config/config.json] has been modified - copying it
[m[36m<TIMESTAMP>,560 [DEBUG] [main] com.armedia.acm.userinterface.angular.AngularResourceCopier - [/tmp/blitzy/ArkCase/blitzy-<UUID>-w-053_196589/.blitzy-scratch/rt/base8/home/.arkcase/tmp/modules/tags/module_config/config.json] has been modified - copying it
[m[36m<TIMESTAMP>,563 [DEBUG] [main] com.armedia.acm.userinterface.angular.AngularResourceCopier - [/tmp/blitzy/ArkCase/blitzy-<UUID>-w-053_196589/.blitzy-scratch/rt/base8/home/.arkcase/tmp/modules/reports/module_config/config.json] has been modified - copying it
[m[36m<TIMESTAMP>,564 [DEBUG] [main] com.armedia.acm.userinterface.angular.AngularResourceCopier - [/tmp/blitzy/ArkCase/blitzy-<UUID>-w-053_196589/.blitzy-scratch/rt/base8/home/.arkcase/tmp/modules/notifications/module_config/config.json] has been modified - copying it
[m[36m<TIMESTAMP>,566 [DEBUG] [main] com.armedia.acm.userinterface.angular.AngularResourceCopier - [/tmp/blitzy/ArkCase/blitzy-<UUID>-w-053_196589/.blitzy-scratch/rt/base8/home/.arkcase/tmp/modules/time-tracking/module_config/config.json] has been modified - copying it
[m[36m<TIMESTAMP>,577 [DEBUG] [main] com.armedia.acm.userinterface.angular.AngularResourceCopier - [/tmp/blitzy/ArkCase/blitzy-<UUID>-w-053_196589/.blitzy-scratch/rt/base8/home/.arkcase/tmp/modules/preference/module_config/config.json] has been modified - copying it
[m[36m<TIMESTAMP>,578 [DEBUG] [main] com.armedia.acm.userinterface.angular.AngularResourceCopier - [/tmp/blitzy/ArkCase/blitzy-<UUID>-w-053_196589/.blitzy-scratch/rt/base8/home/.arkcase/tmp/modules/welcome/module_config/config.json] has been modified - copying it
[m[36m<TIMESTAMP>,588 [DEBUG] [main] com.armedia.acm.userinterface.angular.AngularResourceCopier - [/tmp/blitzy/ArkCase/blitzy-<UUID>-w-053_196589/.blitzy-scratch/rt/base8/home/.arkcase/tmp/modules/people/module_config/config.json] has been modified - copying it
[m[36m<TIMESTAMP>,590 [DEBUG] [main] com.armedia.acm.userinterface.angular.AngularResourceCopier - [/tmp/blitzy/ArkCase/blitzy-<UUID>-w-053_196589/.blitzy-scratch/rt/base8/home/.arkcase/tmp/modules/subscriptions/module_config/config.json] has been modified - copying it
[m[36m<TIMESTAMP>,591 [DEBUG] [main] com.armedia.acm.userinterface.angular.AngularResourceCopier - [/tmp/blitzy/ArkCase/blitzy-<UUID>-w-053_196589/.blitzy-scratch/rt/base8/home/.arkcase/tmp/modules/common/module_config/config.json] has been modified - copying it
[m[36m<TIMESTAMP>,599 [DEBUG] [main] com.armedia.acm.userinterface.angular.AngularResourceCopier - [/tmp/blitzy/ArkCase/blitzy-<UUID>-w-053_196589/.blitzy-scratch/rt/base8/home/.arkcase/tmp/modules/organizations/module_config/config.json] has been modified - copying it
[m[36m<TIMESTAMP>,609 [DEBUG] [main] com.armedia.acm.userinterface.angular.AngularResourceCopier - [/tmp/blitzy/ArkCase/blitzy-<UUID>-w-053_196589/.blitzy-scratch/rt/base8/home/.arkcase/tmp/modules/search/module_config/config.json] has been modified - copying it
[m[36m<TIMESTAMP>,612 [DEBUG] [main] com.armedia.acm.userinterface.angular.AngularResourceCopier - [/tmp/blitzy/ArkCase/blitzy-<UUID>-w-053_196589/.blitzy-scratch/rt/base8/home/.arkcase/tmp/modules/cost-tracking/module_config/config.json] has been modified - copying it
[m[36m<TIMESTAMP>,618 [DEBUG] [main] com.armedia.acm.userinterface.angular.AngularResourceCopier - [/tmp/blitzy/ArkCase/blitzy-<UUID>-w-053_196589/.blitzy-scratch/rt/base8/home/.arkcase/tmp/modules/consultations/module_config/config.json] has been modified - copying it
[m[36m<TIMESTAMP>,628 [DEBUG] [main] com.armedia.acm.userinterface.angular.AngularResourceCopier - [/tmp/blitzy/ArkCase/blitzy-<UUID>-w-053_196589/.blitzy-scratch/rt/base8/home/.arkcase/tmp/modules/adhoc-reports/module_config/config.json] has been modified - copying it
[m[36m<TIMESTAMP>,641 [DEBUG] [main] com.armedia.acm.userinterface.angular.AngularResourceCopier - [/tmp/blitzy/ArkCase/blitzy-<UUID>-w-053_196589/.blitzy-scratch/rt/base8/home/.arkcase/tmp/modules/tasks/module_config/config.json] has been modified - copying it
[m[36m<TIMESTAMP>,645 [DEBUG] [main] com.armedia.acm.userinterface.angular.AngularResourceCopier - [/tmp/blitzy/ArkCase/blitzy-<UUID>-w-053_196589/.blitzy-scratch/rt/base8/home/.arkcase/tmp/modules/profile/module_config/config.json] has been modified - copying it
[m[36m<TIMESTAMP>,647 [DEBUG] [main] com.armedia.acm.userinterface.angular.AngularResourceCopier - [/tmp/blitzy/ArkCase/blitzy-<UUID>-w-053_196589/.blitzy-scratch/rt/base8/home/.arkcase/tmp/modules/goodbye/module_config/config.json] has been modified - copying it
[m[36m<TIMESTAMP>,651 [DEBUG] [main] com.armedia.acm.userinterface.angular.AngularResourceCopier - [/tmp/blitzy/ArkCase/blitzy-<UUID>-w-053_196589/.blitzy-scratch/rt/base8/home/.arkcase/tmp/modules/frevvo/module_config/config.json] has been modified - copying it
[m[36m<TIMESTAMP>,652 [DEBUG] [main] com.armedia.acm.userinterface.angular.AngularResourceCopier - [/tmp/blitzy/ArkCase/blitzy-<UUID>-w-053_196589/.blitzy-scratch/rt/base8/home/.arkcase/tmp/modules/progress-bar/module_config/config.json] has been modified - copying it
[m[36m<TIMESTAMP>,661 [DEBUG] [main] com.armedia.acm.userinterface.angular.AngularResourceCopier - [/tmp/blitzy/ArkCase/blitzy-<UUID>-w-053_196589/.blitzy-scratch/rt/base8/home/.arkcase/tmp/modules/complaints/module_config/config.json] has been modified - copying it
[m[36m<TIMESTAMP>,667 [DEBUG] [main] com.armedia.acm.userinterface.angular.AngularResourceCopier - [/tmp/blitzy/ArkCase/blitzy-<UUID>-w-053_196589/.blitzy-scratch/rt/base8/home/.arkcase/tmp/modules/my-documents/module_config/config.json] has been modified - copying it
[m[36m<TIMESTAMP>,670 [DEBUG] [main] com.armedia.acm.userinterface.angular.AngularResourceCopier - [/tmp/blitzy/ArkCase/blitzy-<UUID>-w-053_196589/.blitzy-scratch/rt/base8/home/.arkcase/tmp/modules/analytics-audit/module_config/config.json] has been modified - copying it
[m[36m<TIMESTAMP>,677 [DEBUG] [main] com.armedia.acm.userinterface.angular.AngularResourceCopier - [/tmp/blitzy/ArkCase/blitzy-<UUID>-w-053_196589/.blitzy-scratch/rt/base8/home/.arkcase/tmp/modules/document-details/module_config/config.json] has been modified - copying it
[m[36m<TIMESTAMP>,699 [DEBUG] [main] com.armedia.acm.userinterface.angular.AngularResourceCopier - [/tmp/blitzy/ArkCase/blitzy-<UUID>-w-053_196589/.blitzy-scratch/rt/base8/home/.arkcase/tmp/modules/dashboard/module_config/config.json] has been modified - copying it
[m[36m<TIMESTAMP>,703 [DEBUG] [main] com.armedia.acm.userinterface.angular.AngularResourceCopier - [/tmp/blitzy/ArkCase/blitzy-<UUID>-w-053_196589/.blitzy-scratch/rt/base8/home/.arkcase/tmp/modules/document-repository/module_config/config.json] has been modified - copying it
[m[36m<TIMESTAMP>,709 [DEBUG] [main] com.armedia.acm.userinterface.angular.AngularResourceCopier - [/tmp/blitzy/ArkCase/blitzy-<UUID>-w-053_196589/.blitzy-scratch/rt/base8/home/.arkcase/tmp/modules/core/module_config/config.json] has been modified - copying it
[m[36m<TIMESTAMP>,712 [DEBUG] [main] com.armedia.acm.userinterface.angular.AngularResourceCopier - [/tmp/blitzy/ArkCase/blitzy-<UUID>-w-053_196589/.blitzy-scratch/rt/base8/home/.arkcase/tmp/modules/analytics/module_config/config.json] has been modified - copying it
[m[36m<TIMESTAMP>,759 [DEBUG] [main] com.armedia.acm.userinterface.angular.AngularResourceCopier - About to run [yarn --skip-integrity-check --ignore-engines --no-progress --non-interactive install]
[m[36m<TIMESTAMP>,925 [DEBUG] [Exec Stream Pumper] com.armedia.acm.userinterface.angular.AngularResourceCopier - yarn install v1.22.22
[m[36m<TIMESTAMP>,938 [DEBUG] [Exec Stream Pumper] com.armedia.acm.userinterface.angular.AngularResourceCopier - warning package.json: No license field
[m[36m<TIMESTAMP>,938 [DEBUG] [Exec Stream Pumper] com.armedia.acm.userinterface.angular.AngularResourceCopier - warning package.json: "dependencies" has dependency "grunt" with range "~0.4.5" that collides with a dependency in "devDependencies" of the same name with version "^0.4.5"
[m[36m<TIMESTAMP>,012 [DEBUG] [Exec Stream Pumper] com.armedia.acm.userinterface.angular.AngularResourceCopier - warning ArkCaseFrontend@0.0.1: No license field
[m[36m<TIMESTAMP>,012 [DEBUG] [Exec Stream Pumper] com.armedia.acm.userinterface.angular.AngularResourceCopier - warning ArkCaseFrontend@0.0.1: "dependencies" has dependency "grunt" with range "~0.4.5" that collides with a dependency in "devDependencies" of the same name with version "^0.4.5"
[m[36m<TIMESTAMP>,014 [DEBUG] [Exec Stream Pumper] com.armedia.acm.userinterface.angular.AngularResourceCopier - [1/4] Resolving packages...
[m[36m<TIMESTAMP>,614 [DEBUG] [Exec Stream Pumper] com.armedia.acm.userinterface.angular.AngularResourceCopier - warning angular-moment-picker > angular@1.8.3: For the actively supported Angular, see https://www.npmjs.com/package/@angular/core. AngularJS support has officially ended. For extended AngularJS support options, see https://goo.gle/angularjs-path-forward.
[m[36m<TIMESTAMP>,674 [DEBUG] [Exec Stream Pumper] com.armedia.acm.userinterface.angular.AngularResourceCopier - [2/4] Fetching packages...
[m[36m<TIMESTAMP>,030 [DEBUG] [Exec Stream Pumper] com.armedia.acm.userinterface.angular.AngularResourceCopier - [3/4] Linking dependencies...
[m[36m<TIMESTAMP>,033 [DEBUG] [Exec Stream Pumper] com.armedia.acm.userinterface.angular.AngularResourceCopier - warning " > @bower_components/angular-bootstrap@0.13.4" has unmet peer dependency "angular@^1.3.x || >= 1.4.0-beta.0 || >= 1.5.0-beta.0".
[m[36m<TIMESTAMP>,033 [DEBUG] [Exec Stream Pumper] com.armedia.acm.userinterface.angular.AngularResourceCopier - warning " > @bower_components/angular-bootstrap@0.13.4" has unmet peer dependency "bootstrap@^3.x".
[m[36m<TIMESTAMP>,033 [DEBUG] [Exec Stream Pumper] com.armedia.acm.userinterface.angular.AngularResourceCopier - warning " > @bower_components/angular-cache@4.6.0" has unmet peer dependency "angular@>=1.x <2".
[m[36m<TIMESTAMP>,033 [DEBUG] [Exec Stream Pumper] com.armedia.acm.userinterface.angular.AngularResourceCopier - warning " > @bower_components/angular-ui-scroll@1.8.2" has unmet peer dependency "angular@>=1.2.0".
[m[36m<TIMESTAMP>,034 [DEBUG] [Exec Stream Pumper] com.armedia.acm.userinterface.angular.AngularResourceCopier - warning "@bower_components/ngBootbox > bootstrap@4.5.3" has unmet peer dependency "popper.js@^1.16.1".
[m[36m<TIMESTAMP>,552 [DEBUG] [Exec Stream Pumper] com.armedia.acm.userinterface.angular.AngularResourceCopier - [4/4] Building fresh packages...
[m[36m<TIMESTAMP>,625 [DEBUG] [Exec Stream Pumper] com.armedia.acm.userinterface.angular.AngularResourceCopier - success Saved lockfile.
[m[36m<TIMESTAMP>,628 [DEBUG] [Exec Stream Pumper] com.armedia.acm.userinterface.angular.AngularResourceCopier - Done in 3.71s.
[m[36m<TIMESTAMP>,652 [DEBUG] [main] com.armedia.acm.userinterface.angular.AngularResourceCopier - done with [yarn --skip-integrity-check --ignore-engines --no-progress --non-interactive install]: exit code 0
[m[36m<TIMESTAMP>,654 [DEBUG] [main] com.armedia.acm.userinterface.angular.AngularResourceCopier - Copy resources for specific profile [custom]
[m[36m<TIMESTAMP>,654 [DEBUG] [main] com.armedia.acm.userinterface.angular.AngularResourceCopier - Not copying resources under [/resources/custom_assets], since no such resources exist.
[m[36m<TIMESTAMP>,654 [DEBUG] [main] com.armedia.acm.userinterface.angular.AngularResourceCopier - Not copying resources under [/resources/custom_config], since no such resources exist.
[m[36m<TIMESTAMP>,655 [DEBUG] [main] com.armedia.acm.userinterface.angular.AngularResourceCopier - Not copying resources under [/resources/custom_directives], since no such resources exist.
[m[36m<TIMESTAMP>,655 [DEBUG] [main] com.armedia.acm.userinterface.angular.AngularResourceCopier - Not copying resources under [/resources/custom_modules], since no such resources exist.
[m[36m<TIMESTAMP>,655 [DEBUG] [main] com.armedia.acm.userinterface.angular.AngularResourceCopier - Not copying resources under [/resources/custom_services], since no such resources exist.
[m[36m<TIMESTAMP>,655 [DEBUG] [main] com.armedia.acm.userinterface.angular.AngularResourceCopier - Not copying resources under [/resources/custom_filters], since no such resources exist.
[m[36m<TIMESTAMP>,655 [DEBUG] [main] com.armedia.acm.userinterface.angular.AngularResourceCopier - Not copying resources under [/resources/custom_lib], since no such resources exist.
[m[36m<TIMESTAMP>,655 [DEBUG] [main] com.armedia.acm.userinterface.angular.AngularResourceCopier - About to run [node_modules/.bin/grunt updateModulesConfig --no-color]
[m[36m<TIMESTAMP>,854 [DEBUG] [Exec Stream Pumper] com.armedia.acm.userinterface.angular.AngularResourceCopier - Custom config does not exist..continuing..
[m[36m<TIMESTAMP>,854 [DEBUG] [Exec Stream Pumper] com.armedia.acm.userinterface.angular.AngularResourceCopier - External custom config does not exist..continuing..
[m[36m<TIMESTAMP>,508 [DEBUG] [Exec Stream Pumper] com.armedia.acm.userinterface.angular.AngularResourceCopier - Loading "sass.js" tasks...ERROR
[m[36m<TIMESTAMP>,508 [DEBUG] [Exec Stream Pumper] com.armedia.acm.userinterface.angular.AngularResourceCopier - >> Error: Node Sass does not yet support your current environment: Linux 64-bit with Unsupported runtime (57)
[m[36m<TIMESTAMP>,508 [DEBUG] [Exec Stream Pumper] com.armedia.acm.userinterface.angular.AngularResourceCopier - >> For more information on which environments are supported please see:
[m[36m<TIMESTAMP>,508 [DEBUG] [Exec Stream Pumper] com.armedia.acm.userinterface.angular.AngularResourceCopier - >> https://github.com/sass/node-sass/releases/tag/v3.13.1
[m[36m<TIMESTAMP>,509 [DEBUG] [Exec Stream Pumper] com.armedia.acm.userinterface.angular.AngularResourceCopier - 
[m[36m<TIMESTAMP>,509 [DEBUG] [Exec Stream Pumper] com.armedia.acm.userinterface.angular.AngularResourceCopier - Running "updateModulesConfig" task
[m[36m<TIMESTAMP>,549 [DEBUG] [Exec Stream Pumper] com.armedia.acm.userinterface.angular.AngularResourceCopier - 
[m[36m<TIMESTAMP>,549 [DEBUG] [Exec Stream Pumper] com.armedia.acm.userinterface.angular.AngularResourceCopier - Done, without errors.
[m[36m<TIMESTAMP>,558 [DEBUG] [main] com.armedia.acm.userinterface.angular.AngularResourceCopier - done with [node_modules/.bin/grunt updateModulesConfig --no-color]: exit code 0
[m[36m<TIMESTAMP>,051 [DEBUG] [main] com.armedia.acm.userinterface.angular.AngularResourceCopier - Found 41478 files in tmp folder
[m[36m<TIMESTAMP>,052 [DEBUG] [main] com.armedia.acm.userinterface.angular.AngularResourceCopier - File to be removed: /tmp/blitzy/ArkCase/blitzy-<UUID>-w-053_196589/.blitzy-scratch/rt/base8/home/.arkcase/tmp/home.html
[m[36m<TIMESTAMP>,061 [DEBUG] [main] com.armedia.acm.userinterface.angular.AngularResourceCopier - File to be removed: /tmp/blitzy/ArkCase/blitzy-<UUID>-w-053_196589/.blitzy-scratch/rt/base8/home/.arkcase/tmp/assets/dist/application.js
[m[36m<TIMESTAMP>,061 [DEBUG] [main] com.armedia.acm.userinterface.angular.AngularResourceCopier - File to be removed: /tmp/blitzy/ArkCase/blitzy-<UUID>-w-053_196589/.blitzy-scratch/rt/base8/home/.arkcase/tmp/assets/dist/application.min.css
[m[36m<TIMESTAMP>,061 [DEBUG] [main] com.armedia.acm.userinterface.angular.AngularResourceCopier - File to be removed: /tmp/blitzy/ArkCase/blitzy-<UUID>-w-053_196589/.blitzy-scratch/rt/base8/home/.arkcase/tmp/assets/dist/vendors.min.js
[m[36m<TIMESTAMP>,061 [DEBUG] [main] com.armedia.acm.userinterface.angular.AngularResourceCopier - File to be removed: /tmp/blitzy/ArkCase/blitzy-<UUID>-w-053_196589/.blitzy-scratch/rt/base8/home/.arkcase/tmp/assets/dist/application.min.js.39e23e3b13830a51.map
[m[36m<TIMESTAMP>,061 [DEBUG] [main] com.armedia.acm.userinterface.angular.AngularResourceCopier - File to be removed: /tmp/blitzy/ArkCase/blitzy-<UUID>-w-053_196589/.blitzy-scratch/rt/base8/home/.arkcase/tmp/assets/dist/application.min.9fdf95182478d514.css
[m[36m<TIMESTAMP>,061 [DEBUG] [main] com.armedia.acm.userinterface.angular.AngularResourceCopier - File to be removed: /tmp/blitzy/ArkCase/blitzy-<UUID>-w-053_196589/.blitzy-scratch/rt/base8/home/.arkcase/tmp/assets/dist/application.min.js.map
[m[36m<TIMESTAMP>,061 [DEBUG] [main] com.armedia.acm.userinterface.angular.AngularResourceCopier - File to be removed: /tmp/blitzy/ArkCase/blitzy-<UUID>-w-053_196589/.blitzy-scratch/rt/base8/home/.arkcase/tmp/assets/dist/application.min.8d22a7a8e12bda0a.js
[m[36m<TIMESTAMP>,061 [DEBUG] [main] com.armedia.acm.userinterface.angular.AngularResourceCopier - File to be removed: /tmp/blitzy/ArkCase/blitzy-<UUID>-w-053_196589/.blitzy-scratch/rt/base8/home/.arkcase/tmp/assets/dist/application.ef1612bbd7993382.js
[m[36m<TIMESTAMP>,061 [DEBUG] [main] com.armedia.acm.userinterface.angular.AngularResourceCopier - File to be removed: /tmp/blitzy/ArkCase/blitzy-<UUID>-w-053_196589/.blitzy-scratch/rt/base8/home/.arkcase/tmp/assets/dist/application.min.js
[m[36m<TIMESTAMP>,061 [DEBUG] [main] com.armedia.acm.userinterface.angular.AngularResourceCopier - File to be removed: /tmp/blitzy/ArkCase/blitzy-<UUID>-w-053_196589/.blitzy-scratch/rt/base8/home/.arkcase/tmp/assets/dist/vendors.min.59439035604af96f.js
[m[36m<TIMESTAMP>,061 [DEBUG] [main] com.armedia.acm.userinterface.angular.AngularResourceCopier - File to be removed: /tmp/blitzy/ArkCase/blitzy-<UUID>-w-053_196589/.blitzy-scratch/rt/base8/home/.arkcase/tmp/modules_config/config/modules.json
[m[36m<TIMESTAMP>,061 [DEBUG] [main] com.armedia.acm.userinterface.angular.AngularResourceCopier - File to be removed: /tmp/blitzy/ArkCase/blitzy-<UUID>-w-053_196589/.blitzy-scratch/rt/base8/home/.arkcase/tmp/modules_config/config/modules/notifications/config.json
[m[36m<TIMESTAMP>,061 [DEBUG] [main] com.armedia.acm.userinterface.angular.AngularResourceCopier - File to be removed: /tmp/blitzy/ArkCase/blitzy-<UUID>-w-053_196589/.blitzy-scratch/rt/base8/home/.arkcase/tmp/modules_config/config/modules/cases/config.json
[m[36m<TIMESTAMP>,061 [DEBUG] [main] com.armedia.acm.userinterface.angular.AngularResourceCopier - File to be removed: /tmp/blitzy/ArkCase/blitzy-<UUID>-w-053_196589/.blitzy-scratch/rt/base8/home/.arkcase/tmp/modules_config/config/modules/consultations/config.json
[m[36m<TIMESTAMP>,061 [DEBUG] [main] com.armedia.acm.userinterface.angular.AngularResourceCopier - File to be removed: /tmp/blitzy/ArkCase/blitzy-<UUID>-w-053_196589/.blitzy-scratch/rt/base8/home/.arkcase/tmp/modules_config/config/modules/people/config.json
[m[36m<TIMESTAMP>,061 [DEBUG] [main] com.armedia.acm.userinterface.angular.AngularResourceCopier - File to be removed: /tmp/blitzy/ArkCase/blitzy-<UUID>-w-053_196589/.blitzy-scratch/rt/base8/home/.arkcase/tmp/modules_config/config/modules/organizations/config.json
[m[36m<TIMESTAMP>,061 [DEBUG] [main] com.armedia.acm.userinterface.angular.AngularResourceCopier - File to be removed: /tmp/blitzy/ArkCase/blitzy-<UUID>-w-053_196589/.blitzy-scratch/rt/base8/home/.arkcase/tmp/modules_config/config/modules/reports/config.json
[m[36m<TIMESTAMP>,061 [DEBUG] [main] com.armedia.acm.userinterface.angular.AngularResourceCopier - File to be removed: /tmp/blitzy/ArkCase/blitzy-<UUID>-w-053_196589/.blitzy-scratch/rt/base8/home/.arkcase/tmp/modules_config/config/modules/document-repository/config.json
[m[36m<TIMESTAMP>,061 [DEBUG] [main] com.armedia.acm.userinterface.angular.AngularResourceCopier - File to be removed: /tmp/blitzy/ArkCase/blitzy-<UUID>-w-053_196589/.blitzy-scratch/rt/base8/home/.arkcase/tmp/modules_config/config/modules/audit/config.json
[m[36m<TIMESTAMP>,061 [DEBUG] [main] com.armedia.acm.userinterface.angular.AngularResourceCopier - File to be removed: /tmp/blitzy/ArkCase/blitzy-<UUID>-w-053_196589/.blitzy-scratch/rt/base8/home/.arkcase/tmp/modules_config/config/modules/analytics-audit/config.json
[m[36m<TIMESTAMP>,061 [DEBUG] [main] com.armedia.acm.userinterface.angular.AngularResourceCopier - File to be removed: /tmp/blitzy/ArkCase/blitzy-<UUID>-w-053_196589/.blitzy-scratch/rt/base8/home/.arkcase/tmp/modules_config/config/modules/my-documents/config.json
[m[36m<TIMESTAMP>,061 [DEBUG] [main] com.armedia.acm.userinterface.angular.AngularResourceCopier - File to be removed: /tmp/blitzy/ArkCase/blitzy-<UUID>-w-053_196589/.blitzy-scratch/rt/base8/home/.arkcase/tmp/modules_config/config/modules/tags/config.json
[m[36m<TIMESTAMP>,061 [DEBUG] [main] com.armedia.acm.userinterface.angular.AngularResourceCopier - File to be removed: /tmp/blitzy/ArkCase/blitzy-<UUID>-w-053_196589/.blitzy-scratch/rt/base8/home/.arkcase/tmp/modules_config/config/modules/preference/config.json
[m[36m<TIMESTAMP>,061 [DEBUG] [main] com.armedia.acm.userinterface.angular.AngularResourceCopier - File to be removed: /tmp/blitzy/ArkCase/blitzy-<UUID>-w-053_196589/.blitzy-scratch/rt/base8/home/.arkcase/tmp/modules_config/config/modules/goodbye/config.json
[m[36m<TIMESTAMP>,061 [DEBUG] [main] com.armedia.acm.userinterface.angular.AngularResourceCopier - File to be removed: /tmp/blitzy/ArkCase/blitzy-<UUID>-w-053_196589/.blitzy-scratch/rt/base8/home/.arkcase/tmp/modules_config/config/modules/cost-tracking/config.json
[m[36m<TIMESTAMP>,061 [DEBUG] [main] com.armedia.acm.userinterface.angular.AngularResourceCopier - File to be removed: /tmp/blitzy/ArkCase/blitzy-<UUID>-w-053_196589/.blitzy-scratch/rt/base8/home/.arkcase/tmp/modules_config/config/modules/progress-bar/config.json
[m[36m<TIMESTAMP>,061 [DEBUG] [main] com.armedia.acm.userinterface.angular.AngularResourceCopier - File to be removed: /tmp/blitzy/ArkCase/blitzy-<UUID>-w-053_196589/.blitzy-scratch/rt/base8/home/.arkcase/tmp/modules_config/config/modules/time-tracking/config.json
[m[36m<TIMESTAMP>,061 [DEBUG] [main] com.armedia.acm.userinterface.angular.AngularResourceCopier - File to be removed: /tmp/blitzy/ArkCase/blitzy-<UUID>-w-053_196589/.blitzy-scratch/rt/base8/home/.arkcase/tmp/modules_config/config/modules/document-details/config.json
[m[36m<TIMESTAMP>,061 [DEBUG] [main] com.armedia.acm.userinterface.angular.AngularResourceCopier - File to be removed: /tmp/blitzy/ArkCase/blitzy-<UUID>-w-053_196589/.blitzy-scratch/rt/base8/home/.arkcase/tmp/modules_config/config/modules/admin/config.json
[m[36m<TIMESTAMP>,061 [DEBUG] [main] com.armedia.acm.userinterface.angular.AngularResourceCopier - File to be removed: /tmp/blitzy/ArkCase/blitzy-<UUID>-w-053_196589/.blitzy-scratch/rt/base8/home/.arkcase/tmp/modules_config/config/modules/search/config.json
[m[36m<TIMESTAMP>,061 [DEBUG] [main] com.armedia.acm.userinterface.angular.AngularResourceCopier - File to be removed: /tmp/blitzy/ArkCase/blitzy-<UUID>-w-053_196589/.blitzy-scratch/rt/base8/home/.arkcase/tmp/modules_config/config/modules/complaints/config.json
[m[36m<TIMESTAMP>,062 [DEBUG] [main] com.armedia.acm.userinterface.angular.AngularResourceCopier - File to be removed: /tmp/blitzy/ArkCase/blitzy-<UUID>-w-053_196589/.blitzy-scratch/rt/base8/home/.arkcase/tmp/modules_config/config/modules/core/config.json
[m[36m<TIMESTAMP>,062 [DEBUG] [main] com.armedia.acm.userinterface.angular.AngularResourceCopier - File to be removed: /tmp/blitzy/ArkCase/blitzy-<UUID>-w-053_196589/.blitzy-scratch/rt/base8/home/.arkcase/tmp/modules_config/config/modules/frevvo/config.json
[m[36m<TIMESTAMP>,062 [DEBUG] [main] com.armedia.acm.userinterface.angular.AngularResourceCopier - File to be removed: /tmp/blitzy/ArkCase/blitzy-<UUID>-w-053_196589/.blitzy-scratch/rt/base8/home/.arkcase/tmp/modules_config/config/modules/adhoc-reports/config.json
[m[36m<TIMESTAMP>,062 [DEBUG] [main] com.armedia.acm.userinterface.angular.AngularResourceCopier - File to be removed: /tmp/blitzy/ArkCase/blitzy-<UUID>-w-053_196589/.blitzy-scratch/rt/base8/home/.arkcase/tmp/modules_config/config/modules/common/config.json
[m[36m<TIMESTAMP>,062 [DEBUG] [main] com.armedia.acm.userinterface.angular.AngularResourceCopier - File to be removed: /tmp/blitzy/ArkCase/blitzy-<UUID>-w-053_196589/.blitzy-scratch/rt/base8/home/.arkcase/tmp/modules_config/config/modules/dashboard/config.json
[m[36m<TIMESTAMP>,062 [DEBUG] [main] com.armedia.acm.userinterface.angular.AngularResourceCopier - File to be removed: /tmp/blitzy/ArkCase/blitzy-<UUID>-w-053_196589/.blitzy-scratch/rt/base8/home/.arkcase/tmp/modules_config/config/modules/welcome/config.json
[m[36m<TIMESTAMP>,062 [DEBUG] [main] com.armedia.acm.userinterface.angular.AngularResourceCopier - File to be removed: /tmp/blitzy/ArkCase/blitzy-<UUID>-w-053_196589/.blitzy-scratch/rt/base8/home/.arkcase/tmp/modules_config/config/modules/tasks/config.json
[m[36m<TIMESTAMP>,062 [DEBUG] [main] com.armedia.acm.userinterface.angular.AngularResourceCopier - File to be removed: /tmp/blitzy/ArkCase/blitzy-<UUID>-w-053_196589/.blitzy-scratch/rt/base8/home/.arkcase/tmp/modules_config/config/modules/subscriptions/config.json
[m[36m<TIMESTAMP>,062 [DEBUG] [main] com.armedia.acm.userinterface.angular.AngularResourceCopier - File to be removed: /tmp/blitzy/ArkCase/blitzy-<UUID>-w-053_196589/.blitzy-scratch/rt/base8/home/.arkcase/tmp/modules_config/config/modules/analytics/config.json
[m[36m<TIMESTAMP>,062 [DEBUG] [main] com.armedia.acm.userinterface.angular.AngularResourceCopier - File to be removed: /tmp/blitzy/ArkCase/blitzy-<UUID>-w-053_196589/.blitzy-scratch/rt/base8/home/.arkcase/tmp/modules_config/config/modules/profile/config.json
[m[36m<TIMESTAMP>,073 [DEBUG] [main] com.armedia.acm.userinterface.angular.AngularResourceCopier - Found 42 files to be removed from tmp folder
[m[36m<TIMESTAMP>,074 [DEBUG] [main] com.armedia.acm.userinterface.angular.AngularResourceCopier - Removing tmp file [/tmp/blitzy/ArkCase/blitzy-<UUID>-w-053_196589/.blitzy-scratch/rt/base8/home/.arkcase/tmp/home.html]
[m[36m<TIMESTAMP>,074 [DEBUG] [main] com.armedia.acm.userinterface.angular.AngularResourceCopier - Removing tmp file [/tmp/blitzy/ArkCase/blitzy-<UUID>-w-053_196589/.blitzy-scratch/rt/base8/home/.arkcase/tmp/assets/dist/application.js]
[m[36m<TIMESTAMP>,075 [DEBUG] [main] com.armedia.acm.userinterface.angular.AngularResourceCopier - Removing tmp file [/tmp/blitzy/ArkCase/blitzy-<UUID>-w-053_196589/.blitzy-scratch/rt/base8/home/.arkcase/tmp/assets/dist/application.min.css]
[m[36m<TIMESTAMP>,075 [DEBUG] [main] com.armedia.acm.userinterface.angular.AngularResourceCopier - Removing tmp file [/tmp/blitzy/ArkCase/blitzy-<UUID>-w-053_196589/.blitzy-scratch/rt/base8/home/.arkcase/tmp/assets/dist/vendors.min.js]
[m[36m<TIMESTAMP>,075 [DEBUG] [main] com.armedia.acm.userinterface.angular.AngularResourceCopier - Removing tmp file [/tmp/blitzy/ArkCase/blitzy-<UUID>-w-053_196589/.blitzy-scratch/rt/base8/home/.arkcase/tmp/assets/dist/application.min.js.39e23e3b13830a51.map]
[m[36m<TIMESTAMP>,076 [DEBUG] [main] com.armedia.acm.userinterface.angular.AngularResourceCopier - Removing tmp file [/tmp/blitzy/ArkCase/blitzy-<UUID>-w-053_196589/.blitzy-scratch/rt/base8/home/.arkcase/tmp/assets/dist/application.min.9fdf95182478d514.css]
[m[36m<TIMESTAMP>,076 [DEBUG] [main] com.armedia.acm.userinterface.angular.AngularResourceCopier - Removing tmp file [/tmp/blitzy/ArkCase/blitzy-<UUID>-w-053_196589/.blitzy-scratch/rt/base8/home/.arkcase/tmp/assets/dist/application.min.js.map]
[m[36m<TIMESTAMP>,076 [DEBUG] [main] com.armedia.acm.userinterface.angular.AngularResourceCopier - Removing tmp file [/tmp/blitzy/ArkCase/blitzy-<UUID>-w-053_196589/.blitzy-scratch/rt/base8/home/.arkcase/tmp/assets/dist/application.min.8d22a7a8e12bda0a.js]
[m[36m<TIMESTAMP>,076 [DEBUG] [main] com.armedia.acm.userinterface.angular.AngularResourceCopier - Removing tmp file [/tmp/blitzy/ArkCase/blitzy-<UUID>-w-053_196589/.blitzy-scratch/rt/base8/home/.arkcase/tmp/assets/dist/application.ef1612bbd7993382.js]
[m[36m<TIMESTAMP>,077 [DEBUG] [main] com.armedia.acm.userinterface.angular.AngularResourceCopier - Removing tmp file [/tmp/blitzy/ArkCase/blitzy-<UUID>-w-053_196589/.blitzy-scratch/rt/base8/home/.arkcase/tmp/assets/dist/application.min.js]
[m[36m<TIMESTAMP>,077 [DEBUG] [main] com.armedia.acm.userinterface.angular.AngularResourceCopier - Removing tmp file [/tmp/blitzy/ArkCase/blitzy-<UUID>-w-053_196589/.blitzy-scratch/rt/base8/home/.arkcase/tmp/assets/dist/vendors.min.59439035604af96f.js]
[m[36m<TIMESTAMP>,078 [DEBUG] [main] com.armedia.acm.userinterface.angular.AngularResourceCopier - Removing tmp file [/tmp/blitzy/ArkCase/blitzy-<UUID>-w-053_196589/.blitzy-scratch/rt/base8/home/.arkcase/tmp/modules_config/config/modules.json]
[m[36m<TIMESTAMP>,078 [DEBUG] [main] com.armedia.acm.userinterface.angular.AngularResourceCopier - Removing tmp file [/tmp/blitzy/ArkCase/blitzy-<UUID>-w-053_196589/.blitzy-scratch/rt/base8/home/.arkcase/tmp/modules_config/config/modules/notifications/config.json]
[m[36m<TIMESTAMP>,078 [DEBUG] [main] com.armedia.acm.userinterface.angular.AngularResourceCopier - Removing tmp file [/tmp/blitzy/ArkCase/blitzy-<UUID>-w-053_196589/.blitzy-scratch/rt/base8/home/.arkcase/tmp/modules_config/config/modules/cases/config.json]
[m[36m<TIMESTAMP>,078 [DEBUG] [main] com.armedia.acm.userinterface.angular.AngularResourceCopier - Removing tmp file [/tmp/blitzy/ArkCase/blitzy-<UUID>-w-053_196589/.blitzy-scratch/rt/base8/home/.arkcase/tmp/modules_config/config/modules/consultations/config.json]
[m[36m<TIMESTAMP>,078 [DEBUG] [main] com.armedia.acm.userinterface.angular.AngularResourceCopier - Removing tmp file [/tmp/blitzy/ArkCase/blitzy-<UUID>-w-053_196589/.blitzy-scratch/rt/base8/home/.arkcase/tmp/modules_config/config/modules/people/config.json]
[m[36m<TIMESTAMP>,078 [DEBUG] [main] com.armedia.acm.userinterface.angular.AngularResourceCopier - Removing tmp file [/tmp/blitzy/ArkCase/blitzy-<UUID>-w-053_196589/.blitzy-scratch/rt/base8/home/.arkcase/tmp/modules_config/config/modules/organizations/config.json]
[m[36m<TIMESTAMP>,078 [DEBUG] [main] com.armedia.acm.userinterface.angular.AngularResourceCopier - Removing tmp file [/tmp/blitzy/ArkCase/blitzy-<UUID>-w-053_196589/.blitzy-scratch/rt/base8/home/.arkcase/tmp/modules_config/config/modules/reports/config.json]
[m[36m<TIMESTAMP>,078 [DEBUG] [main] com.armedia.acm.userinterface.angular.AngularResourceCopier - Removing tmp file [/tmp/blitzy/ArkCase/blitzy-<UUID>-w-053_196589/.blitzy-scratch/rt/base8/home/.arkcase/tmp/modules_config/config/modules/document-repository/config.json]
[m[36m<TIMESTAMP>,078 [DEBUG] [main] com.armedia.acm.userinterface.angular.AngularResourceCopier - Removing tmp file [/tmp/blitzy/ArkCase/blitzy-<UUID>-w-053_196589/.blitzy-scratch/rt/base8/home/.arkcase/tmp/modules_config/config/modules/audit/config.json]
[m[36m<TIMESTAMP>,078 [DEBUG] [main] com.armedia.acm.userinterface.angular.AngularResourceCopier - Removing tmp file [/tmp/blitzy/ArkCase/blitzy-<UUID>-w-053_196589/.blitzy-scratch/rt/base8/home/.arkcase/tmp/modules_config/config/modules/analytics-audit/config.json]
[m[36m<TIMESTAMP>,078 [DEBUG] [main] com.armedia.acm.userinterface.angular.AngularResourceCopier - Removing tmp file [/tmp/blitzy/ArkCase/blitzy-<UUID>-w-053_196589/.blitzy-scratch/rt/base8/home/.arkcase/tmp/modules_config/config/modules/my-documents/config.json]
[m[36m<TIMESTAMP>,078 [DEBUG] [main] com.armedia.acm.userinterface.angular.AngularResourceCopier - Removing tmp file [/tmp/blitzy/ArkCase/blitzy-<UUID>-w-053_196589/.blitzy-scratch/rt/base8/home/.arkcase/tmp/modules_config/config/modules/tags/config.json]
[m[36m<TIMESTAMP>,078 [DEBUG] [main] com.armedia.acm.userinterface.angular.AngularResourceCopier - Removing tmp file [/tmp/blitzy/ArkCase/blitzy-<UUID>-w-053_196589/.blitzy-scratch/rt/base8/home/.arkcase/tmp/modules_config/config/modules/preference/config.json]
[m[36m<TIMESTAMP>,078 [DEBUG] [main] com.armedia.acm.userinterface.angular.AngularResourceCopier - Removing tmp file [/tmp/blitzy/ArkCase/blitzy-<UUID>-w-053_196589/.blitzy-scratch/rt/base8/home/.arkcase/tmp/modules_config/config/modules/goodbye/config.json]
[m[36m<TIMESTAMP>,078 [DEBUG] [main] com.armedia.acm.userinterface.angular.AngularResourceCopier - Removing tmp file [/tmp/blitzy/ArkCase/blitzy-<UUID>-w-053_196589/.blitzy-scratch/rt/base8/home/.arkcase/tmp/modules_config/config/modules/cost-tracking/config.json]
[m[36m<TIMESTAMP>,078 [DEBUG] [main] com.armedia.acm.userinterface.angular.AngularResourceCopier - Removing tmp file [/tmp/blitzy/ArkCase/blitzy-<UUID>-w-053_196589/.blitzy-scratch/rt/base8/home/.arkcase/tmp/modules_config/config/modules/progress-bar/config.json]
[m[36m<TIMESTAMP>,078 [DEBUG] [main] com.armedia.acm.userinterface.angular.AngularResourceCopier - Removing tmp file [/tmp/blitzy/ArkCase/blitzy-<UUID>-w-053_196589/.blitzy-scratch/rt/base8/home/.arkcase/tmp/modules_config/config/modules/time-tracking/config.json]
[m[36m<TIMESTAMP>,078 [DEBUG] [main] com.armedia.acm.userinterface.angular.AngularResourceCopier - Removing tmp file [/tmp/blitzy/ArkCase/blitzy-<UUID>-w-053_196589/.blitzy-scratch/rt/base8/home/.arkcase/tmp/modules_config/config/modules/document-details/config.json]
[m[36m<TIMESTAMP>,079 [DEBUG] [main] com.armedia.acm.userinterface.angular.AngularResourceCopier - Removing tmp file [/tmp/blitzy/ArkCase/blitzy-<UUID>-w-053_196589/.blitzy-scratch/rt/base8/home/.arkcase/tmp/modules_config/config/modules/admin/config.json]
[m[36m<TIMESTAMP>,079 [DEBUG] [main] com.armedia.acm.userinterface.angular.AngularResourceCopier - Removing tmp file [/tmp/blitzy/ArkCase/blitzy-<UUID>-w-053_196589/.blitzy-scratch/rt/base8/home/.arkcase/tmp/modules_config/config/modules/search/config.json]
[m[36m<TIMESTAMP>,079 [DEBUG] [main] com.armedia.acm.userinterface.angular.AngularResourceCopier - Removing tmp file [/tmp/blitzy/ArkCase/blitzy-<UUID>-w-053_196589/.blitzy-scratch/rt/base8/home/.arkcase/tmp/modules_config/config/modules/complaints/config.json]
[m[36m<TIMESTAMP>,079 [DEBUG] [main] com.armedia.acm.userinterface.angular.AngularResourceCopier - Removing tmp file [/tmp/blitzy/ArkCase/blitzy-<UUID>-w-053_196589/.blitzy-scratch/rt/base8/home/.arkcase/tmp/modules_config/config/modules/core/config.json]
[m[36m<TIMESTAMP>,079 [DEBUG] [main] com.armedia.acm.userinterface.angular.AngularResourceCopier - Removing tmp file [/tmp/blitzy/ArkCase/blitzy-<UUID>-w-053_196589/.blitzy-scratch/rt/base8/home/.arkcase/tmp/modules_config/config/modules/frevvo/config.json]
[m[36m<TIMESTAMP>,079 [DEBUG] [main] com.armedia.acm.userinterface.angular.AngularResourceCopier - Removing tmp file [/tmp/blitzy/ArkCase/blitzy-<UUID>-w-053_196589/.blitzy-scratch/rt/base8/home/.arkcase/tmp/modules_config/config/modules/adhoc-reports/config.json]
[m[36m<TIMESTAMP>,079 [DEBUG] [main] com.armedia.acm.userinterface.angular.AngularResourceCopier - Removing tmp file [/tmp/blitzy/ArkCase/blitzy-<UUID>-w-053_196589/.blitzy-scratch/rt/base8/home/.arkcase/tmp/modules_config/config/modules/common/config.json]
[m[36m<TIMESTAMP>,079 [DEBUG] [main] com.armedia.acm.userinterface.angular.AngularResourceCopier - Removing tmp file [/tmp/blitzy/ArkCase/blitzy-<UUID>-w-053_196589/.blitzy-scratch/rt/base8/home/.arkcase/tmp/modules_config/config/modules/dashboard/config.json]
[m[36m<TIMESTAMP>,079 [DEBUG] [main] com.armedia.acm.userinterface.angular.AngularResourceCopier - Removing tmp file [/tmp/blitzy/ArkCase/blitzy-<UUID>-w-053_196589/.blitzy-scratch/rt/base8/home/.arkcase/tmp/modules_config/config/modules/welcome/config.json]
[m[36m<TIMESTAMP>,079 [DEBUG] [main] com.armedia.acm.userinterface.angular.AngularResourceCopier - Removing tmp file [/tmp/blitzy/ArkCase/blitzy-<UUID>-w-053_196589/.blitzy-scratch/rt/base8/home/.arkcase/tmp/modules_config/config/modules/tasks/config.json]
[m[36m<TIMESTAMP>,079 [DEBUG] [main] com.armedia.acm.userinterface.angular.AngularResourceCopier - Removing tmp file [/tmp/blitzy/ArkCase/blitzy-<UUID>-w-053_196589/.blitzy-scratch/rt/base8/home/.arkcase/tmp/modules_config/config/modules/subscriptions/config.json]
[m[36m<TIMESTAMP>,079 [DEBUG] [main] com.armedia.acm.userinterface.angular.AngularResourceCopier - Removing tmp file [/tmp/blitzy/ArkCase/blitzy-<UUID>-w-053_196589/.blitzy-scratch/rt/base8/home/.arkcase/tmp/modules_config/config/modules/analytics/config.json]
[m[36m<TIMESTAMP>,079 [DEBUG] [main] com.armedia.acm.userinterface.angular.AngularResourceCopier - Removing tmp file [/tmp/blitzy/ArkCase/blitzy-<UUID>-w-053_196589/.blitzy-scratch/rt/base8/home/.arkcase/tmp/modules_config/config/modules/profile/config.json]
[m[36m<TIMESTAMP>,079 [DEBUG] [main] com.armedia.acm.userinterface.angular.AngularResourceCopier - About to run [node_modules/.bin/grunt --no-color]
[m[36m<TIMESTAMP>,281 [DEBUG] [Exec Stream Pumper] com.armedia.acm.userinterface.angular.AngularResourceCopier - Custom config does not exist..continuing..
[m[36m<TIMESTAMP>,281 [DEBUG] [Exec Stream Pumper] com.armedia.acm.userinterface.angular.AngularResourceCopier - External custom config does not exist..continuing..
[m[36m<TIMESTAMP>,945 [DEBUG] [Exec Stream Pumper] com.armedia.acm.userinterface.angular.AngularResourceCopier - Loading "sass.js" tasks...ERROR
[m[36m<TIMESTAMP>,945 [DEBUG] [Exec Stream Pumper] com.armedia.acm.userinterface.angular.AngularResourceCopier - >> Error: Node Sass does not yet support your current environment: Linux 64-bit with Unsupported runtime (57)
[m[36m<TIMESTAMP>,945 [DEBUG] [Exec Stream Pumper] com.armedia.acm.userinterface.angular.AngularResourceCopier - >> For more information on which environments are supported please see:
[m[36m<TIMESTAMP>,945 [DEBUG] [Exec Stream Pumper] com.armedia.acm.userinterface.angular.AngularResourceCopier - >> https://github.com/sass/node-sass/releases/tag/v3.13.1
[m[36m<TIMESTAMP>,946 [DEBUG] [Exec Stream Pumper] com.armedia.acm.userinterface.angular.AngularResourceCopier - 
[m[36m<TIMESTAMP>,946 [DEBUG] [Exec Stream Pumper] com.armedia.acm.userinterface.angular.AngularResourceCopier - Running "loadConfig" task
[m[36m<TIMESTAMP>,062 [DEBUG] [Exec Stream Pumper] com.armedia.acm.userinterface.angular.AngularResourceCopier - 
[m[36m<TIMESTAMP>,062 [DEBUG] [Exec Stream Pumper] com.armedia.acm.userinterface.angular.AngularResourceCopier - Running "clean:0" (clean) task
[m[36m<TIMESTAMP>,066 [DEBUG] [Exec Stream Pumper] com.armedia.acm.userinterface.angular.AngularResourceCopier - >> 1 path cleaned.
[m[36m<TIMESTAMP>,068 [DEBUG] [Exec Stream Pumper] com.armedia.acm.userinterface.angular.AngularResourceCopier - 
[m[36m<TIMESTAMP>,068 [DEBUG] [Exec Stream Pumper] com.armedia.acm.userinterface.angular.AngularResourceCopier - Running "ngAnnotate:production" (ngAnnotate) task
[m[36m<TIMESTAMP>,508 [DEBUG] [Exec Stream Pumper] com.armedia.acm.userinterface.angular.AngularResourceCopier - >> 1 file successfully generated.
[m[36m<TIMESTAMP>,508 [DEBUG] [Exec Stream Pumper] com.armedia.acm.userinterface.angular.AngularResourceCopier - 
[m[36m<TIMESTAMP>,509 [DEBUG] [Exec Stream Pumper] com.armedia.acm.userinterface.angular.AngularResourceCopier - Running "uglify:production" (uglify) task
[m[36m<TIMESTAMP>,467 [DEBUG] [arkcase-scheduler_QuartzSchedulerThread] com.armedia.acm.spring.SpringContextHolder - Looking for beans of type: com.armedia.acm.services.ocr.job.OCRQueueJobDescriptor
[m[36m<TIMESTAMP>,467 [DEBUG] [arkcase-scheduler_QuartzSchedulerThread] com.armedia.acm.spring.SpringContextHolder - Returning 1 beans of type com.armedia.acm.services.ocr.job.OCRQueueJobDescriptor
[m[36m<TIMESTAMP>,467 [DEBUG] [arkcase-scheduler_Worker-8] com.armedia.acm.quartz.scheduler.AcmTriggerListener - Trigger [ocrQueueJobTrigger] for job [ocrQueueJob] fired. Next fire time is [<TIMESTAMP>].
[m[36m<TIMESTAMP>,468 [DEBUG] [arkcase-scheduler_Worker-8] com.armedia.acm.quartz.scheduler.AcmJobDescriptor - Start execution of job [ocrQueueJob].
[m[36m<TIMESTAMP>,468 [DEBUG] [arkcase-scheduler_Worker-8] com.armedia.acm.spring.SpringContextHolder - Looking for beans of type: com.armedia.acm.services.mediaengine.dao.MediaEngineDao
[m[36m<TIMESTAMP>,468 [DEBUG] [arkcase-scheduler_Worker-8] com.armedia.acm.spring.SpringContextHolder - Returning 3 beans of type com.armedia.acm.services.mediaengine.dao.MediaEngineDao
[m[36m<TIMESTAMP>,475 [DEBUG] [auditorExecutor-1] com.armedia.acm.services.search.service.JpaObjectsToSearchService - Sending objects to SOLR: 1 added; 0 updated; 0 deleted.
[m[36m<TIMESTAMP>,475 [DEBUG] [auditorExecutor-1] com.armedia.acm.spring.SpringContextHolder - Looking for beans of type: com.armedia.acm.services.search.service.AcmObjectToSolrDocTransformer
[m[36m<TIMESTAMP>,475 [DEBUG] [auditorExecutor-1] com.armedia.acm.spring.SpringContextHolder - Returning 42 beans of type com.armedia.acm.services.search.service.AcmObjectToSolrDocTransformer
[m[36m<TIMESTAMP>,475 [DEBUG] [auditorExecutor-1] com.armedia.acm.audit.listeners.AcmAuditDatabaseListener - Database changes auditing event handling
[m[36m<TIMESTAMP>,476 [DEBUG] [arkcase-scheduler_Worker-8] com.armedia.acm.quartz.scheduler.AcmJobDescriptor - Job [ocrQueueJob] finished execution.
[m[36m<TIMESTAMP>,476 [DEBUG] [arkcase-scheduler_Worker-8] com.armedia.acm.quartz.scheduler.AcmTriggerListener - Trigger [ocrQueueJobTrigger] for job [ocrQueueJob] completed.
[m[36m<TIMESTAMP>,477 [DEBUG] [arkcase-scheduler_QuartzSchedulerThread] com.armedia.acm.spring.SpringContextHolder - Looking for beans of type: com.armedia.acm.services.transcribe.job.TranscribeQueueJobDescriptor
[m[36m<TIMESTAMP>,478 [DEBUG] [arkcase-scheduler_QuartzSchedulerThread] com.armedia.acm.spring.SpringContextHolder - Returning 1 beans of type com.armedia.acm.services.transcribe.job.TranscribeQueueJobDescriptor
[m[36m<TIMESTAMP>,478 [DEBUG] [arkcase-scheduler_Worker-9] com.armedia.acm.quartz.scheduler.AcmTriggerListener - Trigger [transcribeQueueJobTrigger] for job [transcribeQueueJob] fired. Next fire time is [<TIMESTAMP>].
[m[36m<TIMESTAMP>,479 [DEBUG] [arkcase-scheduler_Worker-9] com.armedia.acm.quartz.scheduler.AcmJobDescriptor - Start execution of job [transcribeQueueJob].
[m[36m<TIMESTAMP>,479 [DEBUG] [arkcase-scheduler_Worker-9] com.armedia.acm.spring.SpringContextHolder - Looking for beans of type: com.armedia.acm.services.mediaengine.dao.MediaEngineDao
[m[36m<TIMESTAMP>,479 [DEBUG] [arkcase-scheduler_Worker-9] com.armedia.acm.spring.SpringContextHolder - Returning 3 beans of type com.armedia.acm.services.mediaengine.dao.MediaEngineDao
[m[36m<TIMESTAMP>,483 [DEBUG] [auditorExecutor-2] com.armedia.acm.services.search.service.JpaObjectsToSearchService - Sending objects to SOLR: 1 added; 0 updated; 0 deleted.
[m[36m<TIMESTAMP>,483 [DEBUG] [auditorExecutor-2] com.armedia.acm.spring.SpringContextHolder - Looking for beans of type: com.armedia.acm.services.search.service.AcmObjectToSolrDocTransformer
[m[36m<TIMESTAMP>,483 [DEBUG] [auditorExecutor-2] com.armedia.acm.spring.SpringContextHolder - Returning 42 beans of type com.armedia.acm.services.search.service.AcmObjectToSolrDocTransformer
[m[36m<TIMESTAMP>,483 [DEBUG] [auditorExecutor-2] com.armedia.acm.audit.listeners.AcmAuditDatabaseListener - Database changes auditing event handling
[m[36m<TIMESTAMP>,483 [DEBUG] [auditorExecutor-3] com.armedia.acm.services.search.service.JpaObjectsToSearchService - Sending objects to SOLR: 1 added; 0 updated; 0 deleted.
[m[36m<TIMESTAMP>,483 [DEBUG] [auditorExecutor-3] com.armedia.acm.spring.SpringContextHolder - Looking for beans of type: com.armedia.acm.services.search.service.AcmObjectToSolrDocTransformer
[m[36m<TIMESTAMP>,483 [DEBUG] [auditorExecutor-3] com.armedia.acm.spring.SpringContextHolder - Returning 42 beans of type com.armedia.acm.services.search.service.AcmObjectToSolrDocTransformer
[m[36m<TIMESTAMP>,483 [DEBUG] [auditorExecutor-3] com.armedia.acm.audit.listeners.AcmAuditDatabaseListener - Database changes auditing event handling
[m[36m<TIMESTAMP>,484 [DEBUG] [arkcase-scheduler_QuartzSchedulerThread] com.armedia.acm.spring.SpringContextHolder - Looking for beans of type: com.armedia.acm.service.objectlock.service.ReleaseExpiredLocksJobDescriptor
[m[36m<TIMESTAMP>,485 [DEBUG] [arkcase-scheduler_QuartzSchedulerThread] com.armedia.acm.spring.SpringContextHolder - Returning 1 beans of type com.armedia.acm.service.objectlock.service.ReleaseExpiredLocksJobDescriptor
[m[36m<TIMESTAMP>,485 [DEBUG] [arkcase-scheduler_Worker-10] com.armedia.acm.quartz.scheduler.AcmTriggerListener - Trigger [releaseExpiredLocksJobTrigger] for job [releaseExpiredLocksJob] fired. Next fire time is [<TIMESTAMP>].
[m[36m<TIMESTAMP>,485 [DEBUG] [arkcase-scheduler_Worker-10] com.armedia.acm.quartz.scheduler.AcmJobDescriptor - Start execution of job [releaseExpiredLocksJob].
[m[36m<TIMESTAMP>,487 [DEBUG] [arkcase-scheduler_Worker-10] com.armedia.acm.quartz.scheduler.AcmJobDescriptor - Job [releaseExpiredLocksJob] finished execution.
[m[36m<TIMESTAMP>,487 [DEBUG] [arkcase-scheduler_Worker-10] com.armedia.acm.quartz.scheduler.AcmTriggerListener - Trigger [releaseExpiredLocksJobTrigger] for job [releaseExpiredLocksJob] completed.
[m[36m<TIMESTAMP>,490 [DEBUG] [auditorExecutor-4] com.armedia.acm.services.search.service.JpaObjectsToSearchService - Sending objects to SOLR: 1 added; 0 updated; 0 deleted.
[m[36m<TIMESTAMP>,490 [DEBUG] [auditorExecutor-4] com.armedia.acm.spring.SpringContextHolder - Looking for beans of type: com.armedia.acm.services.search.service.AcmObjectToSolrDocTransformer
[m[36m<TIMESTAMP>,491 [DEBUG] [auditorExecutor-4] com.armedia.acm.spring.SpringContextHolder - Returning 42 beans of type com.armedia.acm.services.search.service.AcmObjectToSolrDocTransformer
[m[36m<TIMESTAMP>,491 [DEBUG] [auditorExecutor-4] com.armedia.acm.audit.listeners.AcmAuditDatabaseListener - Database changes auditing event handling
[m[36m<TIMESTAMP>,493 [DEBUG] [auditorExecutor-5] com.armedia.acm.services.search.service.JpaObjectsToSearchService - Sending objects to SOLR: 1 added; 0 updated; 0 deleted.
[m[36m<TIMESTAMP>,493 [DEBUG] [auditorExecutor-5] com.armedia.acm.spring.SpringContextHolder - Looking for beans of type: com.armedia.acm.services.search.service.AcmObjectToSolrDocTransformer
[m[36m<TIMESTAMP>,493 [DEBUG] [auditorExecutor-5] com.armedia.acm.spring.SpringContextHolder - Returning 42 beans of type com.armedia.acm.services.search.service.AcmObjectToSolrDocTransformer
[m[36m<TIMESTAMP>,493 [DEBUG] [auditorExecutor-5] com.armedia.acm.audit.listeners.AcmAuditDatabaseListener - Database changes auditing event handling
[m[36m<TIMESTAMP>,495 [DEBUG] [arkcase-scheduler_QuartzSchedulerThread] com.armedia.acm.spring.SpringContextHolder - Looking for beans of type: com.armedia.acm.plugins.ecm.service.sync.impl.AlfrescoSyncScheduledBean
[m[36m<TIMESTAMP>,495 [DEBUG] [arkcase-scheduler_QuartzSchedulerThread] com.armedia.acm.spring.SpringContextHolder - Returning 1 beans of type com.armedia.acm.plugins.ecm.service.sync.impl.AlfrescoSyncScheduledBean
[m[36m<TIMESTAMP>,495 [DEBUG] [arkcase-scheduler_Worker-2] com.armedia.acm.quartz.scheduler.AcmTriggerListener - Trigger [alfrescoSyncScheduledJobTrigger] for job [alfrescoSyncScheduledJob] fired. Next fire time is [<TIMESTAMP>].
[m[36m<TIMESTAMP>,495 [DEBUG] [arkcase-scheduler_Worker-2] com.armedia.acm.quartz.scheduler.AcmJobDescriptor - Start execution of job [alfrescoSyncScheduledJob].
[m[32m<TIMESTAMP>,495 [INFO ] [arkcase-scheduler_Worker-2] com.armedia.acm.plugins.ecm.service.sync.impl.AlfrescoSyncScheduledBean - Alfresco sync service is disabled - returning immediately.
[m[36m<TIMESTAMP>,495 [DEBUG] [arkcase-scheduler_Worker-2] com.armedia.acm.quartz.scheduler.AcmJobDescriptor - Job [alfrescoSyncScheduledJob] finished execution.
[m[36m<TIMESTAMP>,495 [DEBUG] [arkcase-scheduler_Worker-2] com.armedia.acm.quartz.scheduler.AcmTriggerListener - Trigger [alfrescoSyncScheduledJobTrigger] for job [alfrescoSyncScheduledJob] completed.
[m[36m<TIMESTAMP>,499 [DEBUG] [auditorExecutor-1] com.armedia.acm.services.search.service.JpaObjectsToSearchService - Sending objects to SOLR: 1 added; 0 updated; 0 deleted.
[m[36m<TIMESTAMP>,499 [DEBUG] [auditorExecutor-1] com.armedia.acm.spring.SpringContextHolder - Looking for beans of type: com.armedia.acm.services.search.service.AcmObjectToSolrDocTransformer
[m[36m<TIMESTAMP>,499 [DEBUG] [auditorExecutor-1] com.armedia.acm.spring.SpringContextHolder - Returning 42 beans of type com.armedia.acm.services.search.service.AcmObjectToSolrDocTransformer
[m[36m<TIMESTAMP>,499 [DEBUG] [auditorExecutor-1] com.armedia.acm.audit.listeners.AcmAuditDatabaseListener - Database changes auditing event handling
[m[36m<TIMESTAMP>,502 [DEBUG] [auditorExecutor-2] com.armedia.acm.services.search.service.JpaObjectsToSearchService - Sending objects to SOLR: 1 added; 0 updated; 0 deleted.
[m[36m<TIMESTAMP>,502 [DEBUG] [auditorExecutor-2] com.armedia.acm.spring.SpringContextHolder - Looking for beans of type: com.armedia.acm.services.search.service.AcmObjectToSolrDocTransformer
[m[36m<TIMESTAMP>,502 [DEBUG] [auditorExecutor-2] com.armedia.acm.spring.SpringContextHolder - Returning 42 beans of type com.armedia.acm.services.search.service.AcmObjectToSolrDocTransformer
[m[36m<TIMESTAMP>,502 [DEBUG] [auditorExecutor-2] com.armedia.acm.audit.listeners.AcmAuditDatabaseListener - Database changes auditing event handling
[m[36m<TIMESTAMP>,588 [DEBUG] [arkcase-scheduler_Worker-9] com.armedia.acm.quartz.scheduler.AcmJobDescriptor - Job [transcribeQueueJob] finished execution.
[m[36m<TIMESTAMP>,588 [DEBUG] [arkcase-scheduler_Worker-9] com.armedia.acm.quartz.scheduler.AcmTriggerListener - Trigger [transcribeQueueJobTrigger] for job [transcribeQueueJob] completed.
[m[36m<TIMESTAMP>,593 [DEBUG] [auditorExecutor-3] com.armedia.acm.services.search.service.JpaObjectsToSearchService - Sending objects to SOLR: 1 added; 0 updated; 0 deleted.
[m[36m<TIMESTAMP>,593 [DEBUG] [auditorExecutor-3] com.armedia.acm.spring.SpringContextHolder - Looking for beans of type: com.armedia.acm.services.search.service.AcmObjectToSolrDocTransformer
[m[36m<TIMESTAMP>,593 [DEBUG] [auditorExecutor-3] com.armedia.acm.spring.SpringContextHolder - Returning 42 beans of type com.armedia.acm.services.search.service.AcmObjectToSolrDocTransformer
[m[36m<TIMESTAMP>,593 [DEBUG] [auditorExecutor-3] com.armedia.acm.audit.listeners.AcmAuditDatabaseListener - Database changes auditing event handling
[m[36m<TIMESTAMP>,150 [DEBUG] [arkcase-scheduler_QuartzSchedulerThread] com.armedia.acm.spring.SpringContextHolder - Looking for beans of type: com.armedia.acm.services.notification.service.NotificationJobDescriptor
[m[36m<TIMESTAMP>,152 [DEBUG] [arkcase-scheduler_QuartzSchedulerThread] com.armedia.acm.spring.SpringContextHolder - Returning 1 beans of type com.armedia.acm.services.notification.service.NotificationJobDescriptor
[m[36m<TIMESTAMP>,152 [DEBUG] [arkcase-scheduler_Worker-1] com.armedia.acm.quartz.scheduler.AcmTriggerListener - Trigger [sendNotificationsJobTrigger] for job [sendNotificationsJob] fired. Next fire time is [<TIMESTAMP>].
[m[36m<TIMESTAMP>,152 [DEBUG] [arkcase-scheduler_Worker-1] com.armedia.acm.quartz.scheduler.AcmJobDescriptor - Start execution of job [sendNotificationsJob].
[m[36m<TIMESTAMP>,159 [DEBUG] [arkcase-scheduler_Worker-1] com.armedia.acm.quartz.scheduler.AcmJobDescriptor - Job [sendNotificationsJob] finished execution.
[m[36m<TIMESTAMP>,159 [DEBUG] [arkcase-scheduler_Worker-1] com.armedia.acm.quartz.scheduler.AcmTriggerListener - Trigger [sendNotificationsJobTrigger] for job [sendNotificationsJob] completed.
[m[36m<TIMESTAMP>,160 [DEBUG] [auditorExecutor-4] com.armedia.acm.services.search.service.JpaObjectsToSearchService - Sending objects to SOLR: 1 added; 0 updated; 0 deleted.
[m[36m<TIMESTAMP>,160 [DEBUG] [auditorExecutor-4] com.armedia.acm.spring.SpringContextHolder - Looking for beans of type: com.armedia.acm.services.search.service.AcmObjectToSolrDocTransformer
[m[36m<TIMESTAMP>,160 [DEBUG] [auditorExecutor-4] com.armedia.acm.spring.SpringContextHolder - Returning 42 beans of type com.armedia.acm.services.search.service.AcmObjectToSolrDocTransformer
[m[36m<TIMESTAMP>,160 [DEBUG] [auditorExecutor-4] com.armedia.acm.audit.listeners.AcmAuditDatabaseListener - Database changes auditing event handling
[m[36m<TIMESTAMP>,163 [DEBUG] [auditorExecutor-5] com.armedia.acm.services.search.service.JpaObjectsToSearchService - Sending objects to SOLR: 1 added; 0 updated; 0 deleted.
[m[36m<TIMESTAMP>,163 [DEBUG] [auditorExecutor-5] com.armedia.acm.spring.SpringContextHolder - Looking for beans of type: com.armedia.acm.services.search.service.AcmObjectToSolrDocTransformer
[m[36m<TIMESTAMP>,163 [DEBUG] [auditorExecutor-5] com.armedia.acm.spring.SpringContextHolder - Returning 42 beans of type com.armedia.acm.services.search.service.AcmObjectToSolrDocTransformer
[m[36m<TIMESTAMP>,163 [DEBUG] [auditorExecutor-5] com.armedia.acm.audit.listeners.AcmAuditDatabaseListener - Database changes auditing event handling
[m[36m<TIMESTAMP>,696 [DEBUG] [Exec Stream Pumper] com.armedia.acm.userinterface.angular.AngularResourceCopier - >> 1 sourcemap created.
[m[36m<TIMESTAMP>,696 [DEBUG] [Exec Stream Pumper] com.armedia.acm.userinterface.angular.AngularResourceCopier - >> 1 file created.
[m[36m<TIMESTAMP>,696 [DEBUG] [Exec Stream Pumper] com.armedia.acm.userinterface.angular.AngularResourceCopier - 
[m[36m<TIMESTAMP>,696 [DEBUG] [Exec Stream Pumper] com.armedia.acm.userinterface.angular.AngularResourceCopier - Running "concat:dist" (concat) task
[m[36m<TIMESTAMP>,736 [DEBUG] [Exec Stream Pumper] com.armedia.acm.userinterface.angular.AngularResourceCopier - 
[m[36m<TIMESTAMP>,737 [DEBUG] [Exec Stream Pumper] com.armedia.acm.userinterface.angular.AngularResourceCopier - Running "cssmin:combine" (cssmin) task
[m[36m<TIMESTAMP>,755 [DEBUG] [Exec Stream Pumper] com.armedia.acm.userinterface.angular.AngularResourceCopier - >> 1 file created. 504.48 kB → 388.52 kB
[m[36m<TIMESTAMP>,755 [DEBUG] [Exec Stream Pumper] com.armedia.acm.userinterface.angular.AngularResourceCopier - 
[m[36m<TIMESTAMP>,756 [DEBUG] [Exec Stream Pumper] com.armedia.acm.userinterface.angular.AngularResourceCopier - Running "renderHome" task
[m[36m<TIMESTAMP>,878 [DEBUG] [Exec Stream Pumper] com.armedia.acm.userinterface.angular.AngularResourceCopier - 
[m[36m<TIMESTAMP>,879 [DEBUG] [Exec Stream Pumper] com.armedia.acm.userinterface.angular.AngularResourceCopier - Running "cacheBust:taskName" (cacheBust) task
[m[36m<TIMESTAMP>,923 [DEBUG] [Exec Stream Pumper] com.armedia.acm.userinterface.angular.AngularResourceCopier - >> 1 file busted.
[m[36m<TIMESTAMP>,923 [DEBUG] [Exec Stream Pumper] com.armedia.acm.userinterface.angular.AngularResourceCopier - 
[m[36m<TIMESTAMP>,923 [DEBUG] [Exec Stream Pumper] com.armedia.acm.userinterface.angular.AngularResourceCopier - Running "copyToModulesConfigFolder" task
[m[36m<TIMESTAMP>,932 [DEBUG] [Exec Stream Pumper] com.armedia.acm.userinterface.angular.AngularResourceCopier - Added new module: adhoc-reports
[m[36m<TIMESTAMP>,933 [DEBUG] [Exec Stream Pumper] com.armedia.acm.userinterface.angular.AngularResourceCopier - Added new module: admin
[m[36m<TIMESTAMP>,933 [DEBUG] [Exec Stream Pumper] com.armedia.acm.userinterface.angular.AngularResourceCopier - Added new module: analytics-audit
[m[36m<TIMESTAMP>,933 [DEBUG] [Exec Stream Pumper] com.armedia.acm.userinterface.angular.AngularResourceCopier - Added new module: analytics
[m[36m<TIMESTAMP>,934 [DEBUG] [Exec Stream Pumper] com.armedia.acm.userinterface.angular.AngularResourceCopier - Added new module: audit
[m[36m<TIMESTAMP>,934 [DEBUG] [Exec Stream Pumper] com.armedia.acm.userinterface.angular.AngularResourceCopier - Added new module: cases
[m[36m<TIMESTAMP>,934 [DEBUG] [Exec Stream Pumper] com.armedia.acm.userinterface.angular.AngularResourceCopier - Added new module: common
[m[36m<TIMESTAMP>,934 [DEBUG] [Exec Stream Pumper] com.armedia.acm.userinterface.angular.AngularResourceCopier - Added new module: complaints
[m[36m<TIMESTAMP>,935 [DEBUG] [Exec Stream Pumper] com.armedia.acm.userinterface.angular.AngularResourceCopier - Added new module: consultations
[m[36m<TIMESTAMP>,935 [DEBUG] [Exec Stream Pumper] com.armedia.acm.userinterface.angular.AngularResourceCopier - Added new module: core
[m[36m<TIMESTAMP>,935 [DEBUG] [Exec Stream Pumper] com.armedia.acm.userinterface.angular.AngularResourceCopier - Added new module: cost-tracking
[m[36m<TIMESTAMP>,935 [DEBUG] [Exec Stream Pumper] com.armedia.acm.userinterface.angular.AngularResourceCopier - Added new module: dashboard
[m[36m<TIMESTAMP>,936 [DEBUG] [Exec Stream Pumper] com.armedia.acm.userinterface.angular.AngularResourceCopier - Added new module: document-details
[m[36m<TIMESTAMP>,936 [DEBUG] [Exec Stream Pumper] com.armedia.acm.userinterface.angular.AngularResourceCopier - Added new module: document-repository
[m[36m<TIMESTAMP>,936 [DEBUG] [Exec Stream Pumper] com.armedia.acm.userinterface.angular.AngularResourceCopier - Added new module: frevvo
[m[36m<TIMESTAMP>,936 [DEBUG] [Exec Stream Pumper] com.armedia.acm.userinterface.angular.AngularResourceCopier - Added new module: goodbye
[m[36m<TIMESTAMP>,937 [DEBUG] [Exec Stream Pumper] com.armedia.acm.userinterface.angular.AngularResourceCopier - Added new module: my-documents
[m[36m<TIMESTAMP>,937 [DEBUG] [Exec Stream Pumper] com.armedia.acm.userinterface.angular.AngularResourceCopier - Added new module: notifications
[m[36m<TIMESTAMP>,937 [DEBUG] [Exec Stream Pumper] com.armedia.acm.userinterface.angular.AngularResourceCopier - Added new module: organizations
[m[36m<TIMESTAMP>,937 [DEBUG] [Exec Stream Pumper] com.armedia.acm.userinterface.angular.AngularResourceCopier - Added new module: people
[m[36m<TIMESTAMP>,938 [DEBUG] [Exec Stream Pumper] com.armedia.acm.userinterface.angular.AngularResourceCopier - Added new module: preference
[m[36m<TIMESTAMP>,938 [DEBUG] [Exec Stream Pumper] com.armedia.acm.userinterface.angular.AngularResourceCopier - Added new module: profile
[m[36m<TIMESTAMP>,938 [DEBUG] [Exec Stream Pumper] com.armedia.acm.userinterface.angular.AngularResourceCopier - Added new module: progress-bar
[m[36m<TIMESTAMP>,938 [DEBUG] [Exec Stream Pumper] com.armedia.acm.userinterface.angular.AngularResourceCopier - Added new module: reports
[m[36m<TIMESTAMP>,939 [DEBUG] [Exec Stream Pumper] com.armedia.acm.userinterface.angular.AngularResourceCopier - Added new module: search
[m[36m<TIMESTAMP>,939 [DEBUG] [Exec Stream Pumper] com.armedia.acm.userinterface.angular.AngularResourceCopier - Added new module: subscriptions
[m[36m<TIMESTAMP>,939 [DEBUG] [Exec Stream Pumper] com.armedia.acm.userinterface.angular.AngularResourceCopier - Added new module: tags
[m[36m<TIMESTAMP>,939 [DEBUG] [Exec Stream Pumper] com.armedia.acm.userinterface.angular.AngularResourceCopier - Added new module: tasks
[m[36m<TIMESTAMP>,940 [DEBUG] [Exec Stream Pumper] com.armedia.acm.userinterface.angular.AngularResourceCopier - Added new module: time-tracking
[m[36m<TIMESTAMP>,940 [DEBUG] [Exec Stream Pumper] com.armedia.acm.userinterface.angular.AngularResourceCopier - Added new module: welcome
[m[36m<TIMESTAMP>,940 [DEBUG] [Exec Stream Pumper] com.armedia.acm.userinterface.angular.AngularResourceCopier - 
[m[36m<TIMESTAMP>,940 [DEBUG] [Exec Stream Pumper] com.armedia.acm.userinterface.angular.AngularResourceCopier - Done, without errors.
[m[36m<TIMESTAMP>,980 [DEBUG] [main] com.armedia.acm.userinterface.angular.AngularResourceCopier - done with [node_modules/.bin/grunt --no-color]: exit code 0
[m[36m<TIMESTAMP>,107 [DEBUG] [main] com.armedia.acm.userinterface.angular.AngularResourceCopier - Found 53 files in target folder [/tmp/blitzy/ArkCase/blitzy-<UUID>-w-053_196589/.blitzy-scratch/rt/base8/home/.arkcase/custom/assets]
[m[36m<TIMESTAMP>,108 [DEBUG] [main] com.armedia.acm.userinterface.angular.AngularResourceCopier - Found 0 files to be removed from target folder [/tmp/blitzy/ArkCase/blitzy-<UUID>-w-053_196589/.blitzy-scratch/rt/base8/home/.arkcase/custom/assets]
[m[36m<TIMESTAMP>,116 [DEBUG] [main] com.armedia.acm.userinterface.angular.AngularResourceCopier - Found 96 files in target folder [/tmp/blitzy/ArkCase/blitzy-<UUID>-w-053_196589/.blitzy-scratch/rt/base8/home/.arkcase/custom/directives]
[m[36m<TIMESTAMP>,117 [DEBUG] [main] com.armedia.acm.userinterface.angular.AngularResourceCopier - Found 0 files to be removed from target folder [/tmp/blitzy/ArkCase/blitzy-<UUID>-w-053_196589/.blitzy-scratch/rt/base8/home/.arkcase/custom/directives]
[m[36m<TIMESTAMP>,801 [DEBUG] [main] com.armedia.acm.userinterface.angular.AngularResourceCopier - Found 39679 files in target folder [/tmp/blitzy/ArkCase/blitzy-<UUID>-w-053_196589/.blitzy-scratch/rt/base8/home/.arkcase/custom/node_modules]
[m[36m<TIMESTAMP>,167 [DEBUG] [main] com.armedia.acm.userinterface.angular.AngularResourceCopier - Found 0 files to be removed from target folder [/tmp/blitzy/ArkCase/blitzy-<UUID>-w-053_196589/.blitzy-scratch/rt/base8/home/.arkcase/custom/node_modules]
[m[36m<TIMESTAMP>,278 [DEBUG] [main] com.armedia.acm.userinterface.angular.AngularResourceCopier - Found 1206 files in target folder [/tmp/blitzy/ArkCase/blitzy-<UUID>-w-053_196589/.blitzy-scratch/rt/base8/home/.arkcase/custom/modules]
[m[36m<TIMESTAMP>,279 [DEBUG] [main] com.armedia.acm.userinterface.angular.AngularResourceCopier - Found 0 files to be removed from target folder [/tmp/blitzy/ArkCase/blitzy-<UUID>-w-053_196589/.blitzy-scratch/rt/base8/home/.arkcase/custom/modules]
[m[36m<TIMESTAMP>,288 [DEBUG] [main] com.armedia.acm.userinterface.angular.AngularResourceCopier - Found 34 files in target folder [/tmp/blitzy/ArkCase/blitzy-<UUID>-w-053_196589/.blitzy-scratch/rt/base8/home/.arkcase/custom/modules_config]
[m[36m<TIMESTAMP>,288 [DEBUG] [main] com.armedia.acm.userinterface.angular.AngularResourceCopier - Found 0 files to be removed from target folder [/tmp/blitzy/ArkCase/blitzy-<UUID>-w-053_196589/.blitzy-scratch/rt/base8/home/.arkcase/custom/modules_config]
[m[36m<TIMESTAMP>,295 [DEBUG] [main] com.armedia.acm.userinterface.angular.AngularResourceCopier - Found 63 files in target folder [/tmp/blitzy/ArkCase/blitzy-<UUID>-w-053_196589/.blitzy-scratch/rt/base8/home/.arkcase/custom/services]
[m[36m<TIMESTAMP>,295 [DEBUG] [main] com.armedia.acm.userinterface.angular.AngularResourceCopier - Found 0 files to be removed from target folder [/tmp/blitzy/ArkCase/blitzy-<UUID>-w-053_196589/.blitzy-scratch/rt/base8/home/.arkcase/custom/services]
[m[36m<TIMESTAMP>,296 [DEBUG] [main] com.armedia.acm.userinterface.angular.AngularResourceCopier - Found 11 files in target folder [/tmp/blitzy/ArkCase/blitzy-<UUID>-w-053_196589/.blitzy-scratch/rt/base8/home/.arkcase/custom/filters]
[m[36m<TIMESTAMP>,296 [DEBUG] [main] com.armedia.acm.userinterface.angular.AngularResourceCopier - Found 0 files to be removed from target folder [/tmp/blitzy/ArkCase/blitzy-<UUID>-w-053_196589/.blitzy-scratch/rt/base8/home/.arkcase/custom/filters]
[m[36m<TIMESTAMP>,307 [DEBUG] [main] com.armedia.acm.userinterface.angular.AngularResourceCopier - Found 130 files in target folder [/tmp/blitzy/ArkCase/blitzy-<UUID>-w-053_196589/.blitzy-scratch/rt/base8/home/.arkcase/custom/lib]
[m[36m<TIMESTAMP>,307 [DEBUG] [main] com.armedia.acm.userinterface.angular.AngularResourceCopier - Found 0 files to be removed from target folder [/tmp/blitzy/ArkCase/blitzy-<UUID>-w-053_196589/.blitzy-scratch/rt/base8/home/.arkcase/custom/lib]
[m[36m<TIMESTAMP>,469 [DEBUG] [arkcase-scheduler_QuartzSchedulerThread] com.armedia.acm.spring.SpringContextHolder - Looking for beans of type: com.armedia.acm.service.objectlock.service.ReleaseExpiredLocksJobDescriptor
[m[36m<TIMESTAMP>,469 [DEBUG] [arkcase-scheduler_QuartzSchedulerThread] com.armedia.acm.spring.SpringContextHolder - Returning 1 beans of type com.armedia.acm.service.objectlock.service.ReleaseExpiredLocksJobDescriptor
[m[36m<TIMESTAMP>,470 [DEBUG] [arkcase-scheduler_Worker-4] com.armedia.acm.quartz.scheduler.AcmTriggerListener - Trigger [releaseExpiredLocksJobTrigger] for job [releaseExpiredLocksJob] fired. Next fire time is [<TIMESTAMP>].
[m[36m<TIMESTAMP>,471 [DEBUG] [arkcase-scheduler_Worker-4] com.armedia.acm.quartz.scheduler.AcmJobDescriptor - Start execution of job [releaseExpiredLocksJob].
[m[32m<TIMESTAMP>,471 [INFO ] [main] com.armedia.acm.plugins.dashboard.service.DashboardPropertyReader - Initializing - setting moduleNameList and widgetList in the  DashboardPropertyReader bean
[m[32m<TIMESTAMP>,471 [INFO ] [main] com.armedia.acm.plugins.dashboard.service.DashboardPropertyReader - Fetching all module names from the property file
[m[36m<TIMESTAMP>,473 [DEBUG] [arkcase-scheduler_Worker-4] com.armedia.acm.quartz.scheduler.AcmJobDescriptor - Job [releaseExpiredLocksJob] finished execution.
[m[36m<TIMESTAMP>,473 [DEBUG] [arkcase-scheduler_Worker-4] com.armedia.acm.quartz.scheduler.AcmTriggerListener - Trigger [releaseExpiredLocksJobTrigger] for job [releaseExpiredLocksJob] completed.
[m[36m<TIMESTAMP>,477 [DEBUG] [auditorExecutor-1] com.armedia.acm.services.search.service.JpaObjectsToSearchService - Sending objects to SOLR: 1 added; 0 updated; 0 deleted.
[m[36m<TIMESTAMP>,477 [DEBUG] [auditorExecutor-1] com.armedia.acm.spring.SpringContextHolder - Looking for beans of type: com.armedia.acm.services.search.service.AcmObjectToSolrDocTransformer
[m[36m<TIMESTAMP>,477 [DEBUG] [auditorExecutor-1] com.armedia.acm.spring.SpringContextHolder - Returning 42 beans of type com.armedia.acm.services.search.service.AcmObjectToSolrDocTransformer
[m[36m<TIMESTAMP>,477 [DEBUG] [auditorExecutor-1] com.armedia.acm.audit.listeners.AcmAuditDatabaseListener - Database changes auditing event handling
[m[36m<TIMESTAMP>,477 [DEBUG] [arkcase-scheduler_QuartzSchedulerThread] com.armedia.acm.spring.SpringContextHolder - Looking for beans of type: com.armedia.acm.plugins.ecm.service.sync.impl.AlfrescoSyncScheduledBean
[m[36m<TIMESTAMP>,477 [DEBUG] [arkcase-scheduler_QuartzSchedulerThread] com.armedia.acm.spring.SpringContextHolder - Returning 1 beans of type com.armedia.acm.plugins.ecm.service.sync.impl.AlfrescoSyncScheduledBean
[m[36m<TIMESTAMP>,478 [DEBUG] [arkcase-scheduler_Worker-5] com.armedia.acm.quartz.scheduler.AcmTriggerListener - Trigger [alfrescoSyncScheduledJobTrigger] for job [alfrescoSyncScheduledJob] fired. Next fire time is [<TIMESTAMP>].
[m[36m<TIMESTAMP>,478 [DEBUG] [arkcase-scheduler_Worker-5] com.armedia.acm.quartz.scheduler.AcmJobDescriptor - Start execution of job [alfrescoSyncScheduledJob].
[m[32m<TIMESTAMP>,478 [INFO ] [arkcase-scheduler_Worker-5] com.armedia.acm.plugins.ecm.service.sync.impl.AlfrescoSyncScheduledBean - Alfresco sync service is disabled - returning immediately.
[m[36m<TIMESTAMP>,478 [DEBUG] [arkcase-scheduler_Worker-5] com.armedia.acm.quartz.scheduler.AcmJobDescriptor - Job [alfrescoSyncScheduledJob] finished execution.
[m[36m<TIMESTAMP>,478 [DEBUG] [arkcase-scheduler_Worker-5] com.armedia.acm.quartz.scheduler.AcmTriggerListener - Trigger [alfrescoSyncScheduledJobTrigger] for job [alfrescoSyncScheduledJob] completed.
[m[36m<TIMESTAMP>,480 [DEBUG] [auditorExecutor-2] com.armedia.acm.services.search.service.JpaObjectsToSearchService - Sending objects to SOLR: 1 added; 0 updated; 0 deleted.
[m[36m<TIMESTAMP>,480 [DEBUG] [auditorExecutor-2] com.armedia.acm.spring.SpringContextHolder - Looking for beans of type: com.armedia.acm.services.search.service.AcmObjectToSolrDocTransformer
[m[36m<TIMESTAMP>,480 [DEBUG] [auditorExecutor-2] com.armedia.acm.spring.SpringContextHolder - Returning 42 beans of type com.armedia.acm.services.search.service.AcmObjectToSolrDocTransformer
[m[36m<TIMESTAMP>,480 [DEBUG] [auditorExecutor-2] com.armedia.acm.audit.listeners.AcmAuditDatabaseListener - Database changes auditing event handling
[m[36m<TIMESTAMP>,484 [DEBUG] [auditorExecutor-3] com.armedia.acm.services.search.service.JpaObjectsToSearchService - Sending objects to SOLR: 1 added; 0 updated; 0 deleted.
[m[36m<TIMESTAMP>,484 [DEBUG] [auditorExecutor-3] com.armedia.acm.spring.SpringContextHolder - Looking for beans of type: com.armedia.acm.services.search.service.AcmObjectToSolrDocTransformer
[m[36m<TIMESTAMP>,484 [DEBUG] [auditorExecutor-3] com.armedia.acm.spring.SpringContextHolder - Returning 42 beans of type com.armedia.acm.services.search.service.AcmObjectToSolrDocTransformer
[m[36m<TIMESTAMP>,484 [DEBUG] [auditorExecutor-3] com.armedia.acm.audit.listeners.AcmAuditDatabaseListener - Database changes auditing event handling
[m[36m<TIMESTAMP>,485 [DEBUG] [auditorExecutor-4] com.armedia.acm.services.search.service.JpaObjectsToSearchService - Sending objects to SOLR: 1 added; 0 updated; 0 deleted.
[m[36m<TIMESTAMP>,485 [DEBUG] [auditorExecutor-4] com.armedia.acm.spring.SpringContextHolder - Looking for beans of type: com.armedia.acm.services.search.service.AcmObjectToSolrDocTransformer
[m[36m<TIMESTAMP>,485 [DEBUG] [auditorExecutor-4] com.armedia.acm.spring.SpringContextHolder - Returning 42 beans of type com.armedia.acm.services.search.service.AcmObjectToSolrDocTransformer
[m[36m<TIMESTAMP>,485 [DEBUG] [auditorExecutor-4] com.armedia.acm.audit.listeners.AcmAuditDatabaseListener - Database changes auditing event handling
[m[32m<TIMESTAMP>,081 [INFO ] [main] org.springframework.integration.endpoint.EventDrivenConsumer - Adding {service-activator} as a subscriber to the 'objectEventChannel' channel
[m[32m<TIMESTAMP>,081 [INFO ] [main] org.springframework.integration.channel.PublishSubscribeChannel - Channel 'org.springframework.web.context.WebApplicationContext:/arkcase.objectEventChannel' has 2 subscriber(s).
[m[32m<TIMESTAMP>,081 [INFO ] [main] org.springframework.integration.endpoint.EventDrivenConsumer - started org.springframework.integration.config.ConsumerEndpointFactoryBean#0
[m[32m<TIMESTAMP>,081 [INFO ] [main] org.springframework.integration.endpoint.EventDrivenConsumer - Adding {service-activator} as a subscriber to the 'configurationUpdatedChannel' channel
[m[32m<TIMESTAMP>,081 [INFO ] [main] org.springframework.integration.channel.PublishSubscribeChannel - Channel 'org.springframework.web.context.WebApplicationContext:/arkcase.configurationUpdatedChannel' has 1 subscriber(s).
[m[32m<TIMESTAMP>,081 [INFO ] [main] org.springframework.integration.endpoint.EventDrivenConsumer - started org.springframework.integration.config.ConsumerEndpointFactoryBean#1
[m[32m<TIMESTAMP>,081 [INFO ] [main] org.springframework.integration.endpoint.EventDrivenConsumer - Adding {service-activator} as a subscriber to the 'genericMessagesChannel' channel
[m[32m<TIMESTAMP>,081 [INFO ] [main] org.springframework.integration.channel.PublishSubscribeChannel - Channel 'org.springframework.web.context.WebApplicationContext:/arkcase.genericMessagesChannel' has 1 subscriber(s).
[m[32m<TIMESTAMP>,081 [INFO ] [main] org.springframework.integration.endpoint.EventDrivenConsumer - started org.springframework.integration.config.ConsumerEndpointFactoryBean#2
[m[32m<TIMESTAMP>,081 [INFO ] [main] org.springframework.integration.endpoint.EventDrivenConsumer - Adding {service-activator} as a subscriber to the 'jobsStatusChannel' channel
[m[32m<TIMESTAMP>,081 [INFO ] [main] org.springframework.integration.channel.PublishSubscribeChannel - Channel 'org.springframework.web.context.WebApplicationContext:/arkcase.jobsStatusChannel' has 1 subscriber(s).
[m[32m<TIMESTAMP>,081 [INFO ] [main] org.springframework.integration.endpoint.EventDrivenConsumer - started org.springframework.integration.config.ConsumerEndpointFactoryBean#3
[m[32m<TIMESTAMP>,081 [INFO ] [main] org.springframework.messaging.simp.stomp.StompBrokerRelayMessageHandler - Starting...
[m[32m<TIMESTAMP>,255 [INFO ] [main] org.springframework.messaging.simp.stomp.StompBrokerRelayMessageHandler - Starting "system" session, StompBrokerRelay[ReactorNettyTcpClient[reactor.netty.tcp.TcpClientConnect@17fcb695]]
[m[32m<TIMESTAMP>,599 [INFO ] [main] org.springframework.messaging.simp.stomp.StompBrokerRelayMessageHandler - Started.
[m[32m<TIMESTAMP>,718 [INFO ] [tcp-client-scheduler-3] org.springframework.messaging.simp.stomp.StompBrokerRelayMessageHandler - "System" session connected.
[m[32m<TIMESTAMP>,721 [INFO ] [tcp-client-scheduler-3] org.springframework.messaging.simp.stomp.StompBrokerRelayMessageHandler - BrokerAvailabilityEvent[available=true, StompBrokerRelay[ReactorNettyTcpClient[reactor.netty.tcp.TcpClientConnect@17fcb695]]]
[m[32m<TIMESTAMP>,154 [INFO ] [main] org.springframework.web.servlet.DispatcherServlet - Completed initialization in 57517 ms
[m08-Aug-2026 05:02:16.180 INFO [main] org.apache.catalina.startup.HostConfig.deployWAR Deployment of web application archive [/tmp/blitzy/ArkCase/blitzy-<UUID>-w-053_196589/.blitzy-scratch/rt/base8/tomcat/webapps/arkcase.war] has finished in [166,329] ms
08-Aug-2026 05:02:16.183 INFO [main] org.apache.coyote.AbstractProtocol.start Starting ProtocolHandler ["http-nio-53081"]
08-Aug-2026 05:02:16.198 INFO [main] org.apache.catalina.startup.Catalina.start Server startup in [166386] milliseconds
----- end region -----
