startup-log-region: frontend-build.log
region-describes: the startup frontend build, the only place the runtime package-manager wiring is exercised
region-mandatory: yes
region-pattern: AngularResourceCopier|About to run \[|Front-end |\bgrunt\b|npm ci|npm run|npm install|package-lock\.json|Copying file to:
region-pattern-flags: grep -E -i, applied to the extracted window only
window-source: /opt/tomcat/current/logs/catalina.out
window-source-sha256: 1581c892796e20ced0c0794c820691c049f388b1289efa0819de6ce73f15f0c1
window-boots-present-in-source: 1
window-sha256: 62917e5d4a84290b6d2ebb6c2eea2a399794d09108320f9fe43b47104c9bf731
window-start-line: 1
window-end-line: 32062
window-start-byte-offset: 0
window-end-byte-offset: 9273924
window-lines: 32062
matched-lines: 28940
line-cap: 2000
capture-truncated: yes
----- region -----
[m[36m<TIMESTAMP>,361 [DEBUG] [main] com.armedia.acm.userinterface.angular.AngularResourceCopier - modulesRoot: [ServletContext resource [/resources]]
[m[32m<TIMESTAMP>,361 [INFO ] [main] com.armedia.acm.userinterface.angular.AngularResourceCopier - lib folder path: <HOME>/.arkcase/tmp/lib
[m[36m<TIMESTAMP>,448 [DEBUG] [main] com.armedia.acm.userinterface.angular.AngularResourceCopier - [<HOME>/.arkcase/tmp/modules/audit/module_config/config.json] has been modified - copying it
[m[36m<TIMESTAMP>,449 [DEBUG] [main] com.armedia.acm.userinterface.angular.AngularResourceCopier - [<HOME>/.arkcase/tmp/modules/cases/module_config/config.json] has been modified - copying it
[m[36m<TIMESTAMP>,487 [DEBUG] [main] com.armedia.acm.userinterface.angular.AngularResourceCopier - [<HOME>/.arkcase/tmp/modules/admin/module_config/config.json] has been modified - copying it
[m[36m<TIMESTAMP>,489 [DEBUG] [main] com.armedia.acm.userinterface.angular.AngularResourceCopier - [<HOME>/.arkcase/tmp/modules/tags/module_config/config.json] has been modified - copying it
[m[36m<TIMESTAMP>,491 [DEBUG] [main] com.armedia.acm.userinterface.angular.AngularResourceCopier - [<HOME>/.arkcase/tmp/modules/reports/module_config/config.json] has been modified - copying it
[m[36m<TIMESTAMP>,492 [DEBUG] [main] com.armedia.acm.userinterface.angular.AngularResourceCopier - [<HOME>/.arkcase/tmp/modules/notifications/module_config/config.json] has been modified - copying it
[m[36m<TIMESTAMP>,493 [DEBUG] [main] com.armedia.acm.userinterface.angular.AngularResourceCopier - [<HOME>/.arkcase/tmp/modules/time-tracking/module_config/config.json] has been modified - copying it
[m[36m<TIMESTAMP>,499 [DEBUG] [main] com.armedia.acm.userinterface.angular.AngularResourceCopier - [<HOME>/.arkcase/tmp/modules/preference/module_config/config.json] has been modified - copying it
[m[36m<TIMESTAMP>,500 [DEBUG] [main] com.armedia.acm.userinterface.angular.AngularResourceCopier - [<HOME>/.arkcase/tmp/modules/welcome/module_config/config.json] has been modified - copying it
[m[36m<TIMESTAMP>,508 [DEBUG] [main] com.armedia.acm.userinterface.angular.AngularResourceCopier - [<HOME>/.arkcase/tmp/modules/people/module_config/config.json] has been modified - copying it
[m[36m<TIMESTAMP>,510 [DEBUG] [main] com.armedia.acm.userinterface.angular.AngularResourceCopier - [<HOME>/.arkcase/tmp/modules/subscriptions/module_config/config.json] has been modified - copying it
[m[36m<TIMESTAMP>,510 [DEBUG] [main] com.armedia.acm.userinterface.angular.AngularResourceCopier - [<HOME>/.arkcase/tmp/modules/common/module_config/config.json] has been modified - copying it
[m[36m<TIMESTAMP>,517 [DEBUG] [main] com.armedia.acm.userinterface.angular.AngularResourceCopier - [<HOME>/.arkcase/tmp/modules/organizations/module_config/config.json] has been modified - copying it
[m[36m<TIMESTAMP>,525 [DEBUG] [main] com.armedia.acm.userinterface.angular.AngularResourceCopier - [<HOME>/.arkcase/tmp/modules/search/module_config/config.json] has been modified - copying it
[m[36m<TIMESTAMP>,527 [DEBUG] [main] com.armedia.acm.userinterface.angular.AngularResourceCopier - [<HOME>/.arkcase/tmp/modules/cost-tracking/module_config/config.json] has been modified - copying it
[m[36m<TIMESTAMP>,531 [DEBUG] [main] com.armedia.acm.userinterface.angular.AngularResourceCopier - [<HOME>/.arkcase/tmp/modules/consultations/module_config/config.json] has been modified - copying it
[m[36m<TIMESTAMP>,540 [DEBUG] [main] com.armedia.acm.userinterface.angular.AngularResourceCopier - [<HOME>/.arkcase/tmp/modules/adhoc-reports/module_config/config.json] has been modified - copying it
[m[36m<TIMESTAMP>,550 [DEBUG] [main] com.armedia.acm.userinterface.angular.AngularResourceCopier - [<HOME>/.arkcase/tmp/modules/tasks/module_config/config.json] has been modified - copying it
[m[36m<TIMESTAMP>,553 [DEBUG] [main] com.armedia.acm.userinterface.angular.AngularResourceCopier - [<HOME>/.arkcase/tmp/modules/profile/module_config/config.json] has been modified - copying it
[m[36m<TIMESTAMP>,555 [DEBUG] [main] com.armedia.acm.userinterface.angular.AngularResourceCopier - [<HOME>/.arkcase/tmp/modules/goodbye/module_config/config.json] has been modified - copying it
[m[36m<TIMESTAMP>,557 [DEBUG] [main] com.armedia.acm.userinterface.angular.AngularResourceCopier - [<HOME>/.arkcase/tmp/modules/frevvo/module_config/config.json] has been modified - copying it
[m[36m<TIMESTAMP>,558 [DEBUG] [main] com.armedia.acm.userinterface.angular.AngularResourceCopier - [<HOME>/.arkcase/tmp/modules/progress-bar/module_config/config.json] has been modified - copying it
[m[36m<TIMESTAMP>,564 [DEBUG] [main] com.armedia.acm.userinterface.angular.AngularResourceCopier - [<HOME>/.arkcase/tmp/modules/complaints/module_config/config.json] has been modified - copying it
[m[36m<TIMESTAMP>,569 [DEBUG] [main] com.armedia.acm.userinterface.angular.AngularResourceCopier - [<HOME>/.arkcase/tmp/modules/my-documents/module_config/config.json] has been modified - copying it
[m[36m<TIMESTAMP>,571 [DEBUG] [main] com.armedia.acm.userinterface.angular.AngularResourceCopier - [<HOME>/.arkcase/tmp/modules/analytics-audit/module_config/config.json] has been modified - copying it
[m[36m<TIMESTAMP>,575 [DEBUG] [main] com.armedia.acm.userinterface.angular.AngularResourceCopier - [<HOME>/.arkcase/tmp/modules/document-details/module_config/config.json] has been modified - copying it
[m[36m<TIMESTAMP>,592 [DEBUG] [main] com.armedia.acm.userinterface.angular.AngularResourceCopier - [<HOME>/.arkcase/tmp/modules/dashboard/module_config/config.json] has been modified - copying it
[m[36m<TIMESTAMP>,688 [DEBUG] [main] com.armedia.acm.userinterface.angular.AngularResourceCopier - [<HOME>/.arkcase/tmp/modules/document-repository/module_config/config.json] has been modified - copying it
[m[36m<TIMESTAMP>,710 [DEBUG] [main] com.armedia.acm.userinterface.angular.AngularResourceCopier - [<HOME>/.arkcase/tmp/modules/core/module_config/config.json] has been modified - copying it
[m[36m<TIMESTAMP>,713 [DEBUG] [main] com.armedia.acm.userinterface.angular.AngularResourceCopier - [<HOME>/.arkcase/tmp/modules/analytics/module_config/config.json] has been modified - copying it
[m[36m<TIMESTAMP>,748 [DEBUG] [main] com.armedia.acm.userinterface.angular.AngularResourceCopier - Copying file to: <HOME>/.arkcase/tmp/.csslintrc
[m[36m<TIMESTAMP>,748 [DEBUG] [main] com.armedia.acm.userinterface.angular.AngularResourceCopier - Copying file to: <HOME>/.arkcase/tmp/.csslintrc
[m[36m<TIMESTAMP>,749 [DEBUG] [main] com.armedia.acm.userinterface.angular.AngularResourceCopier - Copying file to: <HOME>/.arkcase/tmp/.jshintrc
[m[36m<TIMESTAMP>,749 [DEBUG] [main] com.armedia.acm.userinterface.angular.AngularResourceCopier - Copying file to: <HOME>/.arkcase/tmp/.jshintrc
[m[36m<TIMESTAMP>,749 [DEBUG] [main] com.armedia.acm.userinterface.angular.AngularResourceCopier - Copying file to: <HOME>/.arkcase/tmp/application.js
[m[36m<TIMESTAMP>,749 [DEBUG] [main] com.armedia.acm.userinterface.angular.AngularResourceCopier - Copying file to: <HOME>/.arkcase/tmp/application.js
[m[36m<TIMESTAMP>,749 [DEBUG] [main] com.armedia.acm.userinterface.angular.AngularResourceCopier - Copying file to: <HOME>/.arkcase/tmp/config.js
[m[36m<TIMESTAMP>,749 [DEBUG] [main] com.armedia.acm.userinterface.angular.AngularResourceCopier - Copying file to: <HOME>/.arkcase/tmp/config.js
[m[36m<TIMESTAMP>,749 [DEBUG] [main] com.armedia.acm.userinterface.angular.AngularResourceCopier - Copying file to: <HOME>/.arkcase/tmp/Gruntfile.js
[m[36m<TIMESTAMP>,749 [DEBUG] [main] com.armedia.acm.userinterface.angular.AngularResourceCopier - Copying file to: <HOME>/.arkcase/tmp/Gruntfile.js
[m[36m<TIMESTAMP>,750 [DEBUG] [main] com.armedia.acm.userinterface.angular.AngularResourceCopier - Copying file to: <HOME>/.arkcase/tmp/package.json
[m[36m<TIMESTAMP>,750 [DEBUG] [main] com.armedia.acm.userinterface.angular.AngularResourceCopier - Copying file to: <HOME>/.arkcase/tmp/package.json
[m[36m<TIMESTAMP>,750 [DEBUG] [main] com.armedia.acm.userinterface.angular.AngularResourceCopier - Copying file to: <HOME>/.arkcase/tmp/package-lock.json
[m[36m<TIMESTAMP>,750 [DEBUG] [main] com.armedia.acm.userinterface.angular.AngularResourceCopier - Copying file to: <HOME>/.arkcase/tmp/package-lock.json
[m[36m<TIMESTAMP>,750 [DEBUG] [main] com.armedia.acm.userinterface.angular.AngularResourceCopier - About to run [npm ci]
[m[36m<TIMESTAMP>,251 [DEBUG] [Exec Stream Pumper] com.armedia.acm.userinterface.angular.AngularResourceCopier - npm warn EBADENGINE Unsupported engine {
[m[36m<TIMESTAMP>,251 [DEBUG] [Exec Stream Pumper] com.armedia.acm.userinterface.angular.AngularResourceCopier - npm warn EBADENGINE   package: 'karma@0.13.22',
[m[36m<TIMESTAMP>,251 [DEBUG] [Exec Stream Pumper] com.armedia.acm.userinterface.angular.AngularResourceCopier - npm warn EBADENGINE   required: { node: '0.10 || 0.12 || 4 || 5' },
[m[36m<TIMESTAMP>,251 [DEBUG] [Exec Stream Pumper] com.armedia.acm.userinterface.angular.AngularResourceCopier - npm warn EBADENGINE   current: { node: 'v20.20.2', npm: '10.8.2' }
[m[36m<TIMESTAMP>,251 [DEBUG] [Exec Stream Pumper] com.armedia.acm.userinterface.angular.AngularResourceCopier - npm warn EBADENGINE }
[m[36m<TIMESTAMP>,871 [DEBUG] [Exec Stream Pumper] com.armedia.acm.userinterface.angular.AngularResourceCopier - npm warn skipping integrity check for git dependency ssh://git@github.com/makeusabrew/bootbox.git
[m[36m<TIMESTAMP>,877 [DEBUG] [Exec Stream Pumper] com.armedia.acm.userinterface.angular.AngularResourceCopier - npm warn skipping integrity check for git dependency ssh://git@github.com/zeroclipboard/zeroclipboard.git
[m[36m<TIMESTAMP>,877 [DEBUG] [Exec Stream Pumper] com.armedia.acm.userinterface.angular.AngularResourceCopier - npm warn skipping integrity check for git dependency ssh://git@github.com/2fdevs/bower-videogular-themes-default.git
[m[36m<TIMESTAMP>,877 [DEBUG] [Exec Stream Pumper] com.armedia.acm.userinterface.angular.AngularResourceCopier - npm warn skipping integrity check for git dependency ssh://git@github.com/2fdevs/bower-videogular-poster.git
[m[36m<TIMESTAMP>,878 [DEBUG] [Exec Stream Pumper] com.armedia.acm.userinterface.angular.AngularResourceCopier - npm warn skipping integrity check for git dependency ssh://git@github.com/2fdevs/bower-videogular-overlay-play.git
[m[36m<TIMESTAMP>,878 [DEBUG] [Exec Stream Pumper] com.armedia.acm.userinterface.angular.AngularResourceCopier - npm warn skipping integrity check for git dependency ssh://git@github.com/2fdevs/bower-videogular-controls.git
[m[36m<TIMESTAMP>,878 [DEBUG] [Exec Stream Pumper] com.armedia.acm.userinterface.angular.AngularResourceCopier - npm warn skipping integrity check for git dependency ssh://git@github.com/2fdevs/bower-videogular-buffering.git
[m[36m<TIMESTAMP>,878 [DEBUG] [Exec Stream Pumper] com.armedia.acm.userinterface.angular.AngularResourceCopier - npm warn skipping integrity check for git dependency ssh://git@github.com/2fdevs/bower-videogular.git
[m[36m<TIMESTAMP>,878 [DEBUG] [Exec Stream Pumper] com.armedia.acm.userinterface.angular.AngularResourceCopier - npm warn skipping integrity check for git dependency ssh://git@github.com/mar10/jquery-ui-contextmenu.git
[m[36m<TIMESTAMP>,879 [DEBUG] [Exec Stream Pumper] com.armedia.acm.userinterface.angular.AngularResourceCopier - npm warn skipping integrity check for git dependency ssh://git@github.com/summernote/summernote.git
[m[36m<TIMESTAMP>,879 [DEBUG] [Exec Stream Pumper] com.armedia.acm.userinterface.angular.AngularResourceCopier - npm warn skipping integrity check for git dependency ssh://git@github.com/jmesnil/stomp-websocket.git
[m[36m<TIMESTAMP>,879 [DEBUG] [Exec Stream Pumper] com.armedia.acm.userinterface.angular.AngularResourceCopier - npm warn skipping integrity check for git dependency ssh://git@github.com/RubaXa/Sortable.git
[m[36m<TIMESTAMP>,879 [DEBUG] [Exec Stream Pumper] com.armedia.acm.userinterface.angular.AngularResourceCopier - npm warn skipping integrity check for git dependency ssh://git@github.com/sockjs/sockjs-client.git
[m[36m<TIMESTAMP>,879 [DEBUG] [Exec Stream Pumper] com.armedia.acm.userinterface.angular.AngularResourceCopier - npm warn skipping integrity check for git dependency ssh://git@github.com/rochal/jQuery-slimScroll.git
[m[36m<TIMESTAMP>,879 [DEBUG] [Exec Stream Pumper] com.armedia.acm.userinterface.angular.AngularResourceCopier - npm warn skipping integrity check for git dependency ssh://git@github.com/jkbr/rrule.git
[m[36m<TIMESTAMP>,879 [DEBUG] [Exec Stream Pumper] com.armedia.acm.userinterface.angular.AngularResourceCopier - npm warn skipping integrity check for git dependency ssh://git@github.com/dbushell/Pikaday.git
[m[36m<TIMESTAMP>,880 [DEBUG] [Exec Stream Pumper] com.armedia.acm.userinterface.angular.AngularResourceCopier - npm warn skipping integrity check for git dependency ssh://git@github.com/legalthings/pdf.js-viewer.git
[m[36m<TIMESTAMP>,880 [DEBUG] [Exec Stream Pumper] com.armedia.acm.userinterface.angular.AngularResourceCopier - npm warn skipping integrity check for git dependency ssh://git@github.com/handsontable/ngHandsontable.git
[m[36m<TIMESTAMP>,880 [DEBUG] [Exec Stream Pumper] com.armedia.acm.userinterface.angular.AngularResourceCopier - npm warn skipping integrity check for git dependency ssh://git@github.com/eriktufvesson/ngBootbox.git
[m[36m<TIMESTAMP>,880 [DEBUG] [Exec Stream Pumper] com.armedia.acm.userinterface.angular.AngularResourceCopier - npm warn skipping integrity check for git dependency ssh://git@github.com/moment/moment.git
[m[36m<TIMESTAMP>,880 [DEBUG] [Exec Stream Pumper] com.armedia.acm.userinterface.angular.AngularResourceCopier - npm warn skipping integrity check for git dependency ssh://git@github.com/jeff-collins/ment.io.git
[m[36m<TIMESTAMP>,881 [DEBUG] [Exec Stream Pumper] com.armedia.acm.userinterface.angular.AngularResourceCopier - npm warn skipping integrity check for git dependency ssh://git@github.com/lodash/lodash.git
[m[36m<TIMESTAMP>,881 [DEBUG] [Exec Stream Pumper] com.armedia.acm.userinterface.angular.AngularResourceCopier - npm warn skipping integrity check for git dependency ssh://git@github.com/components/jqueryui.git
[m[36m<TIMESTAMP>,881 [DEBUG] [Exec Stream Pumper] com.armedia.acm.userinterface.angular.AngularResourceCopier - npm warn skipping integrity check for git dependency ssh://git@github.com/aFarkas/html5shiv.git
[m[36m<TIMESTAMP>,881 [DEBUG] [Exec Stream Pumper] com.armedia.acm.userinterface.angular.AngularResourceCopier - npm warn skipping integrity check for git dependency ssh://git@github.com/handsontable/handsontable.git
[m[36m<TIMESTAMP>,881 [DEBUG] [Exec Stream Pumper] com.armedia.acm.userinterface.angular.AngularResourceCopier - npm warn skipping integrity check for git dependency ssh://git@github.com/fullcalendar/fullcalendar.git
[m[36m<TIMESTAMP>,882 [DEBUG] [Exec Stream Pumper] com.armedia.acm.userinterface.angular.AngularResourceCopier - npm warn skipping integrity check for git dependency ssh://git@github.com/mar10/fancytree.git
[m[36m<TIMESTAMP>,882 [DEBUG] [Exec Stream Pumper] com.armedia.acm.userinterface.angular.AngularResourceCopier - npm warn skipping integrity check for git dependency ssh://git@github.com/brix/crypto-js.git
[m[36m<TIMESTAMP>,882 [DEBUG] [Exec Stream Pumper] com.armedia.acm.userinterface.angular.AngularResourceCopier - npm warn skipping integrity check for git dependency ssh://git@github.com/vitalets/combodate.git
[m[36m<TIMESTAMP>,882 [DEBUG] [Exec Stream Pumper] com.armedia.acm.userinterface.angular.AngularResourceCopier - npm warn skipping integrity check for git dependency ssh://git@github.com/nnnick/Chart.js.git
[m[36m<TIMESTAMP>,882 [DEBUG] [Exec Stream Pumper] com.armedia.acm.userinterface.angular.AngularResourceCopier - npm warn skipping integrity check for git dependency ssh://git@github.com/twbs/bootstrap.git
[m[36m<TIMESTAMP>,882 [DEBUG] [Exec Stream Pumper] com.armedia.acm.userinterface.angular.AngularResourceCopier - npm warn skipping integrity check for git dependency ssh://git@github.com/stranger82/angular-utf8-base64.git
[m[36m<TIMESTAMP>,882 [DEBUG] [Exec Stream Pumper] com.armedia.acm.userinterface.angular.AngularResourceCopier - npm warn skipping integrity check for git dependency ssh://git@github.com/angular-ui/ui-validate.git
[m[36m<TIMESTAMP>,883 [DEBUG] [Exec Stream Pumper] com.armedia.acm.userinterface.angular.AngularResourceCopier - npm warn skipping integrity check for git dependency ssh://git@github.com/angular-ui/ui-uploader.git
[m[36m<TIMESTAMP>,883 [DEBUG] [Exec Stream Pumper] com.armedia.acm.userinterface.angular.AngularResourceCopier - npm warn skipping integrity check for git dependency ssh://git@github.com/angular-ui/ui-scrollpoint.git
[m[36m<TIMESTAMP>,883 [DEBUG] [Exec Stream Pumper] com.armedia.acm.userinterface.angular.AngularResourceCopier - npm warn skipping integrity check for git dependency ssh://git@github.com/angular-ui/ui-scroll.git
[m[36m<TIMESTAMP>,883 [DEBUG] [Exec Stream Pumper] com.armedia.acm.userinterface.angular.AngularResourceCopier - npm warn skipping integrity check for git dependency ssh://git@github.com/angular-ui/ui-mask.git
[m[36m<TIMESTAMP>,883 [DEBUG] [Exec Stream Pumper] com.armedia.acm.userinterface.angular.AngularResourceCopier - npm warn skipping integrity check for git dependency ssh://git@github.com/angular-ui/ui-indeterminate.git
[m[36m<TIMESTAMP>,883 [DEBUG] [Exec Stream Pumper] com.armedia.acm.userinterface.angular.AngularResourceCopier - npm warn skipping integrity check for git dependency ssh://git@github.com/angular-ui/bower-ui-grid.git
[m[36m<TIMESTAMP>,883 [DEBUG] [Exec Stream Pumper] com.armedia.acm.userinterface.angular.AngularResourceCopier - npm warn skipping integrity check for git dependency ssh://git@github.com/angular-ui/ui-event.git
[m[36m<TIMESTAMP>,883 [DEBUG] [Exec Stream Pumper] com.armedia.acm.userinterface.angular.AngularResourceCopier - npm warn skipping integrity check for git dependency ssh://git@github.com/angular-ui/ui-calendar.git
[m[36m<TIMESTAMP>,884 [DEBUG] [Exec Stream Pumper] com.armedia.acm.userinterface.angular.AngularResourceCopier - npm warn skipping integrity check for git dependency ssh://git@github.com/angular/bower-angular-touch.git
[m[36m<TIMESTAMP>,884 [DEBUG] [Exec Stream Pumper] com.armedia.acm.userinterface.angular.AngularResourceCopier - npm warn skipping integrity check for git dependency ssh://git@github.com/summernote/angular-summernote.git
[m[36m<TIMESTAMP>,884 [DEBUG] [Exec Stream Pumper] com.armedia.acm.userinterface.angular.AngularResourceCopier - npm warn skipping integrity check for git dependency ssh://git@github.com/angular/bower-angular-sanitize.git
[m[36m<TIMESTAMP>,884 [DEBUG] [Exec Stream Pumper] com.armedia.acm.userinterface.angular.AngularResourceCopier - npm warn skipping integrity check for git dependency ssh://git@github.com/angular/bower-angular-resource.git
[m[36m<TIMESTAMP>,884 [DEBUG] [Exec Stream Pumper] com.armedia.acm.userinterface.angular.AngularResourceCopier - npm warn skipping integrity check for git dependency ssh://git@github.com/legalthings/angular-pdfjs-viewer.git
[m[36m<TIMESTAMP>,885 [DEBUG] [Exec Stream Pumper] com.armedia.acm.userinterface.angular.AngularResourceCopier - npm warn skipping integrity check for git dependency ssh://git@github.com/cgross/angular-notify.git
[m[36m<TIMESTAMP>,885 [DEBUG] [Exec Stream Pumper] com.armedia.acm.userinterface.angular.AngularResourceCopier - npm warn skipping integrity check for git dependency ssh://git@github.com/chieffancypants/angular-hotkeys.git
[m[36m<TIMESTAMP>,885 [DEBUG] [Exec Stream Pumper] com.armedia.acm.userinterface.angular.AngularResourceCopier - npm warn skipping integrity check for git dependency ssh://git@github.com/revolunet/angular-google-analytics.git
[m[36m<TIMESTAMP>,885 [DEBUG] [Exec Stream Pumper] com.armedia.acm.userinterface.angular.AngularResourceCopier - npm warn skipping integrity check for git dependency ssh://git@github.com/alferov/angular-file-saver.git
[m[36m<TIMESTAMP>,885 [DEBUG] [Exec Stream Pumper] com.armedia.acm.userinterface.angular.AngularResourceCopier - npm warn skipping integrity check for git dependency ssh://git@github.com/lgalfaso/angular-dynamic-locale.git
[m[36m<TIMESTAMP>,885 [DEBUG] [Exec Stream Pumper] com.armedia.acm.userinterface.angular.AngularResourceCopier - npm warn skipping integrity check for git dependency ssh://git@github.com/Armedia/arkcase-dashboard.git
[m[36m<TIMESTAMP>,885 [DEBUG] [Exec Stream Pumper] com.armedia.acm.userinterface.angular.AngularResourceCopier - npm warn skipping integrity check for git dependency ssh://git@github.com/angular/bower-angular-cookies.git
[m[36m<TIMESTAMP>,885 [DEBUG] [Exec Stream Pumper] com.armedia.acm.userinterface.angular.AngularResourceCopier - npm warn skipping integrity check for git dependency ssh://git@github.com/jtblin/angular-chart.js.git
[m[36m<TIMESTAMP>,886 [DEBUG] [Exec Stream Pumper] com.armedia.acm.userinterface.angular.AngularResourceCopier - npm warn skipping integrity check for git dependency ssh://git@github.com/angular-ui/bootstrap-bower.git
[m[36m<TIMESTAMP>,886 [DEBUG] [Exec Stream Pumper] com.armedia.acm.userinterface.angular.AngularResourceCopier - npm warn skipping integrity check for git dependency ssh://git@github.com/angular/bower-angular-animate.git
[m[36m<TIMESTAMP>,886 [DEBUG] [Exec Stream Pumper] com.armedia.acm.userinterface.angular.AngularResourceCopier - npm warn skipping integrity check for git dependency ssh://git@github.com/angular/bower-angular.git
[m[36m<TIMESTAMP>,886 [DEBUG] [Exec Stream Pumper] com.armedia.acm.userinterface.angular.AngularResourceCopier - npm warn skipping integrity check for git dependency ssh://git@github.com/ajaxorg/ace-builds.git
[m[36m<TIMESTAMP>,662 [DEBUG] [Exec Stream Pumper] com.armedia.acm.userinterface.angular.AngularResourceCopier - npm warn deprecated set-value@0.2.0: Critical bug fixed in v3.0.1, please upgrade to the latest version.
[m[36m<TIMESTAMP>,703 [DEBUG] [Exec Stream Pumper] com.armedia.acm.userinterface.angular.AngularResourceCopier - npm warn deprecated source-map-url@0.4.1: See https://github.com/lydell/source-map-url#deprecated
[m[36m<TIMESTAMP>,729 [DEBUG] [Exec Stream Pumper] com.armedia.acm.userinterface.angular.AngularResourceCopier - npm warn deprecated urix@0.1.0: Please see https://github.com/lydell/urix#deprecated
[m[36m<TIMESTAMP>,792 [DEBUG] [Exec Stream Pumper] com.armedia.acm.userinterface.angular.AngularResourceCopier - npm warn deprecated resolve-url@0.2.1: https://github.com/lydell/resolve-url#deprecated
[m[36m<TIMESTAMP>,806 [DEBUG] [Exec Stream Pumper] com.armedia.acm.userinterface.angular.AngularResourceCopier - npm warn deprecated json3@3.3.2: Please use the native JSON object instead of JSON 3
[m[36m<TIMESTAMP>,807 [DEBUG] [Exec Stream Pumper] com.armedia.acm.userinterface.angular.AngularResourceCopier - npm warn deprecated glob@7.2.3: Old versions of glob are not supported, and contain widely publicized security vulnerabilities, which have been fixed in the current version. Please update. Support for old versions may be purchased (at exorbitant rates) by contacting i@izs.me
[m[36m<TIMESTAMP>,809 [DEBUG] [Exec Stream Pumper] com.armedia.acm.userinterface.angular.AngularResourceCopier - npm warn deprecated source-map-resolve@0.5.3: See https://github.com/lydell/source-map-resolve#deprecated
[m[36m<TIMESTAMP>,981 [DEBUG] [Exec Stream Pumper] com.armedia.acm.userinterface.angular.AngularResourceCopier - npm warn deprecated log4js@0.6.38: 0.x is no longer supported. Please upgrade to 6.x or higher.
[m[36m<TIMESTAMP>,897 [DEBUG] [Exec Stream Pumper] com.armedia.acm.userinterface.angular.AngularResourceCopier - npm warn deprecated bootstrap@3.4.1: This version of Bootstrap is no longer supported. Please upgrade to the latest version.
[m[36m<TIMESTAMP>,278 [DEBUG] [Exec Stream Pumper] com.armedia.acm.userinterface.angular.AngularResourceCopier - npm warn deprecated core-js@2.6.12: core-js@<3.23.3 is no longer maintained and not recommended for usage due to the number of issues. Because of the V8 engine whims, feature detection in old core-js versions could cause a slowdown up to 100x even if nothing is polyfilled. Some versions have web compatibility issues. Please, upgrade your dependencies to the actual version of core-js.
[m[36m<TIMESTAMP>,210 [DEBUG] [Exec Stream Pumper] com.armedia.acm.userinterface.angular.AngularResourceCopier - 
[m[36m<TIMESTAMP>,210 [DEBUG] [Exec Stream Pumper] com.armedia.acm.userinterface.angular.AngularResourceCopier - added 797 packages, and audited 798 packages in 1m
[m[36m<TIMESTAMP>,211 [DEBUG] [Exec Stream Pumper] com.armedia.acm.userinterface.angular.AngularResourceCopier - 
[m[36m<TIMESTAMP>,211 [DEBUG] [Exec Stream Pumper] com.armedia.acm.userinterface.angular.AngularResourceCopier - 18 packages are looking for funding
[m[36m<TIMESTAMP>,211 [DEBUG] [Exec Stream Pumper] com.armedia.acm.userinterface.angular.AngularResourceCopier -   run `npm fund` for details
[m[36m<TIMESTAMP>,273 [DEBUG] [Exec Stream Pumper] com.armedia.acm.userinterface.angular.AngularResourceCopier - 
[m[36m<TIMESTAMP>,273 [DEBUG] [Exec Stream Pumper] com.armedia.acm.userinterface.angular.AngularResourceCopier - 101 vulnerabilities (4 low, 31 moderate, 36 high, 30 critical)
[m[36m<TIMESTAMP>,273 [DEBUG] [Exec Stream Pumper] com.armedia.acm.userinterface.angular.AngularResourceCopier - 
[m[36m<TIMESTAMP>,273 [DEBUG] [Exec Stream Pumper] com.armedia.acm.userinterface.angular.AngularResourceCopier - To address issues that do not require attention, run:
[m[36m<TIMESTAMP>,273 [DEBUG] [Exec Stream Pumper] com.armedia.acm.userinterface.angular.AngularResourceCopier -   npm audit fix
[m[36m<TIMESTAMP>,273 [DEBUG] [Exec Stream Pumper] com.armedia.acm.userinterface.angular.AngularResourceCopier - 
[m[36m<TIMESTAMP>,273 [DEBUG] [Exec Stream Pumper] com.armedia.acm.userinterface.angular.AngularResourceCopier - To address all issues possible (including breaking changes), run:
[m[36m<TIMESTAMP>,273 [DEBUG] [Exec Stream Pumper] com.armedia.acm.userinterface.angular.AngularResourceCopier -   npm audit fix --force
[m[36m<TIMESTAMP>,273 [DEBUG] [Exec Stream Pumper] com.armedia.acm.userinterface.angular.AngularResourceCopier - 
[m[36m<TIMESTAMP>,273 [DEBUG] [Exec Stream Pumper] com.armedia.acm.userinterface.angular.AngularResourceCopier - Some issues need review, and may require choosing
[m[36m<TIMESTAMP>,273 [DEBUG] [Exec Stream Pumper] com.armedia.acm.userinterface.angular.AngularResourceCopier - a different dependency.
[m[36m<TIMESTAMP>,273 [DEBUG] [Exec Stream Pumper] com.armedia.acm.userinterface.angular.AngularResourceCopier - 
[m[36m<TIMESTAMP>,273 [DEBUG] [Exec Stream Pumper] com.armedia.acm.userinterface.angular.AngularResourceCopier - Run `npm audit` for details.
[m[36m<TIMESTAMP>,346 [DEBUG] [main] com.armedia.acm.userinterface.angular.AngularResourceCopier - done with [npm ci]: exit code 0
[m[36m<TIMESTAMP>,348 [DEBUG] [main] com.armedia.acm.userinterface.angular.AngularResourceCopier - Copy resources for specific profile [custom]
[m[36m<TIMESTAMP>,348 [DEBUG] [main] com.armedia.acm.userinterface.angular.AngularResourceCopier - Not copying resources under [/resources/custom_assets], since no such resources exist.
[m[36m<TIMESTAMP>,348 [DEBUG] [main] com.armedia.acm.userinterface.angular.AngularResourceCopier - Not copying resources under [/resources/custom_config], since no such resources exist.
[m[36m<TIMESTAMP>,349 [DEBUG] [main] com.armedia.acm.userinterface.angular.AngularResourceCopier - Not copying resources under [/resources/custom_directives], since no such resources exist.
[m[36m<TIMESTAMP>,349 [DEBUG] [main] com.armedia.acm.userinterface.angular.AngularResourceCopier - Not copying resources under [/resources/custom_modules], since no such resources exist.
[m[36m<TIMESTAMP>,349 [DEBUG] [main] com.armedia.acm.userinterface.angular.AngularResourceCopier - Not copying resources under [/resources/custom_services], since no such resources exist.
[m[36m<TIMESTAMP>,349 [DEBUG] [main] com.armedia.acm.userinterface.angular.AngularResourceCopier - Not copying resources under [/resources/custom_filters], since no such resources exist.
[m[36m<TIMESTAMP>,350 [DEBUG] [main] com.armedia.acm.userinterface.angular.AngularResourceCopier - Not copying resources under [/resources/custom_lib], since no such resources exist.
[m[36m<TIMESTAMP>,350 [DEBUG] [main] com.armedia.acm.userinterface.angular.AngularResourceCopier - About to run [node_modules/.bin/grunt updateModulesConfig --no-color]
[m[36m<TIMESTAMP>,398 [DEBUG] [Exec Stream Pumper] com.armedia.acm.userinterface.angular.AngularResourceCopier - Custom config does not exist..continuing..
[m[36m<TIMESTAMP>,398 [DEBUG] [Exec Stream Pumper] com.armedia.acm.userinterface.angular.AngularResourceCopier - External custom config does not exist..continuing..
[m[36m<TIMESTAMP>,977 [DEBUG] [Exec Stream Pumper] com.armedia.acm.userinterface.angular.AngularResourceCopier - Running "updateModulesConfig" task
[m[36m<TIMESTAMP>,001 [DEBUG] [Exec Stream Pumper] com.armedia.acm.userinterface.angular.AngularResourceCopier - 
[m[36m<TIMESTAMP>,001 [DEBUG] [Exec Stream Pumper] com.armedia.acm.userinterface.angular.AngularResourceCopier - Done, without errors.
[m[36m<TIMESTAMP>,012 [DEBUG] [main] com.armedia.acm.userinterface.angular.AngularResourceCopier - done with [node_modules/.bin/grunt updateModulesConfig --no-color]: exit code 0
[m[36m<TIMESTAMP>,627 [DEBUG] [main] com.armedia.acm.userinterface.angular.AngularResourceCopier - Found 30214 files in tmp folder
[m[36m<TIMESTAMP>,628 [DEBUG] [main] com.armedia.acm.userinterface.angular.AngularResourceCopier - File to be removed: <HOME>/.arkcase/tmp/home.html
[m[36m<TIMESTAMP>,633 [DEBUG] [main] com.armedia.acm.userinterface.angular.AngularResourceCopier - File to be removed: <HOME>/.arkcase/tmp/assets/dist/application.js
[m[36m<TIMESTAMP>,633 [DEBUG] [main] com.armedia.acm.userinterface.angular.AngularResourceCopier - File to be removed: <HOME>/.arkcase/tmp/assets/dist/application.min.css
[m[36m<TIMESTAMP>,633 [DEBUG] [main] com.armedia.acm.userinterface.angular.AngularResourceCopier - File to be removed: <HOME>/.arkcase/tmp/assets/dist/application.min.js.56da89159ec1b11a.map
[m[36m<TIMESTAMP>,633 [DEBUG] [main] com.armedia.acm.userinterface.angular.AngularResourceCopier - File to be removed: <HOME>/.arkcase/tmp/assets/dist/vendors.min.js
[m[36m<TIMESTAMP>,633 [DEBUG] [main] com.armedia.acm.userinterface.angular.AngularResourceCopier - File to be removed: <HOME>/.arkcase/tmp/assets/dist/application.min.1ae47d39c0d9d836.css
[m[36m<TIMESTAMP>,633 [DEBUG] [main] com.armedia.acm.userinterface.angular.AngularResourceCopier - File to be removed: <HOME>/.arkcase/tmp/assets/dist/application.min.js.map
[m[36m<TIMESTAMP>,633 [DEBUG] [main] com.armedia.acm.userinterface.angular.AngularResourceCopier - File to be removed: <HOME>/.arkcase/tmp/assets/dist/application.min.2fa1cd12f2c4077f.js
[m[36m<TIMESTAMP>,633 [DEBUG] [main] com.armedia.acm.userinterface.angular.AngularResourceCopier - File to be removed: <HOME>/.arkcase/tmp/assets/dist/application.ef1612bbd7993382.js
[m[36m<TIMESTAMP>,633 [DEBUG] [main] com.armedia.acm.userinterface.angular.AngularResourceCopier - File to be removed: <HOME>/.arkcase/tmp/assets/dist/application.min.js
[m[36m<TIMESTAMP>,633 [DEBUG] [main] com.armedia.acm.userinterface.angular.AngularResourceCopier - File to be removed: <HOME>/.arkcase/tmp/assets/dist/vendors.min.59439035604af96f.js
[m[36m<TIMESTAMP>,633 [DEBUG] [main] com.armedia.acm.userinterface.angular.AngularResourceCopier - File to be removed: <HOME>/.arkcase/tmp/modules_config/config/modules.json
[m[36m<TIMESTAMP>,633 [DEBUG] [main] com.armedia.acm.userinterface.angular.AngularResourceCopier - File to be removed: <HOME>/.arkcase/tmp/modules_config/config/modules/notifications/config.json
[m[36m<TIMESTAMP>,633 [DEBUG] [main] com.armedia.acm.userinterface.angular.AngularResourceCopier - File to be removed: <HOME>/.arkcase/tmp/modules_config/config/modules/cases/config.json
[m[36m<TIMESTAMP>,633 [DEBUG] [main] com.armedia.acm.userinterface.angular.AngularResourceCopier - File to be removed: <HOME>/.arkcase/tmp/modules_config/config/modules/consultations/config.json
[m[36m<TIMESTAMP>,633 [DEBUG] [main] com.armedia.acm.userinterface.angular.AngularResourceCopier - File to be removed: <HOME>/.arkcase/tmp/modules_config/config/modules/people/config.json
[m[36m<TIMESTAMP>,633 [DEBUG] [main] com.armedia.acm.userinterface.angular.AngularResourceCopier - File to be removed: <HOME>/.arkcase/tmp/modules_config/config/modules/organizations/config.json
[m[36m<TIMESTAMP>,633 [DEBUG] [main] com.armedia.acm.userinterface.angular.AngularResourceCopier - File to be removed: <HOME>/.arkcase/tmp/modules_config/config/modules/reports/config.json
[m[36m<TIMESTAMP>,633 [DEBUG] [main] com.armedia.acm.userinterface.angular.AngularResourceCopier - File to be removed: <HOME>/.arkcase/tmp/modules_config/config/modules/document-repository/config.json
[m[36m<TIMESTAMP>,633 [DEBUG] [main] com.armedia.acm.userinterface.angular.AngularResourceCopier - File to be removed: <HOME>/.arkcase/tmp/modules_config/config/modules/audit/config.json
[m[36m<TIMESTAMP>,633 [DEBUG] [main] com.armedia.acm.userinterface.angular.AngularResourceCopier - File to be removed: <HOME>/.arkcase/tmp/modules_config/config/modules/analytics-audit/config.json
[m[36m<TIMESTAMP>,634 [DEBUG] [main] com.armedia.acm.userinterface.angular.AngularResourceCopier - File to be removed: <HOME>/.arkcase/tmp/modules_config/config/modules/my-documents/config.json
[m[36m<TIMESTAMP>,634 [DEBUG] [main] com.armedia.acm.userinterface.angular.AngularResourceCopier - File to be removed: <HOME>/.arkcase/tmp/modules_config/config/modules/tags/config.json
[m[36m<TIMESTAMP>,634 [DEBUG] [main] com.armedia.acm.userinterface.angular.AngularResourceCopier - File to be removed: <HOME>/.arkcase/tmp/modules_config/config/modules/preference/config.json
[m[36m<TIMESTAMP>,634 [DEBUG] [main] com.armedia.acm.userinterface.angular.AngularResourceCopier - File to be removed: <HOME>/.arkcase/tmp/modules_config/config/modules/goodbye/config.json
[m[36m<TIMESTAMP>,634 [DEBUG] [main] com.armedia.acm.userinterface.angular.AngularResourceCopier - File to be removed: <HOME>/.arkcase/tmp/modules_config/config/modules/cost-tracking/config.json
[m[36m<TIMESTAMP>,634 [DEBUG] [main] com.armedia.acm.userinterface.angular.AngularResourceCopier - File to be removed: <HOME>/.arkcase/tmp/modules_config/config/modules/progress-bar/config.json
[m[36m<TIMESTAMP>,634 [DEBUG] [main] com.armedia.acm.userinterface.angular.AngularResourceCopier - File to be removed: <HOME>/.arkcase/tmp/modules_config/config/modules/time-tracking/config.json
[m[36m<TIMESTAMP>,634 [DEBUG] [main] com.armedia.acm.userinterface.angular.AngularResourceCopier - File to be removed: <HOME>/.arkcase/tmp/modules_config/config/modules/document-details/config.json
[m[36m<TIMESTAMP>,634 [DEBUG] [main] com.armedia.acm.userinterface.angular.AngularResourceCopier - File to be removed: <HOME>/.arkcase/tmp/modules_config/config/modules/admin/config.json
[m[36m<TIMESTAMP>,634 [DEBUG] [main] com.armedia.acm.userinterface.angular.AngularResourceCopier - File to be removed: <HOME>/.arkcase/tmp/modules_config/config/modules/search/config.json
[m[36m<TIMESTAMP>,634 [DEBUG] [main] com.armedia.acm.userinterface.angular.AngularResourceCopier - File to be removed: <HOME>/.arkcase/tmp/modules_config/config/modules/complaints/config.json
[m[36m<TIMESTAMP>,634 [DEBUG] [main] com.armedia.acm.userinterface.angular.AngularResourceCopier - File to be removed: <HOME>/.arkcase/tmp/modules_config/config/modules/core/config.json
[m[36m<TIMESTAMP>,634 [DEBUG] [main] com.armedia.acm.userinterface.angular.AngularResourceCopier - File to be removed: <HOME>/.arkcase/tmp/modules_config/config/modules/frevvo/config.json
[m[36m<TIMESTAMP>,634 [DEBUG] [main] com.armedia.acm.userinterface.angular.AngularResourceCopier - File to be removed: <HOME>/.arkcase/tmp/modules_config/config/modules/adhoc-reports/config.json
[m[36m<TIMESTAMP>,634 [DEBUG] [main] com.armedia.acm.userinterface.angular.AngularResourceCopier - File to be removed: <HOME>/.arkcase/tmp/modules_config/config/modules/common/config.json
[m[36m<TIMESTAMP>,634 [DEBUG] [main] com.armedia.acm.userinterface.angular.AngularResourceCopier - File to be removed: <HOME>/.arkcase/tmp/modules_config/config/modules/dashboard/config.json
[m[36m<TIMESTAMP>,634 [DEBUG] [main] com.armedia.acm.userinterface.angular.AngularResourceCopier - File to be removed: <HOME>/.arkcase/tmp/modules_config/config/modules/welcome/config.json
[m[36m<TIMESTAMP>,634 [DEBUG] [main] com.armedia.acm.userinterface.angular.AngularResourceCopier - File to be removed: <HOME>/.arkcase/tmp/modules_config/config/modules/tasks/config.json
[m[36m<TIMESTAMP>,634 [DEBUG] [main] com.armedia.acm.userinterface.angular.AngularResourceCopier - File to be removed: <HOME>/.arkcase/tmp/modules_config/config/modules/subscriptions/config.json
[m[36m<TIMESTAMP>,634 [DEBUG] [main] com.armedia.acm.userinterface.angular.AngularResourceCopier - File to be removed: <HOME>/.arkcase/tmp/modules_config/config/modules/analytics/config.json
[m[36m<TIMESTAMP>,634 [DEBUG] [main] com.armedia.acm.userinterface.angular.AngularResourceCopier - File to be removed: <HOME>/.arkcase/tmp/modules_config/config/modules/profile/config.json
[m[36m<TIMESTAMP>,635 [DEBUG] [main] com.armedia.acm.userinterface.angular.AngularResourceCopier - Found 42 files to be removed from tmp folder
[m[36m<TIMESTAMP>,635 [DEBUG] [main] com.armedia.acm.userinterface.angular.AngularResourceCopier - Removing tmp file [<HOME>/.arkcase/tmp/home.html]
[m[36m<TIMESTAMP>,636 [DEBUG] [main] com.armedia.acm.userinterface.angular.AngularResourceCopier - Removing tmp file [<HOME>/.arkcase/tmp/assets/dist/application.js]
[m[36m<TIMESTAMP>,636 [DEBUG] [main] com.armedia.acm.userinterface.angular.AngularResourceCopier - Removing tmp file [<HOME>/.arkcase/tmp/assets/dist/application.min.css]
[m[36m<TIMESTAMP>,636 [DEBUG] [main] com.armedia.acm.userinterface.angular.AngularResourceCopier - Removing tmp file [<HOME>/.arkcase/tmp/assets/dist/application.min.js.56da89159ec1b11a.map]
[m[36m<TIMESTAMP>,637 [DEBUG] [main] com.armedia.acm.userinterface.angular.AngularResourceCopier - Removing tmp file [<HOME>/.arkcase/tmp/assets/dist/vendors.min.js]
[m[36m<TIMESTAMP>,638 [DEBUG] [main] com.armedia.acm.userinterface.angular.AngularResourceCopier - Removing tmp file [<HOME>/.arkcase/tmp/assets/dist/application.min.1ae47d39c0d9d836.css]
[m[36m<TIMESTAMP>,638 [DEBUG] [main] com.armedia.acm.userinterface.angular.AngularResourceCopier - Removing tmp file [<HOME>/.arkcase/tmp/assets/dist/application.min.js.map]
[m[36m<TIMESTAMP>,638 [DEBUG] [main] com.armedia.acm.userinterface.angular.AngularResourceCopier - Removing tmp file [<HOME>/.arkcase/tmp/assets/dist/application.min.2fa1cd12f2c4077f.js]
[m[36m<TIMESTAMP>,639 [DEBUG] [main] com.armedia.acm.userinterface.angular.AngularResourceCopier - Removing tmp file [<HOME>/.arkcase/tmp/assets/dist/application.ef1612bbd7993382.js]
[m[36m<TIMESTAMP>,640 [DEBUG] [main] com.armedia.acm.userinterface.angular.AngularResourceCopier - Removing tmp file [<HOME>/.arkcase/tmp/assets/dist/application.min.js]
[m[36m<TIMESTAMP>,640 [DEBUG] [main] com.armedia.acm.userinterface.angular.AngularResourceCopier - Removing tmp file [<HOME>/.arkcase/tmp/assets/dist/vendors.min.59439035604af96f.js]
[m[36m<TIMESTAMP>,641 [DEBUG] [main] com.armedia.acm.userinterface.angular.AngularResourceCopier - Removing tmp file [<HOME>/.arkcase/tmp/modules_config/config/modules.json]
[m[36m<TIMESTAMP>,641 [DEBUG] [main] com.armedia.acm.userinterface.angular.AngularResourceCopier - Removing tmp file [<HOME>/.arkcase/tmp/modules_config/config/modules/notifications/config.json]
[m[36m<TIMESTAMP>,641 [DEBUG] [main] com.armedia.acm.userinterface.angular.AngularResourceCopier - Removing tmp file [<HOME>/.arkcase/tmp/modules_config/config/modules/cases/config.json]
[m[36m<TIMESTAMP>,641 [DEBUG] [main] com.armedia.acm.userinterface.angular.AngularResourceCopier - Removing tmp file [<HOME>/.arkcase/tmp/modules_config/config/modules/consultations/config.json]
[m[36m<TIMESTAMP>,641 [DEBUG] [main] com.armedia.acm.userinterface.angular.AngularResourceCopier - Removing tmp file [<HOME>/.arkcase/tmp/modules_config/config/modules/people/config.json]
[m[36m<TIMESTAMP>,641 [DEBUG] [main] com.armedia.acm.userinterface.angular.AngularResourceCopier - Removing tmp file [<HOME>/.arkcase/tmp/modules_config/config/modules/organizations/config.json]
[m[36m<TIMESTAMP>,641 [DEBUG] [main] com.armedia.acm.userinterface.angular.AngularResourceCopier - Removing tmp file [<HOME>/.arkcase/tmp/modules_config/config/modules/reports/config.json]
[m[36m<TIMESTAMP>,641 [DEBUG] [main] com.armedia.acm.userinterface.angular.AngularResourceCopier - Removing tmp file [<HOME>/.arkcase/tmp/modules_config/config/modules/document-repository/config.json]
[m[36m<TIMESTAMP>,641 [DEBUG] [main] com.armedia.acm.userinterface.angular.AngularResourceCopier - Removing tmp file [<HOME>/.arkcase/tmp/modules_config/config/modules/audit/config.json]
[m[36m<TIMESTAMP>,642 [DEBUG] [main] com.armedia.acm.userinterface.angular.AngularResourceCopier - Removing tmp file [<HOME>/.arkcase/tmp/modules_config/config/modules/analytics-audit/config.json]
[m[36m<TIMESTAMP>,642 [DEBUG] [main] com.armedia.acm.userinterface.angular.AngularResourceCopier - Removing tmp file [<HOME>/.arkcase/tmp/modules_config/config/modules/my-documents/config.json]
[m[36m<TIMESTAMP>,642 [DEBUG] [main] com.armedia.acm.userinterface.angular.AngularResourceCopier - Removing tmp file [<HOME>/.arkcase/tmp/modules_config/config/modules/tags/config.json]
[m[36m<TIMESTAMP>,642 [DEBUG] [main] com.armedia.acm.userinterface.angular.AngularResourceCopier - Removing tmp file [<HOME>/.arkcase/tmp/modules_config/config/modules/preference/config.json]
[m[36m<TIMESTAMP>,642 [DEBUG] [main] com.armedia.acm.userinterface.angular.AngularResourceCopier - Removing tmp file [<HOME>/.arkcase/tmp/modules_config/config/modules/goodbye/config.json]
[m[36m<TIMESTAMP>,642 [DEBUG] [main] com.armedia.acm.userinterface.angular.AngularResourceCopier - Removing tmp file [<HOME>/.arkcase/tmp/modules_config/config/modules/cost-tracking/config.json]
[m[36m<TIMESTAMP>,642 [DEBUG] [main] com.armedia.acm.userinterface.angular.AngularResourceCopier - Removing tmp file [<HOME>/.arkcase/tmp/modules_config/config/modules/progress-bar/config.json]
[m[36m<TIMESTAMP>,642 [DEBUG] [main] com.armedia.acm.userinterface.angular.AngularResourceCopier - Removing tmp file [<HOME>/.arkcase/tmp/modules_config/config/modules/time-tracking/config.json]
[m[36m<TIMESTAMP>,642 [DEBUG] [main] com.armedia.acm.userinterface.angular.AngularResourceCopier - Removing tmp file [<HOME>/.arkcase/tmp/modules_config/config/modules/document-details/config.json]
[m[36m<TIMESTAMP>,642 [DEBUG] [main] com.armedia.acm.userinterface.angular.AngularResourceCopier - Removing tmp file [<HOME>/.arkcase/tmp/modules_config/config/modules/admin/config.json]
[m[36m<TIMESTAMP>,642 [DEBUG] [main] com.armedia.acm.userinterface.angular.AngularResourceCopier - Removing tmp file [<HOME>/.arkcase/tmp/modules_config/config/modules/search/config.json]
[m[36m<TIMESTAMP>,642 [DEBUG] [main] com.armedia.acm.userinterface.angular.AngularResourceCopier - Removing tmp file [<HOME>/.arkcase/tmp/modules_config/config/modules/complaints/config.json]
[m[36m<TIMESTAMP>,642 [DEBUG] [main] com.armedia.acm.userinterface.angular.AngularResourceCopier - Removing tmp file [<HOME>/.arkcase/tmp/modules_config/config/modules/core/config.json]
[m[36m<TIMESTAMP>,642 [DEBUG] [main] com.armedia.acm.userinterface.angular.AngularResourceCopier - Removing tmp file [<HOME>/.arkcase/tmp/modules_config/config/modules/frevvo/config.json]
[m[36m<TIMESTAMP>,642 [DEBUG] [main] com.armedia.acm.userinterface.angular.AngularResourceCopier - Removing tmp file [<HOME>/.arkcase/tmp/modules_config/config/modules/adhoc-reports/config.json]
[m[36m<TIMESTAMP>,642 [DEBUG] [main] com.armedia.acm.userinterface.angular.AngularResourceCopier - Removing tmp file [<HOME>/.arkcase/tmp/modules_config/config/modules/common/config.json]
[m[36m<TIMESTAMP>,642 [DEBUG] [main] com.armedia.acm.userinterface.angular.AngularResourceCopier - Removing tmp file [<HOME>/.arkcase/tmp/modules_config/config/modules/dashboard/config.json]
[m[36m<TIMESTAMP>,642 [DEBUG] [main] com.armedia.acm.userinterface.angular.AngularResourceCopier - Removing tmp file [<HOME>/.arkcase/tmp/modules_config/config/modules/welcome/config.json]
[m[36m<TIMESTAMP>,642 [DEBUG] [main] com.armedia.acm.userinterface.angular.AngularResourceCopier - Removing tmp file [<HOME>/.arkcase/tmp/modules_config/config/modules/tasks/config.json]
[m[36m<TIMESTAMP>,642 [DEBUG] [main] com.armedia.acm.userinterface.angular.AngularResourceCopier - Removing tmp file [<HOME>/.arkcase/tmp/modules_config/config/modules/subscriptions/config.json]
[m[36m<TIMESTAMP>,643 [DEBUG] [main] com.armedia.acm.userinterface.angular.AngularResourceCopier - Removing tmp file [<HOME>/.arkcase/tmp/modules_config/config/modules/analytics/config.json]
[m[36m<TIMESTAMP>,643 [DEBUG] [main] com.armedia.acm.userinterface.angular.AngularResourceCopier - Removing tmp file [<HOME>/.arkcase/tmp/modules_config/config/modules/profile/config.json]
[m[36m<TIMESTAMP>,643 [DEBUG] [main] com.armedia.acm.userinterface.angular.AngularResourceCopier - About to run [node_modules/.bin/grunt --no-color]
[m[36m<TIMESTAMP>,094 [DEBUG] [Exec Stream Pumper] com.armedia.acm.userinterface.angular.AngularResourceCopier - Custom config does not exist..continuing..
[m[36m<TIMESTAMP>,096 [DEBUG] [Exec Stream Pumper] com.armedia.acm.userinterface.angular.AngularResourceCopier - External custom config does not exist..continuing..
[m[36m<TIMESTAMP>,604 [DEBUG] [Exec Stream Pumper] com.armedia.acm.userinterface.angular.AngularResourceCopier - Running "loadConfig" task
[m[36m<TIMESTAMP>,729 [DEBUG] [Exec Stream Pumper] com.armedia.acm.userinterface.angular.AngularResourceCopier - 
[m[36m<TIMESTAMP>,220 [DEBUG] [Exec Stream Pumper] com.armedia.acm.userinterface.angular.AngularResourceCopier - Running "clean:0" (clean) task
[m[36m<TIMESTAMP>,220 [DEBUG] [Exec Stream Pumper] com.armedia.acm.userinterface.angular.AngularResourceCopier - >> 1 path cleaned.
[m[36m<TIMESTAMP>,221 [DEBUG] [Exec Stream Pumper] com.armedia.acm.userinterface.angular.AngularResourceCopier - 
[m[36m<TIMESTAMP>,224 [DEBUG] [Exec Stream Pumper] com.armedia.acm.userinterface.angular.AngularResourceCopier - Running "ngAnnotate:production" (ngAnnotate) task
[m[36m<TIMESTAMP>,391 [DEBUG] [Exec Stream Pumper] com.armedia.acm.userinterface.angular.AngularResourceCopier - >> 1 file successfully generated.
[m[36m<TIMESTAMP>,392 [DEBUG] [Exec Stream Pumper] com.armedia.acm.userinterface.angular.AngularResourceCopier - 
[m[36m<TIMESTAMP>,393 [DEBUG] [Exec Stream Pumper] com.armedia.acm.userinterface.angular.AngularResourceCopier - Running "uglify:production" (uglify) task
[m[36m<TIMESTAMP>,912 [DEBUG] [Exec Stream Pumper] com.armedia.acm.userinterface.angular.AngularResourceCopier - >> 1 sourcemap created.
[m[36m<TIMESTAMP>,912 [DEBUG] [Exec Stream Pumper] com.armedia.acm.userinterface.angular.AngularResourceCopier - >> 1 file created.
[m[36m<TIMESTAMP>,950 [DEBUG] [Exec Stream Pumper] com.armedia.acm.userinterface.angular.AngularResourceCopier - 
[m[36m<TIMESTAMP>,950 [DEBUG] [Exec Stream Pumper] com.armedia.acm.userinterface.angular.AngularResourceCopier - Running "concat:dist" (concat) task
[m[36m<TIMESTAMP>,975 [DEBUG] [Exec Stream Pumper] com.armedia.acm.userinterface.angular.AngularResourceCopier - 
[m[36m<TIMESTAMP>,975 [DEBUG] [Exec Stream Pumper] com.armedia.acm.userinterface.angular.AngularResourceCopier - Running "cssmin:combine" (cssmin) task
[m[36m<TIMESTAMP>,262 [DEBUG] [Exec Stream Pumper] com.armedia.acm.userinterface.angular.AngularResourceCopier - >> 1 file created. 504.48 kB → 389.31 kB
[m[36m<TIMESTAMP>,263 [DEBUG] [Exec Stream Pumper] com.armedia.acm.userinterface.angular.AngularResourceCopier - 
[m[36m<TIMESTAMP>,263 [DEBUG] [Exec Stream Pumper] com.armedia.acm.userinterface.angular.AngularResourceCopier - Running "renderHome" task
[m[36m<TIMESTAMP>,404 [DEBUG] [Exec Stream Pumper] com.armedia.acm.userinterface.angular.AngularResourceCopier - 
[m[36m<TIMESTAMP>,404 [DEBUG] [Exec Stream Pumper] com.armedia.acm.userinterface.angular.AngularResourceCopier - Running "cacheBust:taskName" (cacheBust) task
[m[36m<TIMESTAMP>,482 [DEBUG] [Exec Stream Pumper] com.armedia.acm.userinterface.angular.AngularResourceCopier - >> 1 file busted.
[m[36m<TIMESTAMP>,482 [DEBUG] [Exec Stream Pumper] com.armedia.acm.userinterface.angular.AngularResourceCopier - 
[m[36m<TIMESTAMP>,482 [DEBUG] [Exec Stream Pumper] com.armedia.acm.userinterface.angular.AngularResourceCopier - Running "copyToModulesConfigFolder" task
[m[36m<TIMESTAMP>,489 [DEBUG] [Exec Stream Pumper] com.armedia.acm.userinterface.angular.AngularResourceCopier - Added new module: adhoc-reports
[m[36m<TIMESTAMP>,490 [DEBUG] [Exec Stream Pumper] com.armedia.acm.userinterface.angular.AngularResourceCopier - Added new module: admin
[m[36m<TIMESTAMP>,490 [DEBUG] [Exec Stream Pumper] com.armedia.acm.userinterface.angular.AngularResourceCopier - Added new module: analytics-audit
[m[36m<TIMESTAMP>,490 [DEBUG] [Exec Stream Pumper] com.armedia.acm.userinterface.angular.AngularResourceCopier - Added new module: analytics
[m[36m<TIMESTAMP>,490 [DEBUG] [Exec Stream Pumper] com.armedia.acm.userinterface.angular.AngularResourceCopier - Added new module: audit
[m[36m<TIMESTAMP>,491 [DEBUG] [Exec Stream Pumper] com.armedia.acm.userinterface.angular.AngularResourceCopier - Added new module: cases
[m[36m<TIMESTAMP>,491 [DEBUG] [Exec Stream Pumper] com.armedia.acm.userinterface.angular.AngularResourceCopier - Added new module: common
[m[36m<TIMESTAMP>,491 [DEBUG] [Exec Stream Pumper] com.armedia.acm.userinterface.angular.AngularResourceCopier - Added new module: complaints
[m[36m<TIMESTAMP>,492 [DEBUG] [Exec Stream Pumper] com.armedia.acm.userinterface.angular.AngularResourceCopier - Added new module: consultations
[m[36m<TIMESTAMP>,492 [DEBUG] [Exec Stream Pumper] com.armedia.acm.userinterface.angular.AngularResourceCopier - Added new module: core
[m[36m<TIMESTAMP>,492 [DEBUG] [Exec Stream Pumper] com.armedia.acm.userinterface.angular.AngularResourceCopier - Added new module: cost-tracking
[m[36m<TIMESTAMP>,492 [DEBUG] [Exec Stream Pumper] com.armedia.acm.userinterface.angular.AngularResourceCopier - Added new module: dashboard
[m[36m<TIMESTAMP>,493 [DEBUG] [Exec Stream Pumper] com.armedia.acm.userinterface.angular.AngularResourceCopier - Added new module: document-details
[m[36m<TIMESTAMP>,493 [DEBUG] [Exec Stream Pumper] com.armedia.acm.userinterface.angular.AngularResourceCopier - Added new module: document-repository
[m[36m<TIMESTAMP>,493 [DEBUG] [Exec Stream Pumper] com.armedia.acm.userinterface.angular.AngularResourceCopier - Added new module: frevvo
[m[36m<TIMESTAMP>,493 [DEBUG] [Exec Stream Pumper] com.armedia.acm.userinterface.angular.AngularResourceCopier - Added new module: goodbye
[m[36m<TIMESTAMP>,493 [DEBUG] [Exec Stream Pumper] com.armedia.acm.userinterface.angular.AngularResourceCopier - Added new module: my-documents
[m[36m<TIMESTAMP>,494 [DEBUG] [Exec Stream Pumper] com.armedia.acm.userinterface.angular.AngularResourceCopier - Added new module: notifications
[m[36m<TIMESTAMP>,494 [DEBUG] [Exec Stream Pumper] com.armedia.acm.userinterface.angular.AngularResourceCopier - Added new module: organizations
[m[36m<TIMESTAMP>,494 [DEBUG] [Exec Stream Pumper] com.armedia.acm.userinterface.angular.AngularResourceCopier - Added new module: people
[m[36m<TIMESTAMP>,494 [DEBUG] [Exec Stream Pumper] com.armedia.acm.userinterface.angular.AngularResourceCopier - Added new module: preference
[m[36m<TIMESTAMP>,494 [DEBUG] [Exec Stream Pumper] com.armedia.acm.userinterface.angular.AngularResourceCopier - Added new module: profile
[m[36m<TIMESTAMP>,495 [DEBUG] [Exec Stream Pumper] com.armedia.acm.userinterface.angular.AngularResourceCopier - Added new module: progress-bar
[m[36m<TIMESTAMP>,495 [DEBUG] [Exec Stream Pumper] com.armedia.acm.userinterface.angular.AngularResourceCopier - Added new module: reports
[m[36m<TIMESTAMP>,495 [DEBUG] [Exec Stream Pumper] com.armedia.acm.userinterface.angular.AngularResourceCopier - Added new module: search
[m[36m<TIMESTAMP>,495 [DEBUG] [Exec Stream Pumper] com.armedia.acm.userinterface.angular.AngularResourceCopier - Added new module: subscriptions
[m[36m<TIMESTAMP>,495 [DEBUG] [Exec Stream Pumper] com.armedia.acm.userinterface.angular.AngularResourceCopier - Added new module: tags
[m[36m<TIMESTAMP>,495 [DEBUG] [Exec Stream Pumper] com.armedia.acm.userinterface.angular.AngularResourceCopier - Added new module: tasks
[m[36m<TIMESTAMP>,496 [DEBUG] [Exec Stream Pumper] com.armedia.acm.userinterface.angular.AngularResourceCopier - Added new module: time-tracking
[m[36m<TIMESTAMP>,496 [DEBUG] [Exec Stream Pumper] com.armedia.acm.userinterface.angular.AngularResourceCopier - Added new module: welcome
[m[36m<TIMESTAMP>,496 [DEBUG] [Exec Stream Pumper] com.armedia.acm.userinterface.angular.AngularResourceCopier - 
[m[36m<TIMESTAMP>,496 [DEBUG] [Exec Stream Pumper] com.armedia.acm.userinterface.angular.AngularResourceCopier - Done, without errors.
[m[36m<TIMESTAMP>,570 [DEBUG] [main] com.armedia.acm.userinterface.angular.AngularResourceCopier - done with [node_modules/.bin/grunt --no-color]: exit code 0
[m[36m<TIMESTAMP>,574 [DEBUG] [main] com.armedia.acm.userinterface.angular.AngularResourceCopier - Copying [<HOME>/.arkcase/tmp/assets/dist/application.js] to [<HOME>/.arkcase/custom/assets/dist/application.js]
[m[36m<TIMESTAMP>,601 [DEBUG] [main] com.armedia.acm.userinterface.angular.AngularResourceCopier - Copying [<HOME>/.arkcase/tmp/assets/dist/application.min.css] to [<HOME>/.arkcase/custom/assets/dist/application.min.css]
[m[36m<TIMESTAMP>,603 [DEBUG] [main] com.armedia.acm.userinterface.angular.AngularResourceCopier - Copying [<HOME>/.arkcase/tmp/assets/dist/application.min.js.56da89159ec1b11a.map] to [<HOME>/.arkcase/custom/assets/dist/application.min.js.56da89159ec1b11a.map]
[m[36m<TIMESTAMP>,614 [DEBUG] [main] com.armedia.acm.userinterface.angular.AngularResourceCopier - Copying [<HOME>/.arkcase/tmp/assets/dist/vendors.min.js] to [<HOME>/.arkcase/custom/assets/dist/vendors.min.js]
[m[36m<TIMESTAMP>,672 [DEBUG] [main] com.armedia.acm.userinterface.angular.AngularResourceCopier - Copying [<HOME>/.arkcase/tmp/assets/dist/application.min.1ae47d39c0d9d836.css] to [<HOME>/.arkcase/custom/assets/dist/application.min.1ae47d39c0d9d836.css]
[m[36m<TIMESTAMP>,673 [DEBUG] [main] com.armedia.acm.userinterface.angular.AngularResourceCopier - Copying [<HOME>/.arkcase/tmp/assets/dist/application.min.js.map] to [<HOME>/.arkcase/custom/assets/dist/application.min.js.map]
[m[36m<TIMESTAMP>,680 [DEBUG] [main] com.armedia.acm.userinterface.angular.AngularResourceCopier - Copying [<HOME>/.arkcase/tmp/assets/dist/application.min.2fa1cd12f2c4077f.js] to [<HOME>/.arkcase/custom/assets/dist/application.min.2fa1cd12f2c4077f.js]
[m[36m<TIMESTAMP>,690 [DEBUG] [main] com.armedia.acm.userinterface.angular.AngularResourceCopier - Copying [<HOME>/.arkcase/tmp/assets/dist/application.ef1612bbd7993382.js] to [<HOME>/.arkcase/custom/assets/dist/application.ef1612bbd7993382.js]
[m[36m<TIMESTAMP>,709 [DEBUG] [main] com.armedia.acm.userinterface.angular.AngularResourceCopier - Copying [<HOME>/.arkcase/tmp/assets/dist/application.min.js] to [<HOME>/.arkcase/custom/assets/dist/application.min.js]
[m[36m<TIMESTAMP>,721 [DEBUG] [main] com.armedia.acm.userinterface.angular.AngularResourceCopier - Copying [<HOME>/.arkcase/tmp/assets/dist/vendors.min.59439035604af96f.js] to [<HOME>/.arkcase/custom/assets/dist/vendors.min.59439035604af96f.js]
[m[36m<TIMESTAMP>,755 [DEBUG] [main] com.armedia.acm.userinterface.angular.AngularResourceCopier - Found 53 files in target folder [<HOME>/.arkcase/custom/assets]
[m[36m<TIMESTAMP>,761 [DEBUG] [main] com.armedia.acm.userinterface.angular.AngularResourceCopier - Found 0 files to be removed from target folder [<HOME>/.arkcase/custom/assets]
[m[36m<TIMESTAMP>,766 [DEBUG] [main] com.armedia.acm.userinterface.angular.AngularResourceCopier - Found 96 files in target folder [<HOME>/.arkcase/custom/directives]
[m[36m<TIMESTAMP>,766 [DEBUG] [main] com.armedia.acm.userinterface.angular.AngularResourceCopier - Found 0 files to be removed from target folder [<HOME>/.arkcase/custom/directives]
[m[36m<TIMESTAMP>,062 [DEBUG] [main] com.armedia.acm.userinterface.angular.AngularResourceCopier - Copying [<HOME>/.arkcase/tmp/node_modules/grunt-cache-bust/.editorconfig] to [<HOME>/.arkcase/custom/node_modules/grunt-cache-bust/.editorconfig]
[m[36m<TIMESTAMP>,062 [DEBUG] [main] com.armedia.acm.userinterface.angular.AngularResourceCopier - Copying [<HOME>/.arkcase/tmp/node_modules/grunt-cache-bust/LICENSE-MIT] to [<HOME>/.arkcase/custom/node_modules/grunt-cache-bust/LICENSE-MIT]
[m[36m<TIMESTAMP>,062 [DEBUG] [main] com.armedia.acm.userinterface.angular.AngularResourceCopier - Copying [<HOME>/.arkcase/tmp/node_modules/grunt-cache-bust/tests/relativepath/relativepath.html] to [<HOME>/.arkcase/custom/node_modules/grunt-cache-bust/tests/relativepath/relativepath.html]
[m[36m<TIMESTAMP>,063 [DEBUG] [main] com.armedia.acm.userinterface.angular.AngularResourceCopier - Copying [<HOME>/.arkcase/tmp/node_modules/grunt-cache-bust/tests/relativepath/relativepath_test.js] to [<HOME>/.arkcase/custom/node_modules/grunt-cache-bust/tests/relativepath/relativepath_test.js]
[m[36m<TIMESTAMP>,063 [DEBUG] [main] com.armedia.acm.userinterface.angular.AngularResourceCopier - Copying [<HOME>/.arkcase/tmp/node_modules/grunt-cache-bust/tests/relativepath/assets/css/application.css] to [<HOME>/.arkcase/custom/node_modules/grunt-cache-bust/tests/relativepath/assets/css/application.css]
[m[36m<TIMESTAMP>,064 [DEBUG] [main] com.armedia.acm.userinterface.angular.AngularResourceCopier - Copying [<HOME>/.arkcase/tmp/node_modules/grunt-cache-bust/tests/relativepath/assets/images/testbg.png] to [<HOME>/.arkcase/custom/node_modules/grunt-cache-bust/tests/relativepath/assets/images/testbg.png]
[m[36m<TIMESTAMP>,064 [DEBUG] [main] com.armedia.acm.userinterface.angular.AngularResourceCopier - Copying [<HOME>/.arkcase/tmp/node_modules/grunt-cache-bust/tests/absolutepath/assets/css/application.css] to [<HOME>/.arkcase/custom/node_modules/grunt-cache-bust/tests/absolutepath/assets/css/application.css]
[m[36m<TIMESTAMP>,065 [DEBUG] [main] com.armedia.acm.userinterface.angular.AngularResourceCopier - Copying [<HOME>/.arkcase/tmp/node_modules/grunt-cache-bust/tests/absolutepath/assets/images/testbg.png] to [<HOME>/.arkcase/custom/node_modules/grunt-cache-bust/tests/absolutepath/assets/images/testbg.png]
[m[36m<TIMESTAMP>,065 [DEBUG] [main] com.armedia.acm.userinterface.angular.AngularResourceCopier - Copying [<HOME>/.arkcase/tmp/node_modules/grunt-cache-bust/tests/absolutepath/absolutepath.html] to [<HOME>/.arkcase/custom/node_modules/grunt-cache-bust/tests/absolutepath/absolutepath.html]
[m[36m<TIMESTAMP>,065 [DEBUG] [main] com.armedia.acm.userinterface.angular.AngularResourceCopier - Copying [<HOME>/.arkcase/tmp/node_modules/grunt-cache-bust/tests/absolutepath/absolutepath_test.js] to [<HOME>/.arkcase/custom/node_modules/grunt-cache-bust/tests/absolutepath/absolutepath_test.js]
[m[36m<TIMESTAMP>,066 [DEBUG] [main] com.armedia.acm.userinterface.angular.AngularResourceCopier - Copying [<HOME>/.arkcase/tmp/node_modules/grunt-cache-bust/tests/outputDir/outputDir.html] to [<HOME>/.arkcase/custom/node_modules/grunt-cache-bust/tests/outputDir/outputDir.html]
[m[36m<TIMESTAMP>,066 [DEBUG] [main] com.armedia.acm.userinterface.angular.AngularResourceCopier - Copying [<HOME>/.arkcase/tmp/node_modules/grunt-cache-bust/tests/outputDir/assets/outputDir.css] to [<HOME>/.arkcase/custom/node_modules/grunt-cache-bust/tests/outputDir/assets/outputDir.css]
[m[36m<TIMESTAMP>,067 [DEBUG] [main] com.armedia.acm.userinterface.angular.AngularResourceCopier - Copying [<HOME>/.arkcase/tmp/node_modules/grunt-cache-bust/tests/outputDir/assets/outputDir.png] to [<HOME>/.arkcase/custom/node_modules/grunt-cache-bust/tests/outputDir/assets/outputDir.png]
[m[36m<TIMESTAMP>,067 [DEBUG] [main] com.armedia.acm.userinterface.angular.AngularResourceCopier - Copying [<HOME>/.arkcase/tmp/node_modules/grunt-cache-bust/tests/outputDir/assets/outputDir.js] to [<HOME>/.arkcase/custom/node_modules/grunt-cache-bust/tests/outputDir/assets/outputDir.js]
[m[36m<TIMESTAMP>,068 [DEBUG] [main] com.armedia.acm.userinterface.angular.AngularResourceCopier - Copying [<HOME>/.arkcase/tmp/node_modules/grunt-cache-bust/tests/outputDir/outputDir_test.js] to [<HOME>/.arkcase/custom/node_modules/grunt-cache-bust/tests/outputDir/outputDir_test.js]
[m[36m<TIMESTAMP>,068 [DEBUG] [main] com.armedia.acm.userinterface.angular.AngularResourceCopier - Copying [<HOME>/.arkcase/tmp/node_modules/grunt-cache-bust/tests/sourceBusted2/sourceBusted2_test.js] to [<HOME>/.arkcase/custom/node_modules/grunt-cache-bust/tests/sourceBusted2/sourceBusted2_test.js]
[m[36m<TIMESTAMP>,068 [DEBUG] [main] com.armedia.acm.userinterface.angular.AngularResourceCopier - Copying [<HOME>/.arkcase/tmp/node_modules/grunt-cache-bust/tests/sourceBusted2/assets/css/application.css] to [<HOME>/.arkcase/custom/node_modules/grunt-cache-bust/tests/sourceBusted2/assets/css/application.css]
[m[36m<TIMESTAMP>,068 [DEBUG] [main] com.armedia.acm.userinterface.angular.AngularResourceCopier - Copying [<HOME>/.arkcase/tmp/node_modules/grunt-cache-bust/tests/sourceBusted2/assets/images/testbg.png] to [<HOME>/.arkcase/custom/node_modules/grunt-cache-bust/tests/sourceBusted2/assets/images/testbg.png]
[m[36m<TIMESTAMP>,069 [DEBUG] [main] com.armedia.acm.userinterface.angular.AngularResourceCopier - Copying [<HOME>/.arkcase/tmp/node_modules/grunt-cache-bust/tests/sourceBusted2/sourceBusted2.html] to [<HOME>/.arkcase/custom/node_modules/grunt-cache-bust/tests/sourceBusted2/sourceBusted2.html]
[m[36m<TIMESTAMP>,069 [DEBUG] [main] com.armedia.acm.userinterface.angular.AngularResourceCopier - Copying [<HOME>/.arkcase/tmp/node_modules/grunt-cache-bust/tests/deleteOriginals/deleteOriginals.html] to [<HOME>/.arkcase/custom/node_modules/grunt-cache-bust/tests/deleteOriginals/deleteOriginals.html]
[m[36m<TIMESTAMP>,069 [DEBUG] [main] com.armedia.acm.userinterface.angular.AngularResourceCopier - Copying [<HOME>/.arkcase/tmp/node_modules/grunt-cache-bust/tests/deleteOriginals/deleteOriginalSameAssets.html] to [<HOME>/.arkcase/custom/node_modules/grunt-cache-bust/tests/deleteOriginals/deleteOriginalSameAssets.html]
[m[36m<TIMESTAMP>,069 [DEBUG] [main] com.armedia.acm.userinterface.angular.AngularResourceCopier - Copying [<HOME>/.arkcase/tmp/node_modules/grunt-cache-bust/tests/deleteOriginals/assets/delete.css] to [<HOME>/.arkcase/custom/node_modules/grunt-cache-bust/tests/deleteOriginals/assets/delete.css]
[m[36m<TIMESTAMP>,069 [DEBUG] [main] com.armedia.acm.userinterface.angular.AngularResourceCopier - Copying [<HOME>/.arkcase/tmp/node_modules/grunt-cache-bust/tests/deleteOriginals/assets/delete.js] to [<HOME>/.arkcase/custom/node_modules/grunt-cache-bust/tests/deleteOriginals/assets/delete.js]
[m[36m<TIMESTAMP>,070 [DEBUG] [main] com.armedia.acm.userinterface.angular.AngularResourceCopier - Copying [<HOME>/.arkcase/tmp/node_modules/grunt-cache-bust/tests/deleteOriginals/assets/delete.png] to [<HOME>/.arkcase/custom/node_modules/grunt-cache-bust/tests/deleteOriginals/assets/delete.png]
[m[36m<TIMESTAMP>,070 [DEBUG] [main] com.armedia.acm.userinterface.angular.AngularResourceCopier - Copying [<HOME>/.arkcase/tmp/node_modules/grunt-cache-bust/tests/queryString/imgs/background.jpg] to [<HOME>/.arkcase/custom/node_modules/grunt-cache-bust/tests/queryString/imgs/background.jpg]
[m[36m<TIMESTAMP>,070 [DEBUG] [main] com.armedia.acm.userinterface.angular.AngularResourceCopier - Copying [<HOME>/.arkcase/tmp/node_modules/grunt-cache-bust/tests/queryString/queryString.html] to [<HOME>/.arkcase/custom/node_modules/grunt-cache-bust/tests/queryString/queryString.html]
[m[36m<TIMESTAMP>,070 [DEBUG] [main] com.armedia.acm.userinterface.angular.AngularResourceCopier - Copying [<HOME>/.arkcase/tmp/node_modules/grunt-cache-bust/tests/queryString/css/test.css] to [<HOME>/.arkcase/custom/node_modules/grunt-cache-bust/tests/queryString/css/test.css]
[m[36m<TIMESTAMP>,070 [DEBUG] [main] com.armedia.acm.userinterface.angular.AngularResourceCopier - Copying [<HOME>/.arkcase/tmp/node_modules/grunt-cache-bust/tests/queryString/queryString_test.js] to [<HOME>/.arkcase/custom/node_modules/grunt-cache-bust/tests/queryString/queryString_test.js]
[m[36m<TIMESTAMP>,070 [DEBUG] [main] com.armedia.acm.userinterface.angular.AngularResourceCopier - Copying [<HOME>/.arkcase/tmp/node_modules/grunt-cache-bust/tests/imgsrcset/imgsrcset.html] to [<HOME>/.arkcase/custom/node_modules/grunt-cache-bust/tests/imgsrcset/imgsrcset.html]
[m[36m<TIMESTAMP>,071 [DEBUG] [main] com.armedia.acm.userinterface.angular.AngularResourceCopier - Copying [<HOME>/.arkcase/tmp/node_modules/grunt-cache-bust/tests/imgsrcset/assets/imgsrcset-small.jpg] to [<HOME>/.arkcase/custom/node_modules/grunt-cache-bust/tests/imgsrcset/assets/imgsrcset-small.jpg]
[m[36m<TIMESTAMP>,071 [DEBUG] [main] com.armedia.acm.userinterface.angular.AngularResourceCopier - Copying [<HOME>/.arkcase/tmp/node_modules/grunt-cache-bust/tests/imgsrcset/assets/imgsrcset.jpg] to [<HOME>/.arkcase/custom/node_modules/grunt-cache-bust/tests/imgsrcset/assets/imgsrcset.jpg]
[m[36m<TIMESTAMP>,071 [DEBUG] [main] com.armedia.acm.userinterface.angular.AngularResourceCopier - Copying [<HOME>/.arkcase/tmp/node_modules/grunt-cache-bust/tests/imgsrcset/assets/imgsrcset-big.jpg] to [<HOME>/.arkcase/custom/node_modules/grunt-cache-bust/tests/imgsrcset/assets/imgsrcset-big.jpg]
[m[36m<TIMESTAMP>,071 [DEBUG] [main] com.armedia.acm.userinterface.angular.AngularResourceCopier - Copying [<HOME>/.arkcase/tmp/node_modules/grunt-cache-bust/tests/imgsrcset/imgsrcset_test.js] to [<HOME>/.arkcase/custom/node_modules/grunt-cache-bust/tests/imgsrcset/imgsrcset_test.js]
[m[36m<TIMESTAMP>,072 [DEBUG] [main] com.armedia.acm.userinterface.angular.AngularResourceCopier - Copying [<HOME>/.arkcase/tmp/node_modules/grunt-cache-bust/tests/ignorePattern/ignorePattern.html] to [<HOME>/.arkcase/custom/node_modules/grunt-cache-bust/tests/ignorePattern/ignorePattern.html]
[m[36m<TIMESTAMP>,072 [DEBUG] [main] com.armedia.acm.userinterface.angular.AngularResourceCopier - Copying [<HOME>/.arkcase/tmp/node_modules/grunt-cache-bust/tests/ignorePattern/ignorePattern_test.js] to [<HOME>/.arkcase/custom/node_modules/grunt-cache-bust/tests/ignorePattern/ignorePattern_test.js]
[m[36m<TIMESTAMP>,072 [DEBUG] [main] com.armedia.acm.userinterface.angular.AngularResourceCopier - Copying [<HOME>/.arkcase/tmp/node_modules/grunt-cache-bust/tests/ignorePattern/assets/toBeIgnoredJS.js] to [<HOME>/.arkcase/custom/node_modules/grunt-cache-bust/tests/ignorePattern/assets/toBeIgnoredJS.js]
[m[36m<TIMESTAMP>,072 [DEBUG] [main] com.armedia.acm.userinterface.angular.AngularResourceCopier - Copying [<HOME>/.arkcase/tmp/node_modules/grunt-cache-bust/tests/ignorePattern/assets/toBeIgnoredJPG.jpg] to [<HOME>/.arkcase/custom/node_modules/grunt-cache-bust/tests/ignorePattern/assets/toBeIgnoredJPG.jpg]
[m[36m<TIMESTAMP>,073 [DEBUG] [main] com.armedia.acm.userinterface.angular.AngularResourceCopier - Copying [<HOME>/.arkcase/tmp/node_modules/grunt-cache-bust/tests/ignorePattern/assets/toBeIgnoredCSS.css] to [<HOME>/.arkcase/custom/node_modules/grunt-cache-bust/tests/ignorePattern/assets/toBeIgnoredCSS.css]
[m[36m<TIMESTAMP>,073 [DEBUG] [main] com.armedia.acm.userinterface.angular.AngularResourceCopier - Copying [<HOME>/.arkcase/tmp/node_modules/grunt-cache-bust/tests/stylesheets/stylesheet_test.js] to [<HOME>/.arkcase/custom/node_modules/grunt-cache-bust/tests/stylesheets/stylesheet_test.js]
[m[36m<TIMESTAMP>,073 [DEBUG] [main] com.armedia.acm.userinterface.angular.AngularResourceCopier - Copying [<HOME>/.arkcase/tmp/node_modules/grunt-cache-bust/tests/stylesheets/stylesheet.css] to [<HOME>/.arkcase/custom/node_modules/grunt-cache-bust/tests/stylesheets/stylesheet.css]
[m[36m<TIMESTAMP>,073 [DEBUG] [main] com.armedia.acm.userinterface.angular.AngularResourceCopier - Copying [<HOME>/.arkcase/tmp/node_modules/grunt-cache-bust/tests/stylesheets/assets/stylesheet2.css] to [<HOME>/.arkcase/custom/node_modules/grunt-cache-bust/tests/stylesheets/assets/stylesheet2.css]
[m[36m<TIMESTAMP>,074 [DEBUG] [main] com.armedia.acm.userinterface.angular.AngularResourceCopier - Copying [<HOME>/.arkcase/tmp/node_modules/grunt-cache-bust/tests/stylesheets/assets/stylesheet4.css] to [<HOME>/.arkcase/custom/node_modules/grunt-cache-bust/tests/stylesheets/assets/stylesheet4.css]
[m[36m<TIMESTAMP>,074 [DEBUG] [main] com.armedia.acm.userinterface.angular.AngularResourceCopier - Copying [<HOME>/.arkcase/tmp/node_modules/grunt-cache-bust/tests/stylesheets/assets/css-image.jpg] to [<HOME>/.arkcase/custom/node_modules/grunt-cache-bust/tests/stylesheets/assets/css-image.jpg]
[m[36m<TIMESTAMP>,074 [DEBUG] [main] com.armedia.acm.userinterface.angular.AngularResourceCopier - Copying [<HOME>/.arkcase/tmp/node_modules/grunt-cache-bust/tests/stylesheets/assets/relative-css-image-quotes.jpg] to [<HOME>/.arkcase/custom/node_modules/grunt-cache-bust/tests/stylesheets/assets/relative-css-image-quotes.jpg]
[m[36m<TIMESTAMP>,074 [DEBUG] [main] com.armedia.acm.userinterface.angular.AngularResourceCopier - Copying [<HOME>/.arkcase/tmp/node_modules/grunt-cache-bust/tests/stylesheets/assets/css-image-quotes.jpg] to [<HOME>/.arkcase/custom/node_modules/grunt-cache-bust/tests/stylesheets/assets/css-image-quotes.jpg]
[m[36m<TIMESTAMP>,075 [DEBUG] [main] com.armedia.acm.userinterface.angular.AngularResourceCopier - Copying [<HOME>/.arkcase/tmp/node_modules/grunt-cache-bust/tests/stylesheets/assets/relative-css-image.jpg] to [<HOME>/.arkcase/custom/node_modules/grunt-cache-bust/tests/stylesheets/assets/relative-css-image.jpg]
[m[36m<TIMESTAMP>,075 [DEBUG] [main] com.armedia.acm.userinterface.angular.AngularResourceCopier - Copying [<HOME>/.arkcase/tmp/node_modules/grunt-cache-bust/tests/stylesheets/assets/stylesheet3.css] to [<HOME>/.arkcase/custom/node_modules/grunt-cache-bust/tests/stylesheets/assets/stylesheet3.css]
[m[36m<TIMESTAMP>,075 [DEBUG] [main] com.armedia.acm.userinterface.angular.AngularResourceCopier - Copying [<HOME>/.arkcase/tmp/node_modules/grunt-cache-bust/tests/stylesheets/assets/css-image-large.jpg] to [<HOME>/.arkcase/custom/node_modules/grunt-cache-bust/tests/stylesheets/assets/css-image-large.jpg]
[m[36m<TIMESTAMP>,075 [DEBUG] [main] com.armedia.acm.userinterface.angular.AngularResourceCopier - Copying [<HOME>/.arkcase/tmp/node_modules/grunt-cache-bust/tests/stylesheets/assets/image1.jpg] to [<HOME>/.arkcase/custom/node_modules/grunt-cache-bust/tests/stylesheets/assets/image1.jpg]
[m[36m<TIMESTAMP>,076 [DEBUG] [main] com.armedia.acm.userinterface.angular.AngularResourceCopier - Copying [<HOME>/.arkcase/tmp/node_modules/grunt-cache-bust/tests/stylesheets/assets/relative-css-image-large.jpg] to [<HOME>/.arkcase/custom/node_modules/grunt-cache-bust/tests/stylesheets/assets/relative-css-image-large.jpg]
[m[36m<TIMESTAMP>,076 [DEBUG] [main] com.armedia.acm.userinterface.angular.AngularResourceCopier - Copying [<HOME>/.arkcase/tmp/node_modules/grunt-cache-bust/tests/stylesheets/assets/relative-image1.jpg] to [<HOME>/.arkcase/custom/node_modules/grunt-cache-bust/tests/stylesheets/assets/relative-image1.jpg]
[m[36m<TIMESTAMP>,077 [DEBUG] [main] com.armedia.acm.userinterface.angular.AngularResourceCopier - Copying [<HOME>/.arkcase/tmp/node_modules/grunt-cache-bust/tests/stylesheets/assets/fonts/icons.eot] to [<HOME>/.arkcase/custom/node_modules/grunt-cache-bust/tests/stylesheets/assets/fonts/icons.eot]
[m[36m<TIMESTAMP>,077 [DEBUG] [main] com.armedia.acm.userinterface.angular.AngularResourceCopier - Copying [<HOME>/.arkcase/tmp/node_modules/grunt-cache-bust/tests/stylesheets/assets/fonts/icons.woff2] to [<HOME>/.arkcase/custom/node_modules/grunt-cache-bust/tests/stylesheets/assets/fonts/icons.woff2]
[m[36m<TIMESTAMP>,078 [DEBUG] [main] com.armedia.acm.userinterface.angular.AngularResourceCopier - Copying [<HOME>/.arkcase/tmp/node_modules/grunt-cache-bust/tests/stylesheets/assets/fonts/icons.woff] to [<HOME>/.arkcase/custom/node_modules/grunt-cache-bust/tests/stylesheets/assets/fonts/icons.woff]
[m[36m<TIMESTAMP>,078 [DEBUG] [main] com.armedia.acm.userinterface.angular.AngularResourceCopier - Copying [<HOME>/.arkcase/tmp/node_modules/grunt-cache-bust/tests/stylesheets/assets/fonts/icons.ttf] to [<HOME>/.arkcase/custom/node_modules/grunt-cache-bust/tests/stylesheets/assets/fonts/icons.ttf]
[m[36m<TIMESTAMP>,078 [DEBUG] [main] com.armedia.acm.userinterface.angular.AngularResourceCopier - Copying [<HOME>/.arkcase/tmp/node_modules/grunt-cache-bust/tests/stylesheets/assets/stylesheet1.css] to [<HOME>/.arkcase/custom/node_modules/grunt-cache-bust/tests/stylesheets/assets/stylesheet1.css]
[m[36m<TIMESTAMP>,078 [DEBUG] [main] com.armedia.acm.userinterface.angular.AngularResourceCopier - Copying [<HOME>/.arkcase/tmp/node_modules/grunt-cache-bust/tests/stylesheets/assets/image2.jpg] to [<HOME>/.arkcase/custom/node_modules/grunt-cache-bust/tests/stylesheets/assets/image2.jpg]
[m[36m<TIMESTAMP>,079 [DEBUG] [main] com.armedia.acm.userinterface.angular.AngularResourceCopier - Copying [<HOME>/.arkcase/tmp/node_modules/grunt-cache-bust/tests/stylesheets/css/replaceCssInSubdir.css] to [<HOME>/.arkcase/custom/node_modules/grunt-cache-bust/tests/stylesheets/css/replaceCssInSubdir.css]
[m[36m<TIMESTAMP>,079 [DEBUG] [main] com.armedia.acm.userinterface.angular.AngularResourceCopier - Copying [<HOME>/.arkcase/tmp/node_modules/grunt-cache-bust/tests/realpath/realpath_test.js] to [<HOME>/.arkcase/custom/node_modules/grunt-cache-bust/tests/realpath/realpath_test.js]
[m[36m<TIMESTAMP>,079 [DEBUG] [main] com.armedia.acm.userinterface.angular.AngularResourceCopier - Copying [<HOME>/.arkcase/tmp/node_modules/grunt-cache-bust/tests/realpath/css/app.css] to [<HOME>/.arkcase/custom/node_modules/grunt-cache-bust/tests/realpath/css/app.css]
[m[36m<TIMESTAMP>,079 [DEBUG] [main] com.armedia.acm.userinterface.angular.AngularResourceCopier - Copying [<HOME>/.arkcase/tmp/node_modules/grunt-cache-bust/tests/realpath/lib/css/app.css] to [<HOME>/.arkcase/custom/node_modules/grunt-cache-bust/tests/realpath/lib/css/app.css]
[m[36m<TIMESTAMP>,079 [DEBUG] [main] com.armedia.acm.userinterface.angular.AngularResourceCopier - Copying [<HOME>/.arkcase/tmp/node_modules/grunt-cache-bust/tests/realpath/realpath.html] to [<HOME>/.arkcase/custom/node_modules/grunt-cache-bust/tests/realpath/realpath.html]
[m[36m<TIMESTAMP>,080 [DEBUG] [main] com.armedia.acm.userinterface.angular.AngularResourceCopier - Copying [<HOME>/.arkcase/tmp/node_modules/grunt-cache-bust/tests/relativepath2/relativepath2.html] to [<HOME>/.arkcase/custom/node_modules/grunt-cache-bust/tests/relativepath2/relativepath2.html]
[m[36m<TIMESTAMP>,080 [DEBUG] [main] com.armedia.acm.userinterface.angular.AngularResourceCopier - Copying [<HOME>/.arkcase/tmp/node_modules/grunt-cache-bust/tests/relativepath2/relativepath2_test.js] to [<HOME>/.arkcase/custom/node_modules/grunt-cache-bust/tests/relativepath2/relativepath2_test.js]
[m[36m<TIMESTAMP>,080 [DEBUG] [main] com.armedia.acm.userinterface.angular.AngularResourceCopier - Copying [<HOME>/.arkcase/tmp/node_modules/grunt-cache-bust/tests/relativepath2/assets/css/application.css] to [<HOME>/.arkcase/custom/node_modules/grunt-cache-bust/tests/relativepath2/assets/css/application.css]
[m[36m<TIMESTAMP>,080 [DEBUG] [main] com.armedia.acm.userinterface.angular.AngularResourceCopier - Copying [<HOME>/.arkcase/tmp/node_modules/grunt-cache-bust/tests/relativepath2/assets/images/testbg.png] to [<HOME>/.arkcase/custom/node_modules/grunt-cache-bust/tests/relativepath2/assets/images/testbg.png]
[m[36m<TIMESTAMP>,080 [DEBUG] [main] com.armedia.acm.userinterface.angular.AngularResourceCopier - Copying [<HOME>/.arkcase/tmp/node_modules/grunt-cache-bust/tests/hash/hash.html] to [<HOME>/.arkcase/custom/node_modules/grunt-cache-bust/tests/hash/hash.html]
[m[36m<TIMESTAMP>,081 [DEBUG] [main] com.armedia.acm.userinterface.angular.AngularResourceCopier - Copying [<HOME>/.arkcase/tmp/node_modules/grunt-cache-bust/tests/hash/assets/hash.css] to [<HOME>/.arkcase/custom/node_modules/grunt-cache-bust/tests/hash/assets/hash.css]
[m[36m<TIMESTAMP>,081 [DEBUG] [main] com.armedia.acm.userinterface.angular.AngularResourceCopier - Copying [<HOME>/.arkcase/tmp/node_modules/grunt-cache-bust/tests/hash/assets/hash.js] to [<HOME>/.arkcase/custom/node_modules/grunt-cache-bust/tests/hash/assets/hash.js]
[m[36m<TIMESTAMP>,081 [DEBUG] [main] com.armedia.acm.userinterface.angular.AngularResourceCopier - Copying [<HOME>/.arkcase/tmp/node_modules/grunt-cache-bust/tests/hash/assets/hash.jpg] to [<HOME>/.arkcase/custom/node_modules/grunt-cache-bust/tests/hash/assets/hash.jpg]
[m[36m<TIMESTAMP>,081 [DEBUG] [main] com.armedia.acm.userinterface.angular.AngularResourceCopier - Copying [<HOME>/.arkcase/tmp/node_modules/grunt-cache-bust/tests/hash/hash_test.js] to [<HOME>/.arkcase/custom/node_modules/grunt-cache-bust/tests/hash/hash_test.js]
[m[36m<TIMESTAMP>,082 [DEBUG] [main] com.armedia.acm.userinterface.angular.AngularResourceCopier - Copying [<HOME>/.arkcase/tmp/node_modules/grunt-cache-bust/tests/sourceBusted3/sourceBusted3.html] to [<HOME>/.arkcase/custom/node_modules/grunt-cache-bust/tests/sourceBusted3/sourceBusted3.html]
[m[36m<TIMESTAMP>,082 [DEBUG] [main] com.armedia.acm.userinterface.angular.AngularResourceCopier - Copying [<HOME>/.arkcase/tmp/node_modules/grunt-cache-bust/tests/sourceBusted3/sourceBusted3_test.js] to [<HOME>/.arkcase/custom/node_modules/grunt-cache-bust/tests/sourceBusted3/sourceBusted3_test.js]
[m[36m<TIMESTAMP>,082 [DEBUG] [main] com.armedia.acm.userinterface.angular.AngularResourceCopier - Copying [<HOME>/.arkcase/tmp/node_modules/grunt-cache-bust/tests/sourceBusted3/assets/css/application.css] to [<HOME>/.arkcase/custom/node_modules/grunt-cache-bust/tests/sourceBusted3/assets/css/application.css]
[m[36m<TIMESTAMP>,083 [DEBUG] [main] com.armedia.acm.userinterface.angular.AngularResourceCopier - Copying [<HOME>/.arkcase/tmp/node_modules/grunt-cache-bust/tests/sourceBusted3/assets/images/testbg.png] to [<HOME>/.arkcase/custom/node_modules/grunt-cache-bust/tests/sourceBusted3/assets/images/testbg.png]
[m[36m<TIMESTAMP>,083 [DEBUG] [main] com.armedia.acm.userinterface.angular.AngularResourceCopier - Copying [<HOME>/.arkcase/tmp/node_modules/grunt-cache-bust/tests/standard/subfolder/relative-standard.html] to [<HOME>/.arkcase/custom/node_modules/grunt-cache-bust/tests/standard/subfolder/relative-standard.html]
[m[36m<TIMESTAMP>,083 [DEBUG] [main] com.armedia.acm.userinterface.angular.AngularResourceCopier - Copying [<HOME>/.arkcase/tmp/node_modules/grunt-cache-bust/tests/standard/standard_test.js] to [<HOME>/.arkcase/custom/node_modules/grunt-cache-bust/tests/standard/standard_test.js]
[m[36m<TIMESTAMP>,084 [DEBUG] [main] com.armedia.acm.userinterface.angular.AngularResourceCopier - Copying [<HOME>/.arkcase/tmp/node_modules/grunt-cache-bust/tests/standard/standard.html] to [<HOME>/.arkcase/custom/node_modules/grunt-cache-bust/tests/standard/standard.html]
[m[36m<TIMESTAMP>,084 [DEBUG] [main] com.armedia.acm.userinterface.angular.AngularResourceCopier - Copying [<HOME>/.arkcase/tmp/node_modules/grunt-cache-bust/tests/standard/assets/standard-apple-touch-icon.jpg] to [<HOME>/.arkcase/custom/node_modules/grunt-cache-bust/tests/standard/assets/standard-apple-touch-icon.jpg]
[m[36m<TIMESTAMP>,084 [DEBUG] [main] com.armedia.acm.userinterface.angular.AngularResourceCopier - Copying [<HOME>/.arkcase/tmp/node_modules/grunt-cache-bust/tests/standard/assets/standard.jpg] to [<HOME>/.arkcase/custom/node_modules/grunt-cache-bust/tests/standard/assets/standard.jpg]
[m[36m<TIMESTAMP>,085 [DEBUG] [main] com.armedia.acm.userinterface.angular.AngularResourceCopier - Copying [<HOME>/.arkcase/tmp/node_modules/grunt-cache-bust/tests/standard/assets/standard.css] to [<HOME>/.arkcase/custom/node_modules/grunt-cache-bust/tests/standard/assets/standard.css]
[m[36m<TIMESTAMP>,085 [DEBUG] [main] com.armedia.acm.userinterface.angular.AngularResourceCopier - Copying [<HOME>/.arkcase/tmp/node_modules/grunt-cache-bust/tests/standard/assets/standard.js] to [<HOME>/.arkcase/custom/node_modules/grunt-cache-bust/tests/standard/assets/standard.js]
[m[36m<TIMESTAMP>,085 [DEBUG] [main] com.armedia.acm.userinterface.angular.AngularResourceCopier - Copying [<HOME>/.arkcase/tmp/node_modules/grunt-cache-bust/tests/scripts/scripts_test.js] to [<HOME>/.arkcase/custom/node_modules/grunt-cache-bust/tests/scripts/scripts_test.js]
[m[36m<TIMESTAMP>,085 [DEBUG] [main] com.armedia.acm.userinterface.angular.AngularResourceCopier - Copying [<HOME>/.arkcase/tmp/node_modules/grunt-cache-bust/tests/scripts/assets/script.js] to [<HOME>/.arkcase/custom/node_modules/grunt-cache-bust/tests/scripts/assets/script.js]
[m[36m<TIMESTAMP>,086 [DEBUG] [main] com.armedia.acm.userinterface.angular.AngularResourceCopier - Copying [<HOME>/.arkcase/tmp/node_modules/grunt-cache-bust/tests/scripts/scripts.js] to [<HOME>/.arkcase/custom/node_modules/grunt-cache-bust/tests/scripts/scripts.js]
[m[36m<TIMESTAMP>,086 [DEBUG] [main] com.armedia.acm.userinterface.angular.AngularResourceCopier - Copying [<HOME>/.arkcase/tmp/node_modules/grunt-cache-bust/tests/sourceBusted/sourceBusted_test.js] to [<HOME>/.arkcase/custom/node_modules/grunt-cache-bust/tests/sourceBusted/sourceBusted_test.js]
[m[36m<TIMESTAMP>,086 [DEBUG] [main] com.armedia.acm.userinterface.angular.AngularResourceCopier - Copying [<HOME>/.arkcase/tmp/node_modules/grunt-cache-bust/tests/sourceBusted/sourceBusted.html] to [<HOME>/.arkcase/custom/node_modules/grunt-cache-bust/tests/sourceBusted/sourceBusted.html]
[m[36m<TIMESTAMP>,086 [DEBUG] [main] com.armedia.acm.userinterface.angular.AngularResourceCopier - Copying [<HOME>/.arkcase/tmp/node_modules/grunt-cache-bust/tests/sourceBusted/assets/css/application.css] to [<HOME>/.arkcase/custom/node_modules/grunt-cache-bust/tests/sourceBusted/assets/css/application.css]
[m[36m<TIMESTAMP>,086 [DEBUG] [main] com.armedia.acm.userinterface.angular.AngularResourceCopier - Copying [<HOME>/.arkcase/tmp/node_modules/grunt-cache-bust/tests/sourceBusted/assets/images/testbg.png] to [<HOME>/.arkcase/custom/node_modules/grunt-cache-bust/tests/sourceBusted/assets/images/testbg.png]
[m[36m<TIMESTAMP>,087 [DEBUG] [main] com.armedia.acm.userinterface.angular.AngularResourceCopier - Copying [<HOME>/.arkcase/tmp/node_modules/grunt-cache-bust/tests/jsonOutput/jsonOutput.html] to [<HOME>/.arkcase/custom/node_modules/grunt-cache-bust/tests/jsonOutput/jsonOutput.html]
[m[36m<TIMESTAMP>,087 [DEBUG] [main] com.armedia.acm.userinterface.angular.AngularResourceCopier - Copying [<HOME>/.arkcase/tmp/node_modules/grunt-cache-bust/tests/jsonOutput/jsonOutput_test.js] to [<HOME>/.arkcase/custom/node_modules/grunt-cache-bust/tests/jsonOutput/jsonOutput_test.js]
[m[36m<TIMESTAMP>,087 [DEBUG] [main] com.armedia.acm.userinterface.angular.AngularResourceCopier - Copying [<HOME>/.arkcase/tmp/node_modules/grunt-cache-bust/tests/jsonOutput/assets/jsonOutput.js] to [<HOME>/.arkcase/custom/node_modules/grunt-cache-bust/tests/jsonOutput/assets/jsonOutput.js]
[m[36m<TIMESTAMP>,087 [DEBUG] [main] com.armedia.acm.userinterface.angular.AngularResourceCopier - Copying [<HOME>/.arkcase/tmp/node_modules/grunt-cache-bust/tests/templates/views/view-b.html] to [<HOME>/.arkcase/custom/node_modules/grunt-cache-bust/tests/templates/views/view-b.html]
[m[36m<TIMESTAMP>,087 [DEBUG] [main] com.armedia.acm.userinterface.angular.AngularResourceCopier - Copying [<HOME>/.arkcase/tmp/node_modules/grunt-cache-bust/tests/templates/views/view-a.html] to [<HOME>/.arkcase/custom/node_modules/grunt-cache-bust/tests/templates/views/view-a.html]
[m[36m<TIMESTAMP>,088 [DEBUG] [main] com.armedia.acm.userinterface.angular.AngularResourceCopier - Copying [<HOME>/.arkcase/tmp/node_modules/grunt-cache-bust/tests/templates/base.html] to [<HOME>/.arkcase/custom/node_modules/grunt-cache-bust/tests/templates/base.html]
[m[36m<TIMESTAMP>,088 [DEBUG] [main] com.armedia.acm.userinterface.angular.AngularResourceCopier - Copying [<HOME>/.arkcase/tmp/node_modules/grunt-cache-bust/tests/templates/templates_test.js] to [<HOME>/.arkcase/custom/node_modules/grunt-cache-bust/tests/templates/templates_test.js]
[m[36m<TIMESTAMP>,088 [DEBUG] [main] com.armedia.acm.userinterface.angular.AngularResourceCopier - Copying [<HOME>/.arkcase/tmp/node_modules/grunt-cache-bust/tests/createCopies/createCopies.html] to [<HOME>/.arkcase/custom/node_modules/grunt-cache-bust/tests/createCopies/createCopies.html]
[m[36m<TIMESTAMP>,088 [DEBUG] [main] com.armedia.acm.userinterface.angular.AngularResourceCopier - Copying [<HOME>/.arkcase/tmp/node_modules/grunt-cache-bust/tests/createCopies/assets/dontCopy.png] to [<HOME>/.arkcase/custom/node_modules/grunt-cache-bust/tests/createCopies/assets/dontCopy.png]
[m[36m<TIMESTAMP>,088 [DEBUG] [main] com.armedia.acm.userinterface.angular.AngularResourceCopier - Copying [<HOME>/.arkcase/tmp/node_modules/grunt-cache-bust/tests/createCopies/assets/.htaccess] to [<HOME>/.arkcase/custom/node_modules/grunt-cache-bust/tests/createCopies/assets/.htaccess]
[m[36m<TIMESTAMP>,088 [DEBUG] [main] com.armedia.acm.userinterface.angular.AngularResourceCopier - Copying [<HOME>/.arkcase/tmp/node_modules/grunt-cache-bust/tests/xml/xml.xml] to [<HOME>/.arkcase/custom/node_modules/grunt-cache-bust/tests/xml/xml.xml]
[m[36m<TIMESTAMP>,088 [DEBUG] [main] com.armedia.acm.userinterface.angular.AngularResourceCopier - Copying [<HOME>/.arkcase/tmp/node_modules/grunt-cache-bust/tests/xml/xml_test.js] to [<HOME>/.arkcase/custom/node_modules/grunt-cache-bust/tests/xml/xml_test.js]
[m[36m<TIMESTAMP>,089 [DEBUG] [main] com.armedia.acm.userinterface.angular.AngularResourceCopier - Copying [<HOME>/.arkcase/tmp/node_modules/grunt-cache-bust/tests/xml/assets/mstile-70x70.png] to [<HOME>/.arkcase/custom/node_modules/grunt-cache-bust/tests/xml/assets/mstile-70x70.png]
[m[36m<TIMESTAMP>,089 [DEBUG] [main] com.armedia.acm.userinterface.angular.AngularResourceCopier - Copying [<HOME>/.arkcase/tmp/node_modules/grunt-cache-bust/tests/xml/assets/mstile-150x150.png] to [<HOME>/.arkcase/custom/node_modules/grunt-cache-bust/tests/xml/assets/mstile-150x150.png]
[m[36m<TIMESTAMP>,089 [DEBUG] [main] com.armedia.acm.userinterface.angular.AngularResourceCopier - Copying [<HOME>/.arkcase/tmp/node_modules/grunt-cache-bust/tests/xml/assets/mstile-310x150.png] to [<HOME>/.arkcase/custom/node_modules/grunt-cache-bust/tests/xml/assets/mstile-310x150.png]
[m[36m<TIMESTAMP>,091 [DEBUG] [main] com.armedia.acm.userinterface.angular.AngularResourceCopier - Copying [<HOME>/.arkcase/tmp/node_modules/grunt-cache-bust/tests/xml/assets/mstile-310x310.png] to [<HOME>/.arkcase/custom/node_modules/grunt-cache-bust/tests/xml/assets/mstile-310x310.png]
[m[36m<TIMESTAMP>,091 [DEBUG] [main] com.armedia.acm.userinterface.angular.AngularResourceCopier - Copying [<HOME>/.arkcase/tmp/node_modules/grunt-cache-bust/tests/urlPrefixes/urlPrefixes_test.js] to [<HOME>/.arkcase/custom/node_modules/grunt-cache-bust/tests/urlPrefixes/urlPrefixes_test.js]
[m[36m<TIMESTAMP>,092 [DEBUG] [main] com.armedia.acm.userinterface.angular.AngularResourceCopier - Copying [<HOME>/.arkcase/tmp/node_modules/grunt-cache-bust/tests/urlPrefixes/assets/imgsrcset-small.jpg] to [<HOME>/.arkcase/custom/node_modules/grunt-cache-bust/tests/urlPrefixes/assets/imgsrcset-small.jpg]
[m[36m<TIMESTAMP>,092 [DEBUG] [main] com.armedia.acm.userinterface.angular.AngularResourceCopier - Copying [<HOME>/.arkcase/tmp/node_modules/grunt-cache-bust/tests/urlPrefixes/assets/imgsrcset.jpg] to [<HOME>/.arkcase/custom/node_modules/grunt-cache-bust/tests/urlPrefixes/assets/imgsrcset.jpg]
[m[36m<TIMESTAMP>,092 [DEBUG] [main] com.armedia.acm.userinterface.angular.AngularResourceCopier - Copying [<HOME>/.arkcase/tmp/node_modules/grunt-cache-bust/tests/urlPrefixes/assets/imgsrcset-big.jpg] to [<HOME>/.arkcase/custom/node_modules/grunt-cache-bust/tests/urlPrefixes/assets/imgsrcset-big.jpg]
[m[36m<TIMESTAMP>,092 [DEBUG] [main] com.armedia.acm.userinterface.angular.AngularResourceCopier - Copying [<HOME>/.arkcase/tmp/node_modules/grunt-cache-bust/tests/urlPrefixes/css/app.css] to [<HOME>/.arkcase/custom/node_modules/grunt-cache-bust/tests/urlPrefixes/css/app.css]
[m[36m<TIMESTAMP>,093 [DEBUG] [main] com.armedia.acm.userinterface.angular.AngularResourceCopier - Copying [<HOME>/.arkcase/tmp/node_modules/grunt-cache-bust/tests/urlPrefixes/urlPrefixes.html] to [<HOME>/.arkcase/custom/node_modules/grunt-cache-bust/tests/urlPrefixes/urlPrefixes.html]
[m[36m<TIMESTAMP>,093 [DEBUG] [main] com.armedia.acm.userinterface.angular.AngularResourceCopier - Copying [<HOME>/.arkcase/tmp/node_modules/grunt-cache-bust/tests/complex/imgs/complex-background.jpg] to [<HOME>/.arkcase/custom/node_modules/grunt-cache-bust/tests/complex/imgs/complex-background.jpg]
[m[36m<TIMESTAMP>,094 [DEBUG] [main] com.armedia.acm.userinterface.angular.AngularResourceCopier - Copying [<HOME>/.arkcase/tmp/node_modules/grunt-cache-bust/tests/complex/complex_test.js] to [<HOME>/.arkcase/custom/node_modules/grunt-cache-bust/tests/complex/complex_test.js]
[m[36m<TIMESTAMP>,094 [DEBUG] [main] com.armedia.acm.userinterface.angular.AngularResourceCopier - Copying [<HOME>/.arkcase/tmp/node_modules/grunt-cache-bust/tests/complex/complex.html] to [<HOME>/.arkcase/custom/node_modules/grunt-cache-bust/tests/complex/complex.html]
[m[36m<TIMESTAMP>,094 [DEBUG] [main] com.armedia.acm.userinterface.angular.AngularResourceCopier - Copying [<HOME>/.arkcase/tmp/node_modules/grunt-cache-bust/tests/complex/css/complex.css] to [<HOME>/.arkcase/custom/node_modules/grunt-cache-bust/tests/complex/css/complex.css]
[m[36m<TIMESTAMP>,094 [DEBUG] [main] com.armedia.acm.userinterface.angular.AngularResourceCopier - Copying [<HOME>/.arkcase/tmp/node_modules/grunt-cache-bust/README.md] to [<HOME>/.arkcase/custom/node_modules/grunt-cache-bust/README.md]
[m[36m<TIMESTAMP>,094 [DEBUG] [main] com.armedia.acm.userinterface.angular.AngularResourceCopier - Copying [<HOME>/.arkcase/tmp/node_modules/grunt-cache-bust/Gruntfile.js] to [<HOME>/.arkcase/custom/node_modules/grunt-cache-bust/Gruntfile.js]
[m[36m<TIMESTAMP>,094 [DEBUG] [main] com.armedia.acm.userinterface.angular.AngularResourceCopier - Copying [<HOME>/.arkcase/tmp/node_modules/grunt-cache-bust/node_modules/fs-extra/LICENSE] to [<HOME>/.arkcase/custom/node_modules/grunt-cache-bust/node_modules/fs-extra/LICENSE]
[m[36m<TIMESTAMP>,095 [DEBUG] [main] com.armedia.acm.userinterface.angular.AngularResourceCopier - Copying [<HOME>/.arkcase/tmp/node_modules/grunt-cache-bust/node_modules/fs-extra/README.md] to [<HOME>/.arkcase/custom/node_modules/grunt-cache-bust/node_modules/fs-extra/README.md]
[m[36m<TIMESTAMP>,096 [DEBUG] [main] com.armedia.acm.userinterface.angular.AngularResourceCopier - Copying [<HOME>/.arkcase/tmp/node_modules/grunt-cache-bust/node_modules/fs-extra/CHANGELOG.md] to [<HOME>/.arkcase/custom/node_modules/grunt-cache-bust/node_modules/fs-extra/CHANGELOG.md]
[m[36m<TIMESTAMP>,096 [DEBUG] [main] com.armedia.acm.userinterface.angular.AngularResourceCopier - Copying [<HOME>/.arkcase/tmp/node_modules/grunt-cache-bust/node_modules/fs-extra/docs/pathExists-sync.md] to [<HOME>/.arkcase/custom/node_modules/grunt-cache-bust/node_modules/fs-extra/docs/pathExists-sync.md]
[m[36m<TIMESTAMP>,096 [DEBUG] [main] com.armedia.acm.userinterface.angular.AngularResourceCopier - Copying [<HOME>/.arkcase/tmp/node_modules/grunt-cache-bust/node_modules/fs-extra/docs/emptyDir.md] to [<HOME>/.arkcase/custom/node_modules/grunt-cache-bust/node_modules/fs-extra/docs/emptyDir.md]
[m[36m<TIMESTAMP>,097 [DEBUG] [main] com.armedia.acm.userinterface.angular.AngularResourceCopier - Copying [<HOME>/.arkcase/tmp/node_modules/grunt-cache-bust/node_modules/fs-extra/docs/readJson-sync.md] to [<HOME>/.arkcase/custom/node_modules/grunt-cache-bust/node_modules/fs-extra/docs/readJson-sync.md]
[m[36m<TIMESTAMP>,098 [DEBUG] [main] com.armedia.acm.userinterface.angular.AngularResourceCopier - Copying [<HOME>/.arkcase/tmp/node_modules/grunt-cache-bust/node_modules/fs-extra/docs/copy-sync.md] to [<HOME>/.arkcase/custom/node_modules/grunt-cache-bust/node_modules/fs-extra/docs/copy-sync.md]
[m[36m<TIMESTAMP>,098 [DEBUG] [main] com.armedia.acm.userinterface.angular.AngularResourceCopier - Copying [<HOME>/.arkcase/tmp/node_modules/grunt-cache-bust/node_modules/fs-extra/docs/ensureDir.md] to [<HOME>/.arkcase/custom/node_modules/grunt-cache-bust/node_modules/fs-extra/docs/ensureDir.md]
[m[36m<TIMESTAMP>,098 [DEBUG] [main] com.armedia.acm.userinterface.angular.AngularResourceCopier - Copying [<HOME>/.arkcase/tmp/node_modules/grunt-cache-bust/node_modules/fs-extra/docs/writeJson.md] to [<HOME>/.arkcase/custom/node_modules/grunt-cache-bust/node_modules/fs-extra/docs/writeJson.md]
[m[36m<TIMESTAMP>,098 [DEBUG] [main] com.armedia.acm.userinterface.angular.AngularResourceCopier - Copying [<HOME>/.arkcase/tmp/node_modules/grunt-cache-bust/node_modules/fs-extra/docs/ensureDir-sync.md] to [<HOME>/.arkcase/custom/node_modules/grunt-cache-bust/node_modules/fs-extra/docs/ensureDir-sync.md]
[m[36m<TIMESTAMP>,099 [DEBUG] [main] com.armedia.acm.userinterface.angular.AngularResourceCopier - Copying [<HOME>/.arkcase/tmp/node_modules/grunt-cache-bust/node_modules/fs-extra/docs/readJson.md] to [<HOME>/.arkcase/custom/node_modules/grunt-cache-bust/node_modules/fs-extra/docs/readJson.md]
[m[36m<TIMESTAMP>,099 [DEBUG] [main] com.armedia.acm.userinterface.angular.AngularResourceCopier - Copying [<HOME>/.arkcase/tmp/node_modules/grunt-cache-bust/node_modules/fs-extra/docs/ensureSymlink.md] to [<HOME>/.arkcase/custom/node_modules/grunt-cache-bust/node_modules/fs-extra/docs/ensureSymlink.md]
[m[36m<TIMESTAMP>,099 [DEBUG] [main] com.armedia.acm.userinterface.angular.AngularResourceCopier - Copying [<HOME>/.arkcase/tmp/node_modules/grunt-cache-bust/node_modules/fs-extra/docs/ensureSymlink-sync.md] to [<HOME>/.arkcase/custom/node_modules/grunt-cache-bust/node_modules/fs-extra/docs/ensureSymlink-sync.md]
[m[36m<TIMESTAMP>,100 [DEBUG] [main] com.armedia.acm.userinterface.angular.AngularResourceCopier - Copying [<HOME>/.arkcase/tmp/node_modules/grunt-cache-bust/node_modules/fs-extra/docs/outputFile-sync.md] to [<HOME>/.arkcase/custom/node_modules/grunt-cache-bust/node_modules/fs-extra/docs/outputFile-sync.md]
[m[36m<TIMESTAMP>,100 [DEBUG] [main] com.armedia.acm.userinterface.angular.AngularResourceCopier - Copying [<HOME>/.arkcase/tmp/node_modules/grunt-cache-bust/node_modules/fs-extra/docs/move.md] to [<HOME>/.arkcase/custom/node_modules/grunt-cache-bust/node_modules/fs-extra/docs/move.md]
[m[36m<TIMESTAMP>,101 [DEBUG] [main] com.armedia.acm.userinterface.angular.AngularResourceCopier - Copying [<HOME>/.arkcase/tmp/node_modules/grunt-cache-bust/node_modules/fs-extra/docs/ensureLink-sync.md] to [<HOME>/.arkcase/custom/node_modules/grunt-cache-bust/node_modules/fs-extra/docs/ensureLink-sync.md]
[m[36m<TIMESTAMP>,101 [DEBUG] [main] com.armedia.acm.userinterface.angular.AngularResourceCopier - Copying [<HOME>/.arkcase/tmp/node_modules/grunt-cache-bust/node_modules/fs-extra/docs/move-sync.md] to [<HOME>/.arkcase/custom/node_modules/grunt-cache-bust/node_modules/fs-extra/docs/move-sync.md]
[m[36m<TIMESTAMP>,102 [DEBUG] [main] com.armedia.acm.userinterface.angular.AngularResourceCopier - Copying [<HOME>/.arkcase/tmp/node_modules/grunt-cache-bust/node_modules/fs-extra/docs/copy.md] to [<HOME>/.arkcase/custom/node_modules/grunt-cache-bust/node_modules/fs-extra/docs/copy.md]
[m[36m<TIMESTAMP>,102 [DEBUG] [main] com.armedia.acm.userinterface.angular.AngularResourceCopier - Copying [<HOME>/.arkcase/tmp/node_modules/grunt-cache-bust/node_modules/fs-extra/docs/outputFile.md] to [<HOME>/.arkcase/custom/node_modules/grunt-cache-bust/node_modules/fs-extra/docs/outputFile.md]
[m[36m<TIMESTAMP>,103 [DEBUG] [main] com.armedia.acm.userinterface.angular.AngularResourceCopier - Copying [<HOME>/.arkcase/tmp/node_modules/grunt-cache-bust/node_modules/fs-extra/docs/writeJson-sync.md] to [<HOME>/.arkcase/custom/node_modules/grunt-cache-bust/node_modules/fs-extra/docs/writeJson-sync.md]
[m[36m<TIMESTAMP>,104 [DEBUG] [main] com.armedia.acm.userinterface.angular.AngularResourceCopier - Copying [<HOME>/.arkcase/tmp/node_modules/grunt-cache-bust/node_modules/fs-extra/docs/ensureFile.md] to [<HOME>/.arkcase/custom/node_modules/grunt-cache-bust/node_modules/fs-extra/docs/ensureFile.md]
[m[36m<TIMESTAMP>,104 [DEBUG] [main] com.armedia.acm.userinterface.angular.AngularResourceCopier - Copying [<HOME>/.arkcase/tmp/node_modules/grunt-cache-bust/node_modules/fs-extra/docs/outputJson-sync.md] to [<HOME>/.arkcase/custom/node_modules/grunt-cache-bust/node_modules/fs-extra/docs/outputJson-sync.md]
[m[36m<TIMESTAMP>,105 [DEBUG] [main] com.armedia.acm.userinterface.angular.AngularResourceCopier - Copying [<HOME>/.arkcase/tmp/node_modules/grunt-cache-bust/node_modules/fs-extra/docs/fs-read-write.md] to [<HOME>/.arkcase/custom/node_modules/grunt-cache-bust/node_modules/fs-extra/docs/fs-read-write.md]
[m[36m<TIMESTAMP>,105 [DEBUG] [main] com.armedia.acm.userinterface.angular.AngularResourceCopier - Copying [<HOME>/.arkcase/tmp/node_modules/grunt-cache-bust/node_modules/fs-extra/docs/pathExists.md] to [<HOME>/.arkcase/custom/node_modules/grunt-cache-bust/node_modules/fs-extra/docs/pathExists.md]
[m[36m<TIMESTAMP>,106 [DEBUG] [main] com.armedia.acm.userinterface.angular.AngularResourceCopier - Copying [<HOME>/.arkcase/tmp/node_modules/grunt-cache-bust/node_modules/fs-extra/docs/ensureLink.md] to [<HOME>/.arkcase/custom/node_modules/grunt-cache-bust/node_modules/fs-extra/docs/ensureLink.md]
[m[36m<TIMESTAMP>,106 [DEBUG] [main] com.armedia.acm.userinterface.angular.AngularResourceCopier - Copying [<HOME>/.arkcase/tmp/node_modules/grunt-cache-bust/node_modules/fs-extra/docs/remove.md] to [<HOME>/.arkcase/custom/node_modules/grunt-cache-bust/node_modules/fs-extra/docs/remove.md]
[m[36m<TIMESTAMP>,106 [DEBUG] [main] com.armedia.acm.userinterface.angular.AngularResourceCopier - Copying [<HOME>/.arkcase/tmp/node_modules/grunt-cache-bust/node_modules/fs-extra/docs/remove-sync.md] to [<HOME>/.arkcase/custom/node_modules/grunt-cache-bust/node_modules/fs-extra/docs/remove-sync.md]
[m[36m<TIMESTAMP>,106 [DEBUG] [main] com.armedia.acm.userinterface.angular.AngularResourceCopier - Copying [<HOME>/.arkcase/tmp/node_modules/grunt-cache-bust/node_modules/fs-extra/docs/emptyDir-sync.md] to [<HOME>/.arkcase/custom/node_modules/grunt-cache-bust/node_modules/fs-extra/docs/emptyDir-sync.md]
[m[36m<TIMESTAMP>,107 [DEBUG] [main] com.armedia.acm.userinterface.angular.AngularResourceCopier - Copying [<HOME>/.arkcase/tmp/node_modules/grunt-cache-bust/node_modules/fs-extra/docs/outputJson.md] to [<HOME>/.arkcase/custom/node_modules/grunt-cache-bust/node_modules/fs-extra/docs/outputJson.md]
[m[36m<TIMESTAMP>,107 [DEBUG] [main] com.armedia.acm.userinterface.angular.AngularResourceCopier - Copying [<HOME>/.arkcase/tmp/node_modules/grunt-cache-bust/node_modules/fs-extra/docs/ensureFile-sync.md] to [<HOME>/.arkcase/custom/node_modules/grunt-cache-bust/node_modules/fs-extra/docs/ensureFile-sync.md]
[m[36m<TIMESTAMP>,107 [DEBUG] [main] com.armedia.acm.userinterface.angular.AngularResourceCopier - Copying [<HOME>/.arkcase/tmp/node_modules/grunt-cache-bust/node_modules/fs-extra/lib/path-exists/index.js] to [<HOME>/.arkcase/custom/node_modules/grunt-cache-bust/node_modules/fs-extra/lib/path-exists/index.js]
[m[36m<TIMESTAMP>,107 [DEBUG] [main] com.armedia.acm.userinterface.angular.AngularResourceCopier - Copying [<HOME>/.arkcase/tmp/node_modules/grunt-cache-bust/node_modules/fs-extra/lib/index.js] to [<HOME>/.arkcase/custom/node_modules/grunt-cache-bust/node_modules/fs-extra/lib/index.js]
[m[36m<TIMESTAMP>,108 [DEBUG] [main] com.armedia.acm.userinterface.angular.AngularResourceCopier - Copying [<HOME>/.arkcase/tmp/node_modules/grunt-cache-bust/node_modules/fs-extra/lib/output/index.js] to [<HOME>/.arkcase/custom/node_modules/grunt-cache-bust/node_modules/fs-extra/lib/output/index.js]
[m[36m<TIMESTAMP>,108 [DEBUG] [main] com.armedia.acm.userinterface.angular.AngularResourceCopier - Copying [<HOME>/.arkcase/tmp/node_modules/grunt-cache-bust/node_modules/fs-extra/lib/mkdirs/index.js] to [<HOME>/.arkcase/custom/node_modules/grunt-cache-bust/node_modules/fs-extra/lib/mkdirs/index.js]
[m[36m<TIMESTAMP>,108 [DEBUG] [main] com.armedia.acm.userinterface.angular.AngularResourceCopier - Copying [<HOME>/.arkcase/tmp/node_modules/grunt-cache-bust/node_modules/fs-extra/lib/mkdirs/win32.js] to [<HOME>/.arkcase/custom/node_modules/grunt-cache-bust/node_modules/fs-extra/lib/mkdirs/win32.js]
[m[36m<TIMESTAMP>,109 [DEBUG] [main] com.armedia.acm.userinterface.angular.AngularResourceCopier - Copying [<HOME>/.arkcase/tmp/node_modules/grunt-cache-bust/node_modules/fs-extra/lib/mkdirs/mkdirs.js] to [<HOME>/.arkcase/custom/node_modules/grunt-cache-bust/node_modules/fs-extra/lib/mkdirs/mkdirs.js]
[m[36m<TIMESTAMP>,109 [DEBUG] [main] com.armedia.acm.userinterface.angular.AngularResourceCopier - Copying [<HOME>/.arkcase/tmp/node_modules/grunt-cache-bust/node_modules/fs-extra/lib/mkdirs/mkdirs-sync.js] to [<HOME>/.arkcase/custom/node_modules/grunt-cache-bust/node_modules/fs-extra/lib/mkdirs/mkdirs-sync.js]
[m[36m<TIMESTAMP>,109 [DEBUG] [main] com.armedia.acm.userinterface.angular.AngularResourceCopier - Copying [<HOME>/.arkcase/tmp/node_modules/grunt-cache-bust/node_modules/fs-extra/lib/copy/index.js] to [<HOME>/.arkcase/custom/node_modules/grunt-cache-bust/node_modules/fs-extra/lib/copy/index.js]
[m[36m<TIMESTAMP>,109 [DEBUG] [main] com.armedia.acm.userinterface.angular.AngularResourceCopier - Copying [<HOME>/.arkcase/tmp/node_modules/grunt-cache-bust/node_modules/fs-extra/lib/copy/copy.js] to [<HOME>/.arkcase/custom/node_modules/grunt-cache-bust/node_modules/fs-extra/lib/copy/copy.js]
[m[36m<TIMESTAMP>,110 [DEBUG] [main] com.armedia.acm.userinterface.angular.AngularResourceCopier - Copying [<HOME>/.arkcase/tmp/node_modules/grunt-cache-bust/node_modules/fs-extra/lib/ensure/index.js] to [<HOME>/.arkcase/custom/node_modules/grunt-cache-bust/node_modules/fs-extra/lib/ensure/index.js]
[m[36m<TIMESTAMP>,110 [DEBUG] [main] com.armedia.acm.userinterface.angular.AngularResourceCopier - Copying [<HOME>/.arkcase/tmp/node_modules/grunt-cache-bust/node_modules/fs-extra/lib/ensure/file.js] to [<HOME>/.arkcase/custom/node_modules/grunt-cache-bust/node_modules/fs-extra/lib/ensure/file.js]
[m[36m<TIMESTAMP>,110 [DEBUG] [main] com.armedia.acm.userinterface.angular.AngularResourceCopier - Copying [<HOME>/.arkcase/tmp/node_modules/grunt-cache-bust/node_modules/fs-extra/lib/ensure/link.js] to [<HOME>/.arkcase/custom/node_modules/grunt-cache-bust/node_modules/fs-extra/lib/ensure/link.js]
[m[36m<TIMESTAMP>,110 [DEBUG] [main] com.armedia.acm.userinterface.angular.AngularResourceCopier - Copying [<HOME>/.arkcase/tmp/node_modules/grunt-cache-bust/node_modules/fs-extra/lib/ensure/symlink.js] to [<HOME>/.arkcase/custom/node_modules/grunt-cache-bust/node_modules/fs-extra/lib/ensure/symlink.js]
[m[36m<TIMESTAMP>,111 [DEBUG] [main] com.armedia.acm.userinterface.angular.AngularResourceCopier - Copying [<HOME>/.arkcase/tmp/node_modules/grunt-cache-bust/node_modules/fs-extra/lib/ensure/symlink-type.js] to [<HOME>/.arkcase/custom/node_modules/grunt-cache-bust/node_modules/fs-extra/lib/ensure/symlink-type.js]
[m[36m<TIMESTAMP>,111 [DEBUG] [main] com.armedia.acm.userinterface.angular.AngularResourceCopier - Copying [<HOME>/.arkcase/tmp/node_modules/grunt-cache-bust/node_modules/fs-extra/lib/ensure/symlink-paths.js] to [<HOME>/.arkcase/custom/node_modules/grunt-cache-bust/node_modules/fs-extra/lib/ensure/symlink-paths.js]
[m[36m<TIMESTAMP>,111 [DEBUG] [main] com.armedia.acm.userinterface.angular.AngularResourceCopier - Copying [<HOME>/.arkcase/tmp/node_modules/grunt-cache-bust/node_modules/fs-extra/lib/remove/index.js] to [<HOME>/.arkcase/custom/node_modules/grunt-cache-bust/node_modules/fs-extra/lib/remove/index.js]
[m[36m<TIMESTAMP>,112 [DEBUG] [main] com.armedia.acm.userinterface.angular.AngularResourceCopier - Copying [<HOME>/.arkcase/tmp/node_modules/grunt-cache-bust/node_modules/fs-extra/lib/remove/rimraf.js] to [<HOME>/.arkcase/custom/node_modules/grunt-cache-bust/node_modules/fs-extra/lib/remove/rimraf.js]
[m[36m<TIMESTAMP>,112 [DEBUG] [main] com.armedia.acm.userinterface.angular.AngularResourceCopier - Copying [<HOME>/.arkcase/tmp/node_modules/grunt-cache-bust/node_modules/fs-extra/lib/move/index.js] to [<HOME>/.arkcase/custom/node_modules/grunt-cache-bust/node_modules/fs-extra/lib/move/index.js]
[m[36m<TIMESTAMP>,112 [DEBUG] [main] com.armedia.acm.userinterface.angular.AngularResourceCopier - Copying [<HOME>/.arkcase/tmp/node_modules/grunt-cache-bust/node_modules/fs-extra/lib/move-sync/index.js] to [<HOME>/.arkcase/custom/node_modules/grunt-cache-bust/node_modules/fs-extra/lib/move-sync/index.js]
[m[36m<TIMESTAMP>,112 [DEBUG] [main] com.armedia.acm.userinterface.angular.AngularResourceCopier - Copying [<HOME>/.arkcase/tmp/node_modules/grunt-cache-bust/node_modules/fs-extra/lib/copy-sync/index.js] to [<HOME>/.arkcase/custom/node_modules/grunt-cache-bust/node_modules/fs-extra/lib/copy-sync/index.js]
[m[36m<TIMESTAMP>,113 [DEBUG] [main] com.armedia.acm.userinterface.angular.AngularResourceCopier - Copying [<HOME>/.arkcase/tmp/node_modules/grunt-cache-bust/node_modules/fs-extra/lib/copy-sync/copy-sync.js] to [<HOME>/.arkcase/custom/node_modules/grunt-cache-bust/node_modules/fs-extra/lib/copy-sync/copy-sync.js]
[m[36m<TIMESTAMP>,113 [DEBUG] [main] com.armedia.acm.userinterface.angular.AngularResourceCopier - Copying [<HOME>/.arkcase/tmp/node_modules/grunt-cache-bust/node_modules/fs-extra/lib/fs/index.js] to [<HOME>/.arkcase/custom/node_modules/grunt-cache-bust/node_modules/fs-extra/lib/fs/index.js]
[m[36m<TIMESTAMP>,113 [DEBUG] [main] com.armedia.acm.userinterface.angular.AngularResourceCopier - Copying [<HOME>/.arkcase/tmp/node_modules/grunt-cache-bust/node_modules/fs-extra/lib/json/index.js] to [<HOME>/.arkcase/custom/node_modules/grunt-cache-bust/node_modules/fs-extra/lib/json/index.js]
[m[36m<TIMESTAMP>,114 [DEBUG] [main] com.armedia.acm.userinterface.angular.AngularResourceCopier - Copying [<HOME>/.arkcase/tmp/node_modules/grunt-cache-bust/node_modules/fs-extra/lib/json/output-json.js] to [<HOME>/.arkcase/custom/node_modules/grunt-cache-bust/node_modules/fs-extra/lib/json/output-json.js]
[m[36m<TIMESTAMP>,114 [DEBUG] [main] com.armedia.acm.userinterface.angular.AngularResourceCopier - Copying [<HOME>/.arkcase/tmp/node_modules/grunt-cache-bust/node_modules/fs-extra/lib/json/jsonfile.js] to [<HOME>/.arkcase/custom/node_modules/grunt-cache-bust/node_modules/fs-extra/lib/json/jsonfile.js]
[m[36m<TIMESTAMP>,114 [DEBUG] [main] com.armedia.acm.userinterface.angular.AngularResourceCopier - Copying [<HOME>/.arkcase/tmp/node_modules/grunt-cache-bust/node_modules/fs-extra/lib/json/output-json-sync.js] to [<HOME>/.arkcase/custom/node_modules/grunt-cache-bust/node_modules/fs-extra/lib/json/output-json-sync.js]
[m[36m<TIMESTAMP>,115 [DEBUG] [main] com.armedia.acm.userinterface.angular.AngularResourceCopier - Copying [<HOME>/.arkcase/tmp/node_modules/grunt-cache-bust/node_modules/fs-extra/lib/empty/index.js] to [<HOME>/.arkcase/custom/node_modules/grunt-cache-bust/node_modules/fs-extra/lib/empty/index.js]
[m[36m<TIMESTAMP>,115 [DEBUG] [main] com.armedia.acm.userinterface.angular.AngularResourceCopier - Copying [<HOME>/.arkcase/tmp/node_modules/grunt-cache-bust/node_modules/fs-extra/lib/util/utimes.js] to [<HOME>/.arkcase/custom/node_modules/grunt-cache-bust/node_modules/fs-extra/lib/util/utimes.js]
[m[36m<TIMESTAMP>,115 [DEBUG] [main] com.armedia.acm.userinterface.angular.AngularResourceCopier - Copying [<HOME>/.arkcase/tmp/node_modules/grunt-cache-bust/node_modules/fs-extra/lib/util/buffer.js] to [<HOME>/.arkcase/custom/node_modules/grunt-cache-bust/node_modules/fs-extra/lib/util/buffer.js]
[m[36m<TIMESTAMP>,115 [DEBUG] [main] com.armedia.acm.userinterface.angular.AngularResourceCopier - Copying [<HOME>/.arkcase/tmp/node_modules/grunt-cache-bust/node_modules/fs-extra/package.json] to [<HOME>/.arkcase/custom/node_modules/grunt-cache-bust/node_modules/fs-extra/package.json]
[m[36m<TIMESTAMP>,116 [DEBUG] [main] com.armedia.acm.userinterface.angular.AngularResourceCopier - Copying [<HOME>/.arkcase/tmp/node_modules/grunt-cache-bust/node_modules/jsonfile/index.js] to [<HOME>/.arkcase/custom/node_modules/grunt-cache-bust/node_modules/jsonfile/index.js]
[m[36m<TIMESTAMP>,116 [DEBUG] [main] com.armedia.acm.userinterface.angular.AngularResourceCopier - Copying [<HOME>/.arkcase/tmp/node_modules/grunt-cache-bust/node_modules/jsonfile/LICENSE] to [<HOME>/.arkcase/custom/node_modules/grunt-cache-bust/node_modules/jsonfile/LICENSE]
[m[36m<TIMESTAMP>,116 [DEBUG] [main] com.armedia.acm.userinterface.angular.AngularResourceCopier - Copying [<HOME>/.arkcase/tmp/node_modules/grunt-cache-bust/node_modules/jsonfile/README.md] to [<HOME>/.arkcase/custom/node_modules/grunt-cache-bust/node_modules/jsonfile/README.md]
[m[36m<TIMESTAMP>,117 [DEBUG] [main] com.armedia.acm.userinterface.angular.AngularResourceCopier - Copying [<HOME>/.arkcase/tmp/node_modules/grunt-cache-bust/node_modules/jsonfile/CHANGELOG.md] to [<HOME>/.arkcase/custom/node_modules/grunt-cache-bust/node_modules/jsonfile/CHANGELOG.md]
[m[36m<TIMESTAMP>,117 [DEBUG] [main] com.armedia.acm.userinterface.angular.AngularResourceCopier - Copying [<HOME>/.arkcase/tmp/node_modules/grunt-cache-bust/node_modules/jsonfile/package.json] to [<HOME>/.arkcase/custom/node_modules/grunt-cache-bust/node_modules/jsonfile/package.json]
[m[36m<TIMESTAMP>,117 [DEBUG] [main] com.armedia.acm.userinterface.angular.AngularResourceCopier - Copying [<HOME>/.arkcase/tmp/node_modules/grunt-cache-bust/tasks/cachebust.js] to [<HOME>/.arkcase/custom/node_modules/grunt-cache-bust/tasks/cachebust.js]
[m[36m<TIMESTAMP>,117 [DEBUG] [main] com.armedia.acm.userinterface.angular.AngularResourceCopier - Copying [<HOME>/.arkcase/tmp/node_modules/grunt-cache-bust/.travis.yml] to [<HOME>/.arkcase/custom/node_modules/grunt-cache-bust/.travis.yml]
[m[36m<TIMESTAMP>,118 [DEBUG] [main] com.armedia.acm.userinterface.angular.AngularResourceCopier - Copying [<HOME>/.arkcase/tmp/node_modules/grunt-cache-bust/.jshintrc] to [<HOME>/.arkcase/custom/node_modules/grunt-cache-bust/.jshintrc]
[m[36m<TIMESTAMP>,118 [DEBUG] [main] com.armedia.acm.userinterface.angular.AngularResourceCopier - Copying [<HOME>/.arkcase/tmp/node_modules/grunt-cache-bust/changelog.md] to [<HOME>/.arkcase/custom/node_modules/grunt-cache-bust/changelog.md]
[m[36m<TIMESTAMP>,118 [DEBUG] [main] com.armedia.acm.userinterface.angular.AngularResourceCopier - Copying [<HOME>/.arkcase/tmp/node_modules/grunt-cache-bust/license] to [<HOME>/.arkcase/custom/node_modules/grunt-cache-bust/license]
[m[36m<TIMESTAMP>,119 [DEBUG] [main] com.armedia.acm.userinterface.angular.AngularResourceCopier - Copying [<HOME>/.arkcase/tmp/node_modules/grunt-cache-bust/config/xml.js] to [<HOME>/.arkcase/custom/node_modules/grunt-cache-bust/config/xml.js]
[m[36m<TIMESTAMP>,119 [DEBUG] [main] com.armedia.acm.userinterface.angular.AngularResourceCopier - Copying [<HOME>/.arkcase/tmp/node_modules/grunt-cache-bust/config/urlPrefixes.js] to [<HOME>/.arkcase/custom/node_modules/grunt-cache-bust/config/urlPrefixes.js]
[m[36m<TIMESTAMP>,119 [DEBUG] [main] com.armedia.acm.userinterface.angular.AngularResourceCopier - Copying [<HOME>/.arkcase/tmp/node_modules/grunt-cache-bust/config/hash.js] to [<HOME>/.arkcase/custom/node_modules/grunt-cache-bust/config/hash.js]
[m[36m<TIMESTAMP>,119 [DEBUG] [main] com.armedia.acm.userinterface.angular.AngularResourceCopier - Copying [<HOME>/.arkcase/tmp/node_modules/grunt-cache-bust/config/imgsrcset.js] to [<HOME>/.arkcase/custom/node_modules/grunt-cache-bust/config/imgsrcset.js]
[m[36m<TIMESTAMP>,120 [DEBUG] [main] com.armedia.acm.userinterface.angular.AngularResourceCopier - Copying [<HOME>/.arkcase/tmp/node_modules/grunt-cache-bust/config/queryString.js] to [<HOME>/.arkcase/custom/node_modules/grunt-cache-bust/config/queryString.js]
[m[36m<TIMESTAMP>,120 [DEBUG] [main] com.armedia.acm.userinterface.angular.AngularResourceCopier - Copying [<HOME>/.arkcase/tmp/node_modules/grunt-cache-bust/config/sourceBusted.js] to [<HOME>/.arkcase/custom/node_modules/grunt-cache-bust/config/sourceBusted.js]
[m[36m<TIMESTAMP>,120 [DEBUG] [main] com.armedia.acm.userinterface.angular.AngularResourceCopier - Copying [<HOME>/.arkcase/tmp/node_modules/grunt-cache-bust/config/sourceBusted2.js] to [<HOME>/.arkcase/custom/node_modules/grunt-cache-bust/config/sourceBusted2.js]
[m[36m<TIMESTAMP>,121 [DEBUG] [main] com.armedia.acm.userinterface.angular.AngularResourceCopier - Copying [<HOME>/.arkcase/tmp/node_modules/grunt-cache-bust/config/realpath.js] to [<HOME>/.arkcase/custom/node_modules/grunt-cache-bust/config/realpath.js]
[m[36m<TIMESTAMP>,121 [DEBUG] [main] com.armedia.acm.userinterface.angular.AngularResourceCopier - Copying [<HOME>/.arkcase/tmp/node_modules/grunt-cache-bust/config/stylesheets.js] to [<HOME>/.arkcase/custom/node_modules/grunt-cache-bust/config/stylesheets.js]
[m[36m<TIMESTAMP>,121 [DEBUG] [main] com.armedia.acm.userinterface.angular.AngularResourceCopier - Copying [<HOME>/.arkcase/tmp/node_modules/grunt-cache-bust/config/createCopies.js] to [<HOME>/.arkcase/custom/node_modules/grunt-cache-bust/config/createCopies.js]
[m[36m<TIMESTAMP>,121 [DEBUG] [main] com.armedia.acm.userinterface.angular.AngularResourceCopier - Copying [<HOME>/.arkcase/tmp/node_modules/grunt-cache-bust/config/deleteOriginals.js] to [<HOME>/.arkcase/custom/node_modules/grunt-cache-bust/config/deleteOriginals.js]
[m[36m<TIMESTAMP>,122 [DEBUG] [main] com.armedia.acm.userinterface.angular.AngularResourceCopier - Copying [<HOME>/.arkcase/tmp/node_modules/grunt-cache-bust/config/relativepath.js] to [<HOME>/.arkcase/custom/node_modules/grunt-cache-bust/config/relativepath.js]
[m[36m<TIMESTAMP>,122 [DEBUG] [main] com.armedia.acm.userinterface.angular.AngularResourceCopier - Copying [<HOME>/.arkcase/tmp/node_modules/grunt-cache-bust/config/relativepath2.js] to [<HOME>/.arkcase/custom/node_modules/grunt-cache-bust/config/relativepath2.js]
[m[36m<TIMESTAMP>,122 [DEBUG] [main] com.armedia.acm.userinterface.angular.AngularResourceCopier - Copying [<HOME>/.arkcase/tmp/node_modules/grunt-cache-bust/config/templates.js] to [<HOME>/.arkcase/custom/node_modules/grunt-cache-bust/config/templates.js]
[m[36m<TIMESTAMP>,122 [DEBUG] [main] com.armedia.acm.userinterface.angular.AngularResourceCopier - Copying [<HOME>/.arkcase/tmp/node_modules/grunt-cache-bust/config/scripts.js] to [<HOME>/.arkcase/custom/node_modules/grunt-cache-bust/config/scripts.js]
[m[36m<TIMESTAMP>,123 [DEBUG] [main] com.armedia.acm.userinterface.angular.AngularResourceCopier - Copying [<HOME>/.arkcase/tmp/node_modules/grunt-cache-bust/config/ignorePattern.js] to [<HOME>/.arkcase/custom/node_modules/grunt-cache-bust/config/ignorePattern.js]
[m[36m<TIMESTAMP>,123 [DEBUG] [main] com.armedia.acm.userinterface.angular.AngularResourceCopier - Copying [<HOME>/.arkcase/tmp/node_modules/grunt-cache-bust/config/standard.js] to [<HOME>/.arkcase/custom/node_modules/grunt-cache-bust/config/standard.js]
[m[36m<TIMESTAMP>,123 [DEBUG] [main] com.armedia.acm.userinterface.angular.AngularResourceCopier - Copying [<HOME>/.arkcase/tmp/node_modules/grunt-cache-bust/config/complex.js] to [<HOME>/.arkcase/custom/node_modules/grunt-cache-bust/config/complex.js]
[m[36m<TIMESTAMP>,123 [DEBUG] [main] com.armedia.acm.userinterface.angular.AngularResourceCopier - Copying [<HOME>/.arkcase/tmp/node_modules/grunt-cache-bust/config/jsonOutput.js] to [<HOME>/.arkcase/custom/node_modules/grunt-cache-bust/config/jsonOutput.js]
[m[36m<TIMESTAMP>,124 [DEBUG] [main] com.armedia.acm.userinterface.angular.AngularResourceCopier - Copying [<HOME>/.arkcase/tmp/node_modules/grunt-cache-bust/config/outputDir.js] to [<HOME>/.arkcase/custom/node_modules/grunt-cache-bust/config/outputDir.js]
[m[36m<TIMESTAMP>,124 [DEBUG] [main] com.armedia.acm.userinterface.angular.AngularResourceCopier - Copying [<HOME>/.arkcase/tmp/node_modules/grunt-cache-bust/config/sourceBusted3.js] to [<HOME>/.arkcase/custom/node_modules/grunt-cache-bust/config/sourceBusted3.js]
[m[36m<TIMESTAMP>,124 [DEBUG] [main] com.armedia.acm.userinterface.angular.AngularResourceCopier - Copying [<HOME>/.arkcase/tmp/node_modules/grunt-cache-bust/package.json] to [<HOME>/.arkcase/custom/node_modules/grunt-cache-bust/package.json]
[m[36m<TIMESTAMP>,124 [DEBUG] [main] com.armedia.acm.userinterface.angular.AngularResourceCopier - Copying [<HOME>/.arkcase/tmp/node_modules/videogular/index.js] to [<HOME>/.arkcase/custom/node_modules/videogular/index.js]
[m[36m<TIMESTAMP>,125 [DEBUG] [main] com.armedia.acm.userinterface.angular.AngularResourceCopier - Copying [<HOME>/.arkcase/tmp/node_modules/videogular/LICENSE] to [<HOME>/.arkcase/custom/node_modules/videogular/LICENSE]
[m[36m<TIMESTAMP>,125 [DEBUG] [main] com.armedia.acm.userinterface.angular.AngularResourceCopier - Copying [<HOME>/.arkcase/tmp/node_modules/videogular/README.md] to [<HOME>/.arkcase/custom/node_modules/videogular/README.md]
[m[36m<TIMESTAMP>,125 [DEBUG] [main] com.armedia.acm.userinterface.angular.AngularResourceCopier - Copying [<HOME>/.arkcase/tmp/node_modules/videogular/videogular.js] to [<HOME>/.arkcase/custom/node_modules/videogular/videogular.js]
[m[36m<TIMESTAMP>,126 [DEBUG] [main] com.armedia.acm.userinterface.angular.AngularResourceCopier - Copying [<HOME>/.arkcase/tmp/node_modules/videogular/bower.json] to [<HOME>/.arkcase/custom/node_modules/videogular/bower.json]
[m[36m<TIMESTAMP>,150 [DEBUG] [main] com.armedia.acm.userinterface.angular.AngularResourceCopier - Copying [<HOME>/.arkcase/tmp/node_modules/videogular/Gruntfile.js] to [<HOME>/.arkcase/custom/node_modules/videogular/Gruntfile.js]
[m[36m<TIMESTAMP>,151 [DEBUG] [main] com.armedia.acm.userinterface.angular.AngularResourceCopier - Copying [<HOME>/.arkcase/tmp/node_modules/videogular/videogular.min.js] to [<HOME>/.arkcase/custom/node_modules/videogular/videogular.min.js]
[m[36m<TIMESTAMP>,151 [DEBUG] [main] com.armedia.acm.userinterface.angular.AngularResourceCopier - Copying [<HOME>/.arkcase/tmp/node_modules/videogular/package.json] to [<HOME>/.arkcase/custom/node_modules/videogular/package.json]
[m[36m<TIMESTAMP>,152 [DEBUG] [main] com.armedia.acm.userinterface.angular.AngularResourceCopier - Copying [<HOME>/.arkcase/tmp/node_modules/videogular/.npmignore] to [<HOME>/.arkcase/custom/node_modules/videogular/.npmignore]
[m[36m<TIMESTAMP>,152 [DEBUG] [main] com.armedia.acm.userinterface.angular.AngularResourceCopier - Copying [<HOME>/.arkcase/tmp/node_modules/filename-regex/index.js] to [<HOME>/.arkcase/custom/node_modules/filename-regex/index.js]
[m[36m<TIMESTAMP>,161 [DEBUG] [main] com.armedia.acm.userinterface.angular.AngularResourceCopier - Copying [<HOME>/.arkcase/tmp/node_modules/filename-regex/LICENSE] to [<HOME>/.arkcase/custom/node_modules/filename-regex/LICENSE]
[m[36m<TIMESTAMP>,161 [DEBUG] [main] com.armedia.acm.userinterface.angular.AngularResourceCopier - Copying [<HOME>/.arkcase/tmp/node_modules/filename-regex/README.md] to [<HOME>/.arkcase/custom/node_modules/filename-regex/README.md]
[m[36m<TIMESTAMP>,161 [DEBUG] [main] com.armedia.acm.userinterface.angular.AngularResourceCopier - Copying [<HOME>/.arkcase/tmp/node_modules/filename-regex/package.json] to [<HOME>/.arkcase/custom/node_modules/filename-regex/package.json]
[m[36m<TIMESTAMP>,162 [DEBUG] [main] com.armedia.acm.userinterface.angular.AngularResourceCopier - Copying [<HOME>/.arkcase/tmp/node_modules/is-data-descriptor/.editorconfig] to [<HOME>/.arkcase/custom/node_modules/is-data-descriptor/.editorconfig]
[m[36m<TIMESTAMP>,162 [DEBUG] [main] com.armedia.acm.userinterface.angular.AngularResourceCopier - Copying [<HOME>/.arkcase/tmp/node_modules/is-data-descriptor/index.js] to [<HOME>/.arkcase/custom/node_modules/is-data-descriptor/index.js]
[m[36m<TIMESTAMP>,162 [DEBUG] [main] com.armedia.acm.userinterface.angular.AngularResourceCopier - Copying [<HOME>/.arkcase/tmp/node_modules/is-data-descriptor/.github/FUNDING.yml] to [<HOME>/.arkcase/custom/node_modules/is-data-descriptor/.github/FUNDING.yml]
[m[36m<TIMESTAMP>,163 [DEBUG] [main] com.armedia.acm.userinterface.angular.AngularResourceCopier - Copying [<HOME>/.arkcase/tmp/node_modules/is-data-descriptor/LICENSE] to [<HOME>/.arkcase/custom/node_modules/is-data-descriptor/LICENSE]
[m[36m<TIMESTAMP>,163 [DEBUG] [main] com.armedia.acm.userinterface.angular.AngularResourceCopier - Copying [<HOME>/.arkcase/tmp/node_modules/is-data-descriptor/.eslintrc] to [<HOME>/.arkcase/custom/node_modules/is-data-descriptor/.eslintrc]
[m[36m<TIMESTAMP>,163 [DEBUG] [main] com.armedia.acm.userinterface.angular.AngularResourceCopier - Copying [<HOME>/.arkcase/tmp/node_modules/is-data-descriptor/README.md] to [<HOME>/.arkcase/custom/node_modules/is-data-descriptor/README.md]
[m[36m<TIMESTAMP>,164 [DEBUG] [main] com.armedia.acm.userinterface.angular.AngularResourceCopier - Copying [<HOME>/.arkcase/tmp/node_modules/is-data-descriptor/test/index.js] to [<HOME>/.arkcase/custom/node_modules/is-data-descriptor/test/index.js]
[m[36m<TIMESTAMP>,164 [DEBUG] [main] com.armedia.acm.userinterface.angular.AngularResourceCopier - Copying [<HOME>/.arkcase/tmp/node_modules/is-data-descriptor/.nycrc] to [<HOME>/.arkcase/custom/node_modules/is-data-descriptor/.nycrc]
[m[36m<TIMESTAMP>,164 [DEBUG] [main] com.armedia.acm.userinterface.angular.AngularResourceCopier - Copying [<HOME>/.arkcase/tmp/node_modules/is-data-descriptor/CHANGELOG.md] to [<HOME>/.arkcase/custom/node_modules/is-data-descriptor/CHANGELOG.md]
[m[36m<TIMESTAMP>,164 [DEBUG] [main] com.armedia.acm.userinterface.angular.AngularResourceCopier - Copying [<HOME>/.arkcase/tmp/node_modules/is-data-descriptor/package.json] to [<HOME>/.arkcase/custom/node_modules/is-data-descriptor/package.json]
[m[36m<TIMESTAMP>,165 [DEBUG] [main] com.armedia.acm.userinterface.angular.AngularResourceCopier - Copying [<HOME>/.arkcase/tmp/node_modules/exit/LICENSE-MIT] to [<HOME>/.arkcase/custom/node_modules/exit/LICENSE-MIT]
[m[36m<TIMESTAMP>,165 [DEBUG] [main] com.armedia.acm.userinterface.angular.AngularResourceCopier - Copying [<HOME>/.arkcase/tmp/node_modules/exit/README.md] to [<HOME>/.arkcase/custom/node_modules/exit/README.md]
[m[36m<TIMESTAMP>,165 [DEBUG] [main] com.armedia.acm.userinterface.angular.AngularResourceCopier - Copying [<HOME>/.arkcase/tmp/node_modules/exit/Gruntfile.js] to [<HOME>/.arkcase/custom/node_modules/exit/Gruntfile.js]
[m[36m<TIMESTAMP>,166 [DEBUG] [main] com.armedia.acm.userinterface.angular.AngularResourceCopier - Copying [<HOME>/.arkcase/tmp/node_modules/exit/test/exit_test.js] to [<HOME>/.arkcase/custom/node_modules/exit/test/exit_test.js]
[m[36m<TIMESTAMP>,166 [DEBUG] [main] com.armedia.acm.userinterface.angular.AngularResourceCopier - Copying [<HOME>/.arkcase/tmp/node_modules/exit/test/fixtures/10-stderr.txt] to [<HOME>/.arkcase/custom/node_modules/exit/test/fixtures/10-stderr.txt]
[m[36m<TIMESTAMP>,166 [DEBUG] [main] com.armedia.acm.userinterface.angular.AngularResourceCopier - Copying [<HOME>/.arkcase/tmp/node_modules/exit/test/fixtures/1000-stdout-stderr.txt] to [<HOME>/.arkcase/custom/node_modules/exit/test/fixtures/1000-stdout-stderr.txt]
[m[36m<TIMESTAMP>,167 [DEBUG] [main] com.armedia.acm.userinterface.angular.AngularResourceCopier - Copying [<HOME>/.arkcase/tmp/node_modules/exit/test/fixtures/log-broken.js] to [<HOME>/.arkcase/custom/node_modules/exit/test/fixtures/log-broken.js]
[m[36m<TIMESTAMP>,167 [DEBUG] [main] com.armedia.acm.userinterface.angular.AngularResourceCopier - Copying [<HOME>/.arkcase/tmp/node_modules/exit/test/fixtures/create-files.sh] to [<HOME>/.arkcase/custom/node_modules/exit/test/fixtures/create-files.sh]
[m[36m<TIMESTAMP>,167 [DEBUG] [main] com.armedia.acm.userinterface.angular.AngularResourceCopier - Copying [<HOME>/.arkcase/tmp/node_modules/exit/test/fixtures/10-stdout-stderr.txt] to [<HOME>/.arkcase/custom/node_modules/exit/test/fixtures/10-stdout-stderr.txt]
[m[36m<TIMESTAMP>,167 [DEBUG] [main] com.armedia.acm.userinterface.angular.AngularResourceCopier - Copying [<HOME>/.arkcase/tmp/node_modules/exit/test/fixtures/10-stdout.txt] to [<HOME>/.arkcase/custom/node_modules/exit/test/fixtures/10-stdout.txt]
[m[36m<TIMESTAMP>,168 [DEBUG] [main] com.armedia.acm.userinterface.angular.AngularResourceCopier - Copying [<HOME>/.arkcase/tmp/node_modules/exit/test/fixtures/1000-stdout.txt] to [<HOME>/.arkcase/custom/node_modules/exit/test/fixtures/1000-stdout.txt]
[m[36m<TIMESTAMP>,168 [DEBUG] [main] com.armedia.acm.userinterface.angular.AngularResourceCopier - Copying [<HOME>/.arkcase/tmp/node_modules/exit/test/fixtures/100-stderr.txt] to [<HOME>/.arkcase/custom/node_modules/exit/test/fixtures/100-stderr.txt]
[m[36m<TIMESTAMP>,168 [DEBUG] [main] com.armedia.acm.userinterface.angular.AngularResourceCopier - Copying [<HOME>/.arkcase/tmp/node_modules/exit/test/fixtures/1000-stderr.txt] to [<HOME>/.arkcase/custom/node_modules/exit/test/fixtures/1000-stderr.txt]
[m[36m<TIMESTAMP>,169 [DEBUG] [main] com.armedia.acm.userinterface.angular.AngularResourceCopier - Copying [<HOME>/.arkcase/tmp/node_modules/exit/test/fixtures/100-stdout-stderr.txt] to [<HOME>/.arkcase/custom/node_modules/exit/test/fixtures/100-stdout-stderr.txt]
[m[36m<TIMESTAMP>,169 [DEBUG] [main] com.armedia.acm.userinterface.angular.AngularResourceCopier - Copying [<HOME>/.arkcase/tmp/node_modules/exit/test/fixtures/log.js] to [<HOME>/.arkcase/custom/node_modules/exit/test/fixtures/log.js]
[m[36m<TIMESTAMP>,169 [DEBUG] [main] com.armedia.acm.userinterface.angular.AngularResourceCopier - Copying [<HOME>/.arkcase/tmp/node_modules/exit/test/fixtures/100-stdout.txt] to [<HOME>/.arkcase/custom/node_modules/exit/test/fixtures/100-stdout.txt]
[m[36m<TIMESTAMP>,170 [DEBUG] [main] com.armedia.acm.userinterface.angular.AngularResourceCopier - Copying [<HOME>/.arkcase/tmp/node_modules/exit/.travis.yml] to [<HOME>/.arkcase/custom/node_modules/exit/.travis.yml]
[m[36m<TIMESTAMP>,170 [DEBUG] [main] com.armedia.acm.userinterface.angular.AngularResourceCopier - Copying [<HOME>/.arkcase/tmp/node_modules/exit/.jshintrc] to [<HOME>/.arkcase/custom/node_modules/exit/.jshintrc]
[m[36m<TIMESTAMP>,170 [DEBUG] [main] com.armedia.acm.userinterface.angular.AngularResourceCopier - Copying [<HOME>/.arkcase/tmp/node_modules/exit/lib/exit.js] to [<HOME>/.arkcase/custom/node_modules/exit/lib/exit.js]
[m[36m<TIMESTAMP>,170 [DEBUG] [main] com.armedia.acm.userinterface.angular.AngularResourceCopier - Copying [<HOME>/.arkcase/tmp/node_modules/exit/package.json] to [<HOME>/.arkcase/custom/node_modules/exit/package.json]
[m[36m<TIMESTAMP>,171 [DEBUG] [main] com.armedia.acm.userinterface.angular.AngularResourceCopier - Copying [<HOME>/.arkcase/tmp/node_modules/exit/.npmignore] to [<HOME>/.arkcase/custom/node_modules/exit/.npmignore]
[m[36m<TIMESTAMP>,171 [DEBUG] [main] com.armedia.acm.userinterface.angular.AngularResourceCopier - Copying [<HOME>/.arkcase/tmp/node_modules/spdx-correct/index.js] to [<HOME>/.arkcase/custom/node_modules/spdx-correct/index.js]
[m[36m<TIMESTAMP>,171 [DEBUG] [main] com.armedia.acm.userinterface.angular.AngularResourceCopier - Copying [<HOME>/.arkcase/tmp/node_modules/spdx-correct/LICENSE] to [<HOME>/.arkcase/custom/node_modules/spdx-correct/LICENSE]
[m[36m<TIMESTAMP>,171 [DEBUG] [main] com.armedia.acm.userinterface.angular.AngularResourceCopier - Copying [<HOME>/.arkcase/tmp/node_modules/spdx-correct/README.md] to [<HOME>/.arkcase/custom/node_modules/spdx-correct/README.md]
[m[36m<TIMESTAMP>,172 [DEBUG] [main] com.armedia.acm.userinterface.angular.AngularResourceCopier - Copying [<HOME>/.arkcase/tmp/node_modules/spdx-correct/package.json] to [<HOME>/.arkcase/custom/node_modules/spdx-correct/package.json]
[m[36m<TIMESTAMP>,172 [DEBUG] [main] com.armedia.acm.userinterface.angular.AngularResourceCopier - Copying [<HOME>/.arkcase/tmp/node_modules/universalify/index.js] to [<HOME>/.arkcase/custom/node_modules/universalify/index.js]
[m[36m<TIMESTAMP>,172 [DEBUG] [main] com.armedia.acm.userinterface.angular.AngularResourceCopier - Copying [<HOME>/.arkcase/tmp/node_modules/universalify/LICENSE] to [<HOME>/.arkcase/custom/node_modules/universalify/LICENSE]
[m[36m<TIMESTAMP>,172 [DEBUG] [main] com.armedia.acm.userinterface.angular.AngularResourceCopier - Copying [<HOME>/.arkcase/tmp/node_modules/universalify/README.md] to [<HOME>/.arkcase/custom/node_modules/universalify/README.md]
[m[36m<TIMESTAMP>,173 [DEBUG] [main] com.armedia.acm.userinterface.angular.AngularResourceCopier - Copying [<HOME>/.arkcase/tmp/node_modules/universalify/package.json] to [<HOME>/.arkcase/custom/node_modules/universalify/package.json]
[m[36m<TIMESTAMP>,173 [DEBUG] [main] com.armedia.acm.userinterface.angular.AngularResourceCopier - Copying [<HOME>/.arkcase/tmp/node_modules/grunt-karma/LICENSE] to [<HOME>/.arkcase/custom/node_modules/grunt-karma/LICENSE]
[m[36m<TIMESTAMP>,173 [DEBUG] [main] com.armedia.acm.userinterface.angular.AngularResourceCopier - Copying [<HOME>/.arkcase/tmp/node_modules/grunt-karma/.eslintrc] to [<HOME>/.arkcase/custom/node_modules/grunt-karma/.eslintrc]
[m[36m<TIMESTAMP>,174 [DEBUG] [main] com.armedia.acm.userinterface.angular.AngularResourceCopier - Copying [<HOME>/.arkcase/tmp/node_modules/grunt-karma/README.md] to [<HOME>/.arkcase/custom/node_modules/grunt-karma/README.md]
[m[36m<TIMESTAMP>,174 [DEBUG] [main] com.armedia.acm.userinterface.angular.AngularResourceCopier - Copying [<HOME>/.arkcase/tmp/node_modules/grunt-karma/test/grunt-karma-test.js] to [<HOME>/.arkcase/custom/node_modules/grunt-karma/test/grunt-karma-test.js]
[m[36m<TIMESTAMP>,174 [DEBUG] [main] com.armedia.acm.userinterface.angular.AngularResourceCopier - Copying [<HOME>/.arkcase/tmp/node_modules/grunt-karma/gruntfile.js] to [<HOME>/.arkcase/custom/node_modules/grunt-karma/gruntfile.js]
[m[36m<TIMESTAMP>,174 [DEBUG] [main] com.armedia.acm.userinterface.angular.AngularResourceCopier - Copying [<HOME>/.arkcase/tmp/node_modules/grunt-karma/CHANGELOG.md] to [<HOME>/.arkcase/custom/node_modules/grunt-karma/CHANGELOG.md]
[m[36m<TIMESTAMP>,175 [DEBUG] [main] com.armedia.acm.userinterface.angular.AngularResourceCopier - Copying [<HOME>/.arkcase/tmp/node_modules/grunt-karma/tasks/grunt-karma.js] to [<HOME>/.arkcase/custom/node_modules/grunt-karma/tasks/grunt-karma.js]
[m[36m<TIMESTAMP>,175 [DEBUG] [main] com.armedia.acm.userinterface.angular.AngularResourceCopier - Copying [<HOME>/.arkcase/tmp/node_modules/grunt-karma/CONTRIBUTING.md] to [<HOME>/.arkcase/custom/node_modules/grunt-karma/CONTRIBUTING.md]
[m[36m<TIMESTAMP>,175 [DEBUG] [main] com.armedia.acm.userinterface.angular.AngularResourceCopier - Copying [<HOME>/.arkcase/tmp/node_modules/grunt-karma/.travis.yml] to [<HOME>/.arkcase/custom/node_modules/grunt-karma/.travis.yml]
[m[36m<TIMESTAMP>,176 [DEBUG] [main] com.armedia.acm.userinterface.angular.AngularResourceCopier - Copying [<HOME>/.arkcase/tmp/node_modules/grunt-karma/lib/background.js] to [<HOME>/.arkcase/custom/node_modules/grunt-karma/lib/background.js]
[m[36m<TIMESTAMP>,176 [DEBUG] [main] com.armedia.acm.userinterface.angular.AngularResourceCopier - Copying [<HOME>/.arkcase/tmp/node_modules/grunt-karma/TODO.md] to [<HOME>/.arkcase/custom/node_modules/grunt-karma/TODO.md]
[m[36m<TIMESTAMP>,176 [DEBUG] [main] com.armedia.acm.userinterface.angular.AngularResourceCopier - Copying [<HOME>/.arkcase/tmp/node_modules/grunt-karma/PULL_REQUEST_TEMPLATE.md] to [<HOME>/.arkcase/custom/node_modules/grunt-karma/PULL_REQUEST_TEMPLATE.md]
[m[36m<TIMESTAMP>,176 [DEBUG] [main] com.armedia.acm.userinterface.angular.AngularResourceCopier - Copying [<HOME>/.arkcase/tmp/node_modules/grunt-karma/karma.conf.js] to [<HOME>/.arkcase/custom/node_modules/grunt-karma/karma.conf.js]
[m[36m<TIMESTAMP>,177 [DEBUG] [main] com.armedia.acm.userinterface.angular.AngularResourceCopier - Copying [<HOME>/.arkcase/tmp/node_modules/grunt-karma/.mailmap] to [<HOME>/.arkcase/custom/node_modules/grunt-karma/.mailmap]
[m[36m<TIMESTAMP>,177 [DEBUG] [main] com.armedia.acm.userinterface.angular.AngularResourceCopier - Copying [<HOME>/.arkcase/tmp/node_modules/grunt-karma/package.json] to [<HOME>/.arkcase/custom/node_modules/grunt-karma/package.json]
[m[36m<TIMESTAMP>,177 [DEBUG] [main] com.armedia.acm.userinterface.angular.AngularResourceCopier - Copying [<HOME>/.arkcase/tmp/node_modules/grunt-karma/.npmignore] to [<HOME>/.arkcase/custom/node_modules/grunt-karma/.npmignore]
[m[36m<TIMESTAMP>,177 [DEBUG] [main] com.armedia.acm.userinterface.angular.AngularResourceCopier - Copying [<HOME>/.arkcase/tmp/node_modules/core-js/build/index.js] to [<HOME>/.arkcase/custom/node_modules/core-js/build/index.js]
[m[36m<TIMESTAMP>,178 [DEBUG] [main] com.armedia.acm.userinterface.angular.AngularResourceCopier - Copying [<HOME>/.arkcase/tmp/node_modules/core-js/build/config.js] to [<HOME>/.arkcase/custom/node_modules/core-js/build/config.js]
[m[36m<TIMESTAMP>,178 [DEBUG] [main] com.armedia.acm.userinterface.angular.AngularResourceCopier - Copying [<HOME>/.arkcase/tmp/node_modules/core-js/build/Gruntfile.ls] to [<HOME>/.arkcase/custom/node_modules/core-js/build/Gruntfile.ls]
[m[36m<TIMESTAMP>,178 [DEBUG] [main] com.armedia.acm.userinterface.angular.AngularResourceCopier - Copying [<HOME>/.arkcase/tmp/node_modules/core-js/build/build.ls] to [<HOME>/.arkcase/custom/node_modules/core-js/build/build.ls]
[m[36m<TIMESTAMP>,179 [DEBUG] [main] com.armedia.acm.userinterface.angular.AngularResourceCopier - Copying [<HOME>/.arkcase/tmp/node_modules/core-js/es7/index.js] to [<HOME>/.arkcase/custom/node_modules/core-js/es7/index.js]
[m[36m<TIMESTAMP>,179 [DEBUG] [main] com.armedia.acm.userinterface.angular.AngularResourceCopier - Copying [<HOME>/.arkcase/tmp/node_modules/core-js/es7/promise.js] to [<HOME>/.arkcase/custom/node_modules/core-js/es7/promise.js]
[m[36m<TIMESTAMP>,180 [DEBUG] [main] com.armedia.acm.userinterface.angular.AngularResourceCopier - Copying [<HOME>/.arkcase/tmp/node_modules/core-js/es7/reflect.js] to [<HOME>/.arkcase/custom/node_modules/core-js/es7/reflect.js]
[m[36m<TIMESTAMP>,180 [DEBUG] [main] com.armedia.acm.userinterface.angular.AngularResourceCopier - Copying [<HOME>/.arkcase/tmp/node_modules/core-js/es7/asap.js] to [<HOME>/.arkcase/custom/node_modules/core-js/es7/asap.js]
[m[36m<TIMESTAMP>,180 [DEBUG] [main] com.armedia.acm.userinterface.angular.AngularResourceCopier - Copying [<HOME>/.arkcase/tmp/node_modules/core-js/es7/error.js] to [<HOME>/.arkcase/custom/node_modules/core-js/es7/error.js]
[m[36m<TIMESTAMP>,180 [DEBUG] [main] com.armedia.acm.userinterface.angular.AngularResourceCopier - Copying [<HOME>/.arkcase/tmp/node_modules/core-js/es7/observable.js] to [<HOME>/.arkcase/custom/node_modules/core-js/es7/observable.js]
[m[36m<TIMESTAMP>,181 [DEBUG] [main] com.armedia.acm.userinterface.angular.AngularResourceCopier - Copying [<HOME>/.arkcase/tmp/node_modules/core-js/es7/map.js] to [<HOME>/.arkcase/custom/node_modules/core-js/es7/map.js]
[m[36m<TIMESTAMP>,181 [DEBUG] [main] com.armedia.acm.userinterface.angular.AngularResourceCopier - Copying [<HOME>/.arkcase/tmp/node_modules/core-js/es7/string.js] to [<HOME>/.arkcase/custom/node_modules/core-js/es7/string.js]
[m[36m<TIMESTAMP>,181 [DEBUG] [main] com.armedia.acm.userinterface.angular.AngularResourceCopier - Copying [<HOME>/.arkcase/tmp/node_modules/core-js/es7/array.js] to [<HOME>/.arkcase/custom/node_modules/core-js/es7/array.js]
[m[36m<TIMESTAMP>,182 [DEBUG] [main] com.armedia.acm.userinterface.angular.AngularResourceCopier - Copying [<HOME>/.arkcase/tmp/node_modules/core-js/es7/object.js] to [<HOME>/.arkcase/custom/node_modules/core-js/es7/object.js]
[m[36m<TIMESTAMP>,182 [DEBUG] [main] com.armedia.acm.userinterface.angular.AngularResourceCopier - Copying [<HOME>/.arkcase/tmp/node_modules/core-js/es7/weak-map.js] to [<HOME>/.arkcase/custom/node_modules/core-js/es7/weak-map.js]
[m[36m<TIMESTAMP>,182 [DEBUG] [main] com.armedia.acm.userinterface.angular.AngularResourceCopier - Copying [<HOME>/.arkcase/tmp/node_modules/core-js/es7/symbol.js] to [<HOME>/.arkcase/custom/node_modules/core-js/es7/symbol.js]
[m[36m<TIMESTAMP>,183 [DEBUG] [main] com.armedia.acm.userinterface.angular.AngularResourceCopier - Copying [<HOME>/.arkcase/tmp/node_modules/core-js/es7/global.js] to [<HOME>/.arkcase/custom/node_modules/core-js/es7/global.js]
[m[36m<TIMESTAMP>,183 [DEBUG] [main] com.armedia.acm.userinterface.angular.AngularResourceCopier - Copying [<HOME>/.arkcase/tmp/node_modules/core-js/es7/math.js] to [<HOME>/.arkcase/custom/node_modules/core-js/es7/math.js]
[m[36m<TIMESTAMP>,183 [DEBUG] [main] com.armedia.acm.userinterface.angular.AngularResourceCopier - Copying [<HOME>/.arkcase/tmp/node_modules/core-js/es7/system.js] to [<HOME>/.arkcase/custom/node_modules/core-js/es7/system.js]
[m[36m<TIMESTAMP>,184 [DEBUG] [main] com.armedia.acm.userinterface.angular.AngularResourceCopier - Copying [<HOME>/.arkcase/tmp/node_modules/core-js/es7/weak-set.js] to [<HOME>/.arkcase/custom/node_modules/core-js/es7/weak-set.js]
[m[36m<TIMESTAMP>,184 [DEBUG] [main] com.armedia.acm.userinterface.angular.AngularResourceCopier - Copying [<HOME>/.arkcase/tmp/node_modules/core-js/es7/set.js] to [<HOME>/.arkcase/custom/node_modules/core-js/es7/set.js]
[m[36m<TIMESTAMP>,184 [DEBUG] [main] com.armedia.acm.userinterface.angular.AngularResourceCopier - Copying [<HOME>/.arkcase/tmp/node_modules/core-js/index.js] to [<HOME>/.arkcase/custom/node_modules/core-js/index.js]
[m[36m<TIMESTAMP>,184 [DEBUG] [main] com.armedia.acm.userinterface.angular.AngularResourceCopier - Copying [<HOME>/.arkcase/tmp/node_modules/core-js/web/dom-collections.js] to [<HOME>/.arkcase/custom/node_modules/core-js/web/dom-collections.js]
[m[36m<TIMESTAMP>,185 [DEBUG] [main] com.armedia.acm.userinterface.angular.AngularResourceCopier - Copying [<HOME>/.arkcase/tmp/node_modules/core-js/web/index.js] to [<HOME>/.arkcase/custom/node_modules/core-js/web/index.js]
[m[36m<TIMESTAMP>,185 [DEBUG] [main] com.armedia.acm.userinterface.angular.AngularResourceCopier - Copying [<HOME>/.arkcase/tmp/node_modules/core-js/web/timers.js] to [<HOME>/.arkcase/custom/node_modules/core-js/web/timers.js]
[m[36m<TIMESTAMP>,185 [DEBUG] [main] com.armedia.acm.userinterface.angular.AngularResourceCopier - Copying [<HOME>/.arkcase/tmp/node_modules/core-js/web/immediate.js] to [<HOME>/.arkcase/custom/node_modules/core-js/web/immediate.js]
[m[36m<TIMESTAMP>,186 [DEBUG] [main] com.armedia.acm.userinterface.angular.AngularResourceCopier - Copying [<HOME>/.arkcase/tmp/node_modules/core-js/library/es7/index.js] to [<HOME>/.arkcase/custom/node_modules/core-js/library/es7/index.js]
[m[36m<TIMESTAMP>,186 [DEBUG] [main] com.armedia.acm.userinterface.angular.AngularResourceCopier - Copying [<HOME>/.arkcase/tmp/node_modules/core-js/library/es7/promise.js] to [<HOME>/.arkcase/custom/node_modules/core-js/library/es7/promise.js]
[m[36m<TIMESTAMP>,186 [DEBUG] [main] com.armedia.acm.userinterface.angular.AngularResourceCopier - Copying [<HOME>/.arkcase/tmp/node_modules/core-js/library/es7/reflect.js] to [<HOME>/.arkcase/custom/node_modules/core-js/library/es7/reflect.js]
[m[36m<TIMESTAMP>,186 [DEBUG] [main] com.armedia.acm.userinterface.angular.AngularResourceCopier - Copying [<HOME>/.arkcase/tmp/node_modules/core-js/library/es7/asap.js] to [<HOME>/.arkcase/custom/node_modules/core-js/library/es7/asap.js]
[m[36m<TIMESTAMP>,187 [DEBUG] [main] com.armedia.acm.userinterface.angular.AngularResourceCopier - Copying [<HOME>/.arkcase/tmp/node_modules/core-js/library/es7/error.js] to [<HOME>/.arkcase/custom/node_modules/core-js/library/es7/error.js]
[m[36m<TIMESTAMP>,187 [DEBUG] [main] com.armedia.acm.userinterface.angular.AngularResourceCopier - Copying [<HOME>/.arkcase/tmp/node_modules/core-js/library/es7/observable.js] to [<HOME>/.arkcase/custom/node_modules/core-js/library/es7/observable.js]
[m[36m<TIMESTAMP>,187 [DEBUG] [main] com.armedia.acm.userinterface.angular.AngularResourceCopier - Copying [<HOME>/.arkcase/tmp/node_modules/core-js/library/es7/map.js] to [<HOME>/.arkcase/custom/node_modules/core-js/library/es7/map.js]
[m[36m<TIMESTAMP>,187 [DEBUG] [main] com.armedia.acm.userinterface.angular.AngularResourceCopier - Copying [<HOME>/.arkcase/tmp/node_modules/core-js/library/es7/string.js] to [<HOME>/.arkcase/custom/node_modules/core-js/library/es7/string.js]
[m[36m<TIMESTAMP>,188 [DEBUG] [main] com.armedia.acm.userinterface.angular.AngularResourceCopier - Copying [<HOME>/.arkcase/tmp/node_modules/core-js/library/es7/array.js] to [<HOME>/.arkcase/custom/node_modules/core-js/library/es7/array.js]
[m[36m<TIMESTAMP>,188 [DEBUG] [main] com.armedia.acm.userinterface.angular.AngularResourceCopier - Copying [<HOME>/.arkcase/tmp/node_modules/core-js/library/es7/object.js] to [<HOME>/.arkcase/custom/node_modules/core-js/library/es7/object.js]
[m[36m<TIMESTAMP>,188 [DEBUG] [main] com.armedia.acm.userinterface.angular.AngularResourceCopier - Copying [<HOME>/.arkcase/tmp/node_modules/core-js/library/es7/weak-map.js] to [<HOME>/.arkcase/custom/node_modules/core-js/library/es7/weak-map.js]
[m[36m<TIMESTAMP>,188 [DEBUG] [main] com.armedia.acm.userinterface.angular.AngularResourceCopier - Copying [<HOME>/.arkcase/tmp/node_modules/core-js/library/es7/symbol.js] to [<HOME>/.arkcase/custom/node_modules/core-js/library/es7/symbol.js]
[m[36m<TIMESTAMP>,189 [DEBUG] [main] com.armedia.acm.userinterface.angular.AngularResourceCopier - Copying [<HOME>/.arkcase/tmp/node_modules/core-js/library/es7/global.js] to [<HOME>/.arkcase/custom/node_modules/core-js/library/es7/global.js]
[m[36m<TIMESTAMP>,189 [DEBUG] [main] com.armedia.acm.userinterface.angular.AngularResourceCopier - Copying [<HOME>/.arkcase/tmp/node_modules/core-js/library/es7/math.js] to [<HOME>/.arkcase/custom/node_modules/core-js/library/es7/math.js]
[m[36m<TIMESTAMP>,189 [DEBUG] [main] com.armedia.acm.userinterface.angular.AngularResourceCopier - Copying [<HOME>/.arkcase/tmp/node_modules/core-js/library/es7/system.js] to [<HOME>/.arkcase/custom/node_modules/core-js/library/es7/system.js]
[m[36m<TIMESTAMP>,189 [DEBUG] [main] com.armedia.acm.userinterface.angular.AngularResourceCopier - Copying [<HOME>/.arkcase/tmp/node_modules/core-js/library/es7/weak-set.js] to [<HOME>/.arkcase/custom/node_modules/core-js/library/es7/weak-set.js]
[m[36m<TIMESTAMP>,190 [DEBUG] [main] com.armedia.acm.userinterface.angular.AngularResourceCopier - Copying [<HOME>/.arkcase/tmp/node_modules/core-js/library/es7/set.js] to [<HOME>/.arkcase/custom/node_modules/core-js/library/es7/set.js]
[m[36m<TIMESTAMP>,190 [DEBUG] [main] com.armedia.acm.userinterface.angular.AngularResourceCopier - Copying [<HOME>/.arkcase/tmp/node_modules/core-js/library/index.js] to [<HOME>/.arkcase/custom/node_modules/core-js/library/index.js]
[m[36m<TIMESTAMP>,190 [DEBUG] [main] com.armedia.acm.userinterface.angular.AngularResourceCopier - Copying [<HOME>/.arkcase/tmp/node_modules/core-js/library/web/dom-collections.js] to [<HOME>/.arkcase/custom/node_modules/core-js/library/web/dom-collections.js]
[m[36m<TIMESTAMP>,190 [DEBUG] [main] com.armedia.acm.userinterface.angular.AngularResourceCopier - Copying [<HOME>/.arkcase/tmp/node_modules/core-js/library/web/index.js] to [<HOME>/.arkcase/custom/node_modules/core-js/library/web/index.js]
[m[36m<TIMESTAMP>,190 [DEBUG] [main] com.armedia.acm.userinterface.angular.AngularResourceCopier - Copying [<HOME>/.arkcase/tmp/node_modules/core-js/library/web/timers.js] to [<HOME>/.arkcase/custom/node_modules/core-js/library/web/timers.js]
[m[36m<TIMESTAMP>,191 [DEBUG] [main] com.armedia.acm.userinterface.angular.AngularResourceCopier - Copying [<HOME>/.arkcase/tmp/node_modules/core-js/library/web/immediate.js] to [<HOME>/.arkcase/custom/node_modules/core-js/library/web/immediate.js]
[m[36m<TIMESTAMP>,191 [DEBUG] [main] com.armedia.acm.userinterface.angular.AngularResourceCopier - Copying [<HOME>/.arkcase/tmp/node_modules/core-js/library/shim.js] to [<HOME>/.arkcase/custom/node_modules/core-js/library/shim.js]
[m[36m<TIMESTAMP>,191 [DEBUG] [main] com.armedia.acm.userinterface.angular.AngularResourceCopier - Copying [<HOME>/.arkcase/tmp/node_modules/core-js/library/modules/_parse-float.js] to [<HOME>/.arkcase/custom/node_modules/core-js/library/modules/_parse-float.js]
[m[36m<TIMESTAMP>,192 [DEBUG] [main] com.armedia.acm.userinterface.angular.AngularResourceCopier - Copying [<HOME>/.arkcase/tmp/node_modules/core-js/library/modules/es7.array.includes.js] to [<HOME>/.arkcase/custom/node_modules/core-js/library/modules/es7.array.includes.js]
[m[36m<TIMESTAMP>,192 [DEBUG] [main] com.armedia.acm.userinterface.angular.AngularResourceCopier - Copying [<HOME>/.arkcase/tmp/node_modules/core-js/library/modules/es6.array.join.js] to [<HOME>/.arkcase/custom/node_modules/core-js/library/modules/es6.array.join.js]
[m[36m<TIMESTAMP>,192 [DEBUG] [main] com.armedia.acm.userinterface.angular.AngularResourceCopier - Copying [<HOME>/.arkcase/tmp/node_modules/core-js/library/modules/_hide.js] to [<HOME>/.arkcase/custom/node_modules/core-js/library/modules/_hide.js]
[m[36m<TIMESTAMP>,192 [DEBUG] [main] com.armedia.acm.userinterface.angular.AngularResourceCopier - Copying [<HOME>/.arkcase/tmp/node_modules/core-js/library/modules/_ctx.js] to [<HOME>/.arkcase/custom/node_modules/core-js/library/modules/_ctx.js]
[m[36m<TIMESTAMP>,193 [DEBUG] [main] com.armedia.acm.userinterface.angular.AngularResourceCopier - Copying [<HOME>/.arkcase/tmp/node_modules/core-js/library/modules/es6.object.is-frozen.js] to [<HOME>/.arkcase/custom/node_modules/core-js/library/modules/es6.object.is-frozen.js]
[m[36m<TIMESTAMP>,193 [DEBUG] [main] com.armedia.acm.userinterface.angular.AngularResourceCopier - Copying [<HOME>/.arkcase/tmp/node_modules/core-js/library/modules/_is-array-iter.js] to [<HOME>/.arkcase/custom/node_modules/core-js/library/modules/_is-array-iter.js]
[m[36m<TIMESTAMP>,193 [DEBUG] [main] com.armedia.acm.userinterface.angular.AngularResourceCopier - Copying [<HOME>/.arkcase/tmp/node_modules/core-js/library/modules/_object-keys.js] to [<HOME>/.arkcase/custom/node_modules/core-js/library/modules/_object-keys.js]
[m[36m<TIMESTAMP>,193 [DEBUG] [main] com.armedia.acm.userinterface.angular.AngularResourceCopier - Copying [<HOME>/.arkcase/tmp/node_modules/core-js/library/modules/es6.reflect.get.js] to [<HOME>/.arkcase/custom/node_modules/core-js/library/modules/es6.reflect.get.js]
[m[36m<TIMESTAMP>,194 [DEBUG] [main] com.armedia.acm.userinterface.angular.AngularResourceCopier - Copying [<HOME>/.arkcase/tmp/node_modules/core-js/library/modules/es6.string.iterator.js] to [<HOME>/.arkcase/custom/node_modules/core-js/library/modules/es6.string.iterator.js]
[m[36m<TIMESTAMP>,194 [DEBUG] [main] com.armedia.acm.userinterface.angular.AngularResourceCopier - Copying [<HOME>/.arkcase/tmp/node_modules/core-js/library/modules/es6.math.log2.js] to [<HOME>/.arkcase/custom/node_modules/core-js/library/modules/es6.math.log2.js]
[m[36m<TIMESTAMP>,194 [DEBUG] [main] com.armedia.acm.userinterface.angular.AngularResourceCopier - Copying [<HOME>/.arkcase/tmp/node_modules/core-js/library/modules/_invoke.js] to [<HOME>/.arkcase/custom/node_modules/core-js/library/modules/_invoke.js]
[m[36m<TIMESTAMP>,195 [DEBUG] [main] com.armedia.acm.userinterface.angular.AngularResourceCopier - Copying [<HOME>/.arkcase/tmp/node_modules/core-js/library/modules/_core.js] to [<HOME>/.arkcase/custom/node_modules/core-js/library/modules/_core.js]
[m[36m<TIMESTAMP>,195 [DEBUG] [main] com.armedia.acm.userinterface.angular.AngularResourceCopier - Copying [<HOME>/.arkcase/tmp/node_modules/core-js/library/modules/_partial.js] to [<HOME>/.arkcase/custom/node_modules/core-js/library/modules/_partial.js]
[m[36m<TIMESTAMP>,195 [DEBUG] [main] com.armedia.acm.userinterface.angular.AngularResourceCopier - Copying [<HOME>/.arkcase/tmp/node_modules/core-js/library/modules/es6.object.seal.js] to [<HOME>/.arkcase/custom/node_modules/core-js/library/modules/es6.object.seal.js]
[m[36m<TIMESTAMP>,195 [DEBUG] [main] com.armedia.acm.userinterface.angular.AngularResourceCopier - Copying [<HOME>/.arkcase/tmp/node_modules/core-js/library/modules/_to-index.js] to [<HOME>/.arkcase/custom/node_modules/core-js/library/modules/_to-index.js]
[m[36m<TIMESTAMP>,196 [DEBUG] [main] com.armedia.acm.userinterface.angular.AngularResourceCopier - Copying [<HOME>/.arkcase/tmp/node_modules/core-js/library/modules/_for-of.js] to [<HOME>/.arkcase/custom/node_modules/core-js/library/modules/_for-of.js]
[m[36m<TIMESTAMP>,196 [DEBUG] [main] com.armedia.acm.userinterface.angular.AngularResourceCopier - Copying [<HOME>/.arkcase/tmp/node_modules/core-js/library/modules/es6.array.filter.js] to [<HOME>/.arkcase/custom/node_modules/core-js/library/modules/es6.array.filter.js]
[m[36m<TIMESTAMP>,196 [DEBUG] [main] com.armedia.acm.userinterface.angular.AngularResourceCopier - Copying [<HOME>/.arkcase/tmp/node_modules/core-js/library/modules/_object-gopd.js] to [<HOME>/.arkcase/custom/node_modules/core-js/library/modules/_object-gopd.js]
[m[36m<TIMESTAMP>,196 [DEBUG] [main] com.armedia.acm.userinterface.angular.AngularResourceCopier - Copying [<HOME>/.arkcase/tmp/node_modules/core-js/library/modules/es7.reflect.get-metadata.js] to [<HOME>/.arkcase/custom/node_modules/core-js/library/modules/es7.reflect.get-metadata.js]
[m[36m<TIMESTAMP>,196 [DEBUG] [main] com.armedia.acm.userinterface.angular.AngularResourceCopier - Copying [<HOME>/.arkcase/tmp/node_modules/core-js/library/modules/_flags.js] to [<HOME>/.arkcase/custom/node_modules/core-js/library/modules/_flags.js]
[m[36m<TIMESTAMP>,196 [DEBUG] [main] com.armedia.acm.userinterface.angular.AngularResourceCopier - Copying [<HOME>/.arkcase/tmp/node_modules/core-js/library/modules/es6.reflect.get-own-property-descriptor.js] to [<HOME>/.arkcase/custom/node_modules/core-js/library/modules/es6.reflect.get-own-property-descriptor.js]
[m[36m<TIMESTAMP>,197 [DEBUG] [main] com.armedia.acm.userinterface.angular.AngularResourceCopier - Copying [<HOME>/.arkcase/tmp/node_modules/core-js/library/modules/_enum-bug-keys.js] to [<HOME>/.arkcase/custom/node_modules/core-js/library/modules/_enum-bug-keys.js]
[m[36m<TIMESTAMP>,197 [DEBUG] [main] com.armedia.acm.userinterface.angular.AngularResourceCopier - Copying [<HOME>/.arkcase/tmp/node_modules/core-js/library/modules/_string-ws.js] to [<HOME>/.arkcase/custom/node_modules/core-js/library/modules/_string-ws.js]
[m[36m<TIMESTAMP>,197 [DEBUG] [main] com.armedia.acm.userinterface.angular.AngularResourceCopier - Copying [<HOME>/.arkcase/tmp/node_modules/core-js/library/modules/_typed-buffer.js] to [<HOME>/.arkcase/custom/node_modules/core-js/library/modules/_typed-buffer.js]
[m[36m<TIMESTAMP>,197 [DEBUG] [main] com.armedia.acm.userinterface.angular.AngularResourceCopier - Copying [<HOME>/.arkcase/tmp/node_modules/core-js/library/modules/_path.js] to [<HOME>/.arkcase/custom/node_modules/core-js/library/modules/_path.js]
[m[36m<TIMESTAMP>,197 [DEBUG] [main] com.armedia.acm.userinterface.angular.AngularResourceCopier - Copying [<HOME>/.arkcase/tmp/node_modules/core-js/library/modules/_cof.js] to [<HOME>/.arkcase/custom/node_modules/core-js/library/modules/_cof.js]
[m[36m<TIMESTAMP>,197 [DEBUG] [main] com.armedia.acm.userinterface.angular.AngularResourceCopier - Copying [<HOME>/.arkcase/tmp/node_modules/core-js/library/modules/_wks.js] to [<HOME>/.arkcase/custom/node_modules/core-js/library/modules/_wks.js]
[m[36m<TIMESTAMP>,198 [DEBUG] [main] com.armedia.acm.userinterface.angular.AngularResourceCopier - Copying [<HOME>/.arkcase/tmp/node_modules/core-js/library/modules/_object-dps.js] to [<HOME>/.arkcase/custom/node_modules/core-js/library/modules/_object-dps.js]
[m[36m<TIMESTAMP>,198 [DEBUG] [main] com.armedia.acm.userinterface.angular.AngularResourceCopier - Copying [<HOME>/.arkcase/tmp/node_modules/core-js/library/modules/es6.object.get-prototype-of.js] to [<HOME>/.arkcase/custom/node_modules/core-js/library/modules/es6.object.get-prototype-of.js]
[m[36m<TIMESTAMP>,198 [DEBUG] [main] com.armedia.acm.userinterface.angular.AngularResourceCopier - Copying [<HOME>/.arkcase/tmp/node_modules/core-js/library/modules/es7.reflect.define-metadata.js] to [<HOME>/.arkcase/custom/node_modules/core-js/library/modules/es7.reflect.define-metadata.js]
[m[36m<TIMESTAMP>,198 [DEBUG] [main] com.armedia.acm.userinterface.angular.AngularResourceCopier - Copying [<HOME>/.arkcase/tmp/node_modules/core-js/library/modules/_defined.js] to [<HOME>/.arkcase/custom/node_modules/core-js/library/modules/_defined.js]
[m[36m<TIMESTAMP>,199 [DEBUG] [main] com.armedia.acm.userinterface.angular.AngularResourceCopier - Copying [<HOME>/.arkcase/tmp/node_modules/core-js/library/modules/es7.math.imulh.js] to [<HOME>/.arkcase/custom/node_modules/core-js/library/modules/es7.math.imulh.js]
[m[36m<TIMESTAMP>,199 [DEBUG] [main] com.armedia.acm.userinterface.angular.AngularResourceCopier - Copying [<HOME>/.arkcase/tmp/node_modules/core-js/library/modules/es7.error.is-error.js] to [<HOME>/.arkcase/custom/node_modules/core-js/library/modules/es7.error.is-error.js]
[m[36m<TIMESTAMP>,199 [DEBUG] [main] com.armedia.acm.userinterface.angular.AngularResourceCopier - Copying [<HOME>/.arkcase/tmp/node_modules/core-js/library/modules/es7.string.at.js] to [<HOME>/.arkcase/custom/node_modules/core-js/library/modules/es7.string.at.js]
[m[36m<TIMESTAMP>,199 [DEBUG] [main] com.armedia.acm.userinterface.angular.AngularResourceCopier - Copying [<HOME>/.arkcase/tmp/node_modules/core-js/library/modules/_bind.js] to [<HOME>/.arkcase/custom/node_modules/core-js/library/modules/_bind.js]
[m[36m<TIMESTAMP>,199 [DEBUG] [main] com.armedia.acm.userinterface.angular.AngularResourceCopier - Copying [<HOME>/.arkcase/tmp/node_modules/core-js/library/modules/es6.array.sort.js] to [<HOME>/.arkcase/custom/node_modules/core-js/library/modules/es6.array.sort.js]
[m[36m<TIMESTAMP>,200 [DEBUG] [main] com.armedia.acm.userinterface.angular.AngularResourceCopier - Copying [<HOME>/.arkcase/tmp/node_modules/core-js/library/modules/_set-species.js] to [<HOME>/.arkcase/custom/node_modules/core-js/library/modules/_set-species.js]
[m[36m<TIMESTAMP>,200 [DEBUG] [main] com.armedia.acm.userinterface.angular.AngularResourceCopier - Copying [<HOME>/.arkcase/tmp/node_modules/core-js/library/modules/_to-length.js] to [<HOME>/.arkcase/custom/node_modules/core-js/library/modules/_to-length.js]
[m[36m<TIMESTAMP>,200 [DEBUG] [main] com.armedia.acm.userinterface.angular.AngularResourceCopier - Copying [<HOME>/.arkcase/tmp/node_modules/core-js/library/modules/es6.math.acosh.js] to [<HOME>/.arkcase/custom/node_modules/core-js/library/modules/es6.math.acosh.js]
[m[36m<TIMESTAMP>,200 [DEBUG] [main] com.armedia.acm.userinterface.angular.AngularResourceCopier - Copying [<HOME>/.arkcase/tmp/node_modules/core-js/library/modules/es6.string.repeat.js] to [<HOME>/.arkcase/custom/node_modules/core-js/library/modules/es6.string.repeat.js]
[m[36m<TIMESTAMP>,201 [DEBUG] [main] com.armedia.acm.userinterface.angular.AngularResourceCopier - Copying [<HOME>/.arkcase/tmp/node_modules/core-js/library/modules/es7.set.of.js] to [<HOME>/.arkcase/custom/node_modules/core-js/library/modules/es7.set.of.js]
[m[36m<TIMESTAMP>,201 [DEBUG] [main] com.armedia.acm.userinterface.angular.AngularResourceCopier - Copying [<HOME>/.arkcase/tmp/node_modules/core-js/library/modules/es6.string.anchor.js] to [<HOME>/.arkcase/custom/node_modules/core-js/library/modules/es6.string.anchor.js]
[m[36m<TIMESTAMP>,201 [DEBUG] [main] com.armedia.acm.userinterface.angular.AngularResourceCopier - Copying [<HOME>/.arkcase/tmp/node_modules/core-js/library/modules/_is-integer.js] to [<HOME>/.arkcase/custom/node_modules/core-js/library/modules/_is-integer.js]
[m[36m<TIMESTAMP>,202 [DEBUG] [main] com.armedia.acm.userinterface.angular.AngularResourceCopier - Copying [<HOME>/.arkcase/tmp/node_modules/core-js/library/modules/_advance-string-index.js] to [<HOME>/.arkcase/custom/node_modules/core-js/library/modules/_advance-string-index.js]
[m[36m<TIMESTAMP>,202 [DEBUG] [main] com.armedia.acm.userinterface.angular.AngularResourceCopier - Copying [<HOME>/.arkcase/tmp/node_modules/core-js/library/modules/es6.math.cosh.js] to [<HOME>/.arkcase/custom/node_modules/core-js/library/modules/es6.math.cosh.js]
[m[36m<TIMESTAMP>,202 [DEBUG] [main] com.armedia.acm.userinterface.angular.AngularResourceCopier - Copying [<HOME>/.arkcase/tmp/node_modules/core-js/library/modules/es6.math.atanh.js] to [<HOME>/.arkcase/custom/node_modules/core-js/library/modules/es6.math.atanh.js]
[m[36m<TIMESTAMP>,202 [DEBUG] [main] com.armedia.acm.userinterface.angular.AngularResourceCopier - Copying [<HOME>/.arkcase/tmp/node_modules/core-js/library/modules/es6.promise.js] to [<HOME>/.arkcase/custom/node_modules/core-js/library/modules/es6.promise.js]
[m[36m<TIMESTAMP>,203 [DEBUG] [main] com.armedia.acm.userinterface.angular.AngularResourceCopier - Copying [<HOME>/.arkcase/tmp/node_modules/core-js/library/modules/es6.reflect.has.js] to [<HOME>/.arkcase/custom/node_modules/core-js/library/modules/es6.reflect.has.js]
[m[36m<TIMESTAMP>,203 [DEBUG] [main] com.armedia.acm.userinterface.angular.AngularResourceCopier - Copying [<HOME>/.arkcase/tmp/node_modules/core-js/library/modules/es6.reflect.construct.js] to [<HOME>/.arkcase/custom/node_modules/core-js/library/modules/es6.reflect.construct.js]
[m[36m<TIMESTAMP>,203 [DEBUG] [main] com.armedia.acm.userinterface.angular.AngularResourceCopier - Copying [<HOME>/.arkcase/tmp/node_modules/core-js/library/modules/_object-pie.js] to [<HOME>/.arkcase/custom/node_modules/core-js/library/modules/_object-pie.js]
[m[36m<TIMESTAMP>,203 [DEBUG] [main] com.armedia.acm.userinterface.angular.AngularResourceCopier - Copying [<HOME>/.arkcase/tmp/node_modules/core-js/library/modules/es6.array.find-index.js] to [<HOME>/.arkcase/custom/node_modules/core-js/library/modules/es6.array.find-index.js]
[m[36m<TIMESTAMP>,204 [DEBUG] [main] com.armedia.acm.userinterface.angular.AngularResourceCopier - Copying [<HOME>/.arkcase/tmp/node_modules/core-js/library/modules/_to-integer.js] to [<HOME>/.arkcase/custom/node_modules/core-js/library/modules/_to-integer.js]
[m[36m<TIMESTAMP>,204 [DEBUG] [main] com.armedia.acm.userinterface.angular.AngularResourceCopier - Copying [<HOME>/.arkcase/tmp/node_modules/core-js/library/modules/_same-value.js] to [<HOME>/.arkcase/custom/node_modules/core-js/library/modules/_same-value.js]
[m[36m<TIMESTAMP>,204 [DEBUG] [main] com.armedia.acm.userinterface.angular.AngularResourceCopier - Copying [<HOME>/.arkcase/tmp/node_modules/core-js/library/modules/es7.weak-set.from.js] to [<HOME>/.arkcase/custom/node_modules/core-js/library/modules/es7.weak-set.from.js]
[m[36m<TIMESTAMP>,204 [DEBUG] [main] com.armedia.acm.userinterface.angular.AngularResourceCopier - Copying [<HOME>/.arkcase/tmp/node_modules/core-js/library/modules/es6.regexp.exec.js] to [<HOME>/.arkcase/custom/node_modules/core-js/library/modules/es6.regexp.exec.js]
[m[36m<TIMESTAMP>,205 [DEBUG] [main] com.armedia.acm.userinterface.angular.AngularResourceCopier - Copying [<HOME>/.arkcase/tmp/node_modules/core-js/library/modules/_math-log1p.js] to [<HOME>/.arkcase/custom/node_modules/core-js/library/modules/_math-log1p.js]
[m[36m<TIMESTAMP>,205 [DEBUG] [main] com.armedia.acm.userinterface.angular.AngularResourceCopier - Copying [<HOME>/.arkcase/tmp/node_modules/core-js/library/modules/es6.string.sup.js] to [<HOME>/.arkcase/custom/node_modules/core-js/library/modules/es6.string.sup.js]
[m[36m<TIMESTAMP>,205 [DEBUG] [main] com.armedia.acm.userinterface.angular.AngularResourceCopier - Copying [<HOME>/.arkcase/tmp/node_modules/core-js/library/modules/_array-includes.js] to [<HOME>/.arkcase/custom/node_modules/core-js/library/modules/_array-includes.js]
[m[36m<TIMESTAMP>,205 [DEBUG] [main] com.armedia.acm.userinterface.angular.AngularResourceCopier - Copying [<HOME>/.arkcase/tmp/node_modules/core-js/library/modules/es6.reflect.get-prototype-of.js] to [<HOME>/.arkcase/custom/node_modules/core-js/library/modules/es6.reflect.get-prototype-of.js]
[m[36m<TIMESTAMP>,205 [DEBUG] [main] com.armedia.acm.userinterface.angular.AngularResourceCopier - Copying [<HOME>/.arkcase/tmp/node_modules/core-js/library/modules/_iter-call.js] to [<HOME>/.arkcase/custom/node_modules/core-js/library/modules/_iter-call.js]
[m[36m<TIMESTAMP>,206 [DEBUG] [main] com.armedia.acm.userinterface.angular.AngularResourceCopier - Copying [<HOME>/.arkcase/tmp/node_modules/core-js/library/modules/es6.string.small.js] to [<HOME>/.arkcase/custom/node_modules/core-js/library/modules/es6.string.small.js]
[m[36m<TIMESTAMP>,206 [DEBUG] [main] com.armedia.acm.userinterface.angular.AngularResourceCopier - Copying [<HOME>/.arkcase/tmp/node_modules/core-js/library/modules/_array-from-iterable.js] to [<HOME>/.arkcase/custom/node_modules/core-js/library/modules/_array-from-iterable.js]
[m[36m<TIMESTAMP>,206 [DEBUG] [main] com.armedia.acm.userinterface.angular.AngularResourceCopier - Copying [<HOME>/.arkcase/tmp/node_modules/core-js/library/modules/es6.array.every.js] to [<HOME>/.arkcase/custom/node_modules/core-js/library/modules/es6.array.every.js]
[m[36m<TIMESTAMP>,206 [DEBUG] [main] com.armedia.acm.userinterface.angular.AngularResourceCopier - Copying [<HOME>/.arkcase/tmp/node_modules/core-js/library/modules/core.is-iterable.js] to [<HOME>/.arkcase/custom/node_modules/core-js/library/modules/core.is-iterable.js]
[m[36m<TIMESTAMP>,207 [DEBUG] [main] com.armedia.acm.userinterface.angular.AngularResourceCopier - Copying [<HOME>/.arkcase/tmp/node_modules/core-js/library/modules/_promise-resolve.js] to [<HOME>/.arkcase/custom/node_modules/core-js/library/modules/_promise-resolve.js]
[m[36m<TIMESTAMP>,207 [DEBUG] [main] com.armedia.acm.userinterface.angular.AngularResourceCopier - Copying [<HOME>/.arkcase/tmp/node_modules/core-js/library/modules/_library.js] to [<HOME>/.arkcase/custom/node_modules/core-js/library/modules/_library.js]
[m[36m<TIMESTAMP>,207 [DEBUG] [main] com.armedia.acm.userinterface.angular.AngularResourceCopier - Copying [<HOME>/.arkcase/tmp/node_modules/core-js/library/modules/_species-constructor.js] to [<HOME>/.arkcase/custom/node_modules/core-js/library/modules/_species-constructor.js]
[m[36m<TIMESTAMP>,208 [DEBUG] [main] com.armedia.acm.userinterface.angular.AngularResourceCopier - Copying [<HOME>/.arkcase/tmp/node_modules/core-js/library/modules/es6.reflect.apply.js] to [<HOME>/.arkcase/custom/node_modules/core-js/library/modules/es6.reflect.apply.js]
[m[36m<TIMESTAMP>,208 [DEBUG] [main] com.armedia.acm.userinterface.angular.AngularResourceCopier - Copying [<HOME>/.arkcase/tmp/node_modules/core-js/library/modules/_redefine-all.js] to [<HOME>/.arkcase/custom/node_modules/core-js/library/modules/_redefine-all.js]
[m[36m<TIMESTAMP>,208 [DEBUG] [main] com.armedia.acm.userinterface.angular.AngularResourceCopier - Copying [<HOME>/.arkcase/tmp/node_modules/core-js/library/modules/_string-repeat.js] to [<HOME>/.arkcase/custom/node_modules/core-js/library/modules/_string-repeat.js]
[m[36m<TIMESTAMP>,208 [DEBUG] [main] com.armedia.acm.userinterface.angular.AngularResourceCopier - Copying [<HOME>/.arkcase/tmp/node_modules/core-js/library/modules/es6.function.has-instance.js] to [<HOME>/.arkcase/custom/node_modules/core-js/library/modules/es6.function.has-instance.js]
[m[36m<TIMESTAMP>,209 [DEBUG] [main] com.armedia.acm.userinterface.angular.AngularResourceCopier - Copying [<HOME>/.arkcase/tmp/node_modules/core-js/library/modules/core.string.escape-html.js] to [<HOME>/.arkcase/custom/node_modules/core-js/library/modules/core.string.escape-html.js]
[m[36m<TIMESTAMP>,209 [DEBUG] [main] com.armedia.acm.userinterface.angular.AngularResourceCopier - Copying [<HOME>/.arkcase/tmp/node_modules/core-js/library/modules/es6.symbol.js] to [<HOME>/.arkcase/custom/node_modules/core-js/library/modules/es6.symbol.js]
[m[36m<TIMESTAMP>,209 [DEBUG] [main] com.armedia.acm.userinterface.angular.AngularResourceCopier - Copying [<HOME>/.arkcase/tmp/node_modules/core-js/library/modules/es6.string.link.js] to [<HOME>/.arkcase/custom/node_modules/core-js/library/modules/es6.string.link.js]
[m[36m<TIMESTAMP>,209 [DEBUG] [main] com.armedia.acm.userinterface.angular.AngularResourceCopier - Copying [<HOME>/.arkcase/tmp/node_modules/core-js/library/modules/es6.object.define-property.js] to [<HOME>/.arkcase/custom/node_modules/core-js/library/modules/es6.object.define-property.js]
[m[36m<TIMESTAMP>,210 [DEBUG] [main] com.armedia.acm.userinterface.angular.AngularResourceCopier - Copying [<HOME>/.arkcase/tmp/node_modules/core-js/library/modules/_parse-int.js] to [<HOME>/.arkcase/custom/node_modules/core-js/library/modules/_parse-int.js]
[m[36m<TIMESTAMP>,210 [DEBUG] [main] com.armedia.acm.userinterface.angular.AngularResourceCopier - Copying [<HOME>/.arkcase/tmp/node_modules/core-js/library/modules/es6.typed.float64-array.js] to [<HOME>/.arkcase/custom/node_modules/core-js/library/modules/es6.typed.float64-array.js]
[m[36m<TIMESTAMP>,210 [DEBUG] [main] com.armedia.acm.userinterface.angular.AngularResourceCopier - Copying [<HOME>/.arkcase/tmp/node_modules/core-js/library/modules/_object-gopn-ext.js] to [<HOME>/.arkcase/custom/node_modules/core-js/library/modules/_object-gopn-ext.js]
[m[36m<TIMESTAMP>,210 [DEBUG] [main] com.armedia.acm.userinterface.angular.AngularResourceCopier - Copying [<HOME>/.arkcase/tmp/node_modules/core-js/library/modules/es6.array.of.js] to [<HOME>/.arkcase/custom/node_modules/core-js/library/modules/es6.array.of.js]
[m[36m<TIMESTAMP>,211 [DEBUG] [main] com.armedia.acm.userinterface.angular.AngularResourceCopier - Copying [<HOME>/.arkcase/tmp/node_modules/core-js/library/modules/_fix-re-wks.js] to [<HOME>/.arkcase/custom/node_modules/core-js/library/modules/_fix-re-wks.js]
[m[36m<TIMESTAMP>,211 [DEBUG] [main] com.armedia.acm.userinterface.angular.AngularResourceCopier - Copying [<HOME>/.arkcase/tmp/node_modules/core-js/library/modules/es7.observable.js] to [<HOME>/.arkcase/custom/node_modules/core-js/library/modules/es7.observable.js]
[m[36m<TIMESTAMP>,211 [DEBUG] [main] com.armedia.acm.userinterface.angular.AngularResourceCopier - Copying [<HOME>/.arkcase/tmp/node_modules/core-js/library/modules/es6.math.clz32.js] to [<HOME>/.arkcase/custom/node_modules/core-js/library/modules/es6.math.clz32.js]
[m[36m<TIMESTAMP>,212 [DEBUG] [main] com.armedia.acm.userinterface.angular.AngularResourceCopier - Copying [<HOME>/.arkcase/tmp/node_modules/core-js/library/modules/core.get-iterator-method.js] to [<HOME>/.arkcase/custom/node_modules/core-js/library/modules/core.get-iterator-method.js]
[m[36m<TIMESTAMP>,212 [DEBUG] [main] com.armedia.acm.userinterface.angular.AngularResourceCopier - Copying [<HOME>/.arkcase/tmp/node_modules/core-js/library/modules/es7.reflect.get-own-metadata-keys.js] to [<HOME>/.arkcase/custom/node_modules/core-js/library/modules/es7.reflect.get-own-metadata-keys.js]
[m[36m<TIMESTAMP>,212 [DEBUG] [main] com.armedia.acm.userinterface.angular.AngularResourceCopier - Copying [<HOME>/.arkcase/tmp/node_modules/core-js/library/modules/es6.string.fontsize.js] to [<HOME>/.arkcase/custom/node_modules/core-js/library/modules/es6.string.fontsize.js]
[m[36m<TIMESTAMP>,212 [DEBUG] [main] com.armedia.acm.userinterface.angular.AngularResourceCopier - Copying [<HOME>/.arkcase/tmp/node_modules/core-js/library/modules/es6.string.fixed.js] to [<HOME>/.arkcase/custom/node_modules/core-js/library/modules/es6.string.fixed.js]
[m[36m<TIMESTAMP>,212 [DEBUG] [main] com.armedia.acm.userinterface.angular.AngularResourceCopier - Copying [<HOME>/.arkcase/tmp/node_modules/core-js/library/modules/_shared-key.js] to [<HOME>/.arkcase/custom/node_modules/core-js/library/modules/_shared-key.js]
[m[36m<TIMESTAMP>,212 [DEBUG] [main] com.armedia.acm.userinterface.angular.AngularResourceCopier - Copying [<HOME>/.arkcase/tmp/node_modules/core-js/library/modules/_set-collection-from.js] to [<HOME>/.arkcase/custom/node_modules/core-js/library/modules/_set-collection-from.js]
[m[36m<TIMESTAMP>,213 [DEBUG] [main] com.armedia.acm.userinterface.angular.AngularResourceCopier - Copying [<HOME>/.arkcase/tmp/node_modules/core-js/library/modules/_metadata.js] to [<HOME>/.arkcase/custom/node_modules/core-js/library/modules/_metadata.js]
[m[36m<TIMESTAMP>,213 [DEBUG] [main] com.armedia.acm.userinterface.angular.AngularResourceCopier - Copying [<HOME>/.arkcase/tmp/node_modules/core-js/library/modules/es6.math.fround.js] to [<HOME>/.arkcase/custom/node_modules/core-js/library/modules/es6.math.fround.js]
[m[36m<TIMESTAMP>,213 [DEBUG] [main] com.armedia.acm.userinterface.angular.AngularResourceCopier - Copying [<HOME>/.arkcase/tmp/node_modules/core-js/library/modules/es6.string.ends-with.js] to [<HOME>/.arkcase/custom/node_modules/core-js/library/modules/es6.string.ends-with.js]
[m[36m<TIMESTAMP>,213 [DEBUG] [main] com.armedia.acm.userinterface.angular.AngularResourceCopier - Copying [<HOME>/.arkcase/tmp/node_modules/core-js/library/modules/es7.math.radians.js] to [<HOME>/.arkcase/custom/node_modules/core-js/library/modules/es7.math.radians.js]
[m[36m<TIMESTAMP>,213 [DEBUG] [main] com.armedia.acm.userinterface.angular.AngularResourceCopier - Copying [<HOME>/.arkcase/tmp/node_modules/core-js/library/modules/es7.math.deg-per-rad.js] to [<HOME>/.arkcase/custom/node_modules/core-js/library/modules/es7.math.deg-per-rad.js]
[m[36m<TIMESTAMP>,213 [DEBUG] [main] com.armedia.acm.userinterface.angular.AngularResourceCopier - Copying [<HOME>/.arkcase/tmp/node_modules/core-js/library/modules/es6.string.italics.js] to [<HOME>/.arkcase/custom/node_modules/core-js/library/modules/es6.string.italics.js]
[m[36m<TIMESTAMP>,213 [DEBUG] [main] com.armedia.acm.userinterface.angular.AngularResourceCopier - Copying [<HOME>/.arkcase/tmp/node_modules/core-js/library/modules/es7.math.iaddh.js] to [<HOME>/.arkcase/custom/node_modules/core-js/library/modules/es7.math.iaddh.js]
[m[36m<TIMESTAMP>,214 [DEBUG] [main] com.armedia.acm.userinterface.angular.AngularResourceCopier - Copying [<HOME>/.arkcase/tmp/node_modules/core-js/library/modules/es6.string.from-code-point.js] to [<HOME>/.arkcase/custom/node_modules/core-js/library/modules/es6.string.from-code-point.js]
[m[36m<TIMESTAMP>,251 [DEBUG] [main] com.armedia.acm.userinterface.angular.AngularResourceCopier - Copying [<HOME>/.arkcase/tmp/node_modules/core-js/library/modules/es6.object.is.js] to [<HOME>/.arkcase/custom/node_modules/core-js/library/modules/es6.object.is.js]
[m[36m<TIMESTAMP>,251 [DEBUG] [main] com.armedia.acm.userinterface.angular.AngularResourceCopier - Copying [<HOME>/.arkcase/tmp/node_modules/core-js/library/modules/es6.object.get-own-property-descriptor.js] to [<HOME>/.arkcase/custom/node_modules/core-js/library/modules/es6.object.get-own-property-descriptor.js]
[m[36m<TIMESTAMP>,251 [DEBUG] [main] com.armedia.acm.userinterface.angular.AngularResourceCopier - Copying [<HOME>/.arkcase/tmp/node_modules/core-js/library/modules/es6.typed.uint16-array.js] to [<HOME>/.arkcase/custom/node_modules/core-js/library/modules/es6.typed.uint16-array.js]
[m[36m<TIMESTAMP>,251 [DEBUG] [main] com.armedia.acm.userinterface.angular.AngularResourceCopier - Copying [<HOME>/.arkcase/tmp/node_modules/core-js/library/modules/es6.date.to-json.js] to [<HOME>/.arkcase/custom/node_modules/core-js/library/modules/es6.date.to-json.js]
[m[36m<TIMESTAMP>,251 [DEBUG] [main] com.armedia.acm.userinterface.angular.AngularResourceCopier - Copying [<HOME>/.arkcase/tmp/node_modules/core-js/library/modules/es6.string.sub.js] to [<HOME>/.arkcase/custom/node_modules/core-js/library/modules/es6.string.sub.js]
[m[36m<TIMESTAMP>,251 [DEBUG] [main] com.armedia.acm.userinterface.angular.AngularResourceCopier - Copying [<HOME>/.arkcase/tmp/node_modules/core-js/library/modules/es6.object.keys.js] to [<HOME>/.arkcase/custom/node_modules/core-js/library/modules/es6.object.keys.js]
[m[36m<TIMESTAMP>,252 [DEBUG] [main] com.armedia.acm.userinterface.angular.AngularResourceCopier - Copying [<HOME>/.arkcase/tmp/node_modules/core-js/library/modules/es6.number.max-safe-integer.js] to [<HOME>/.arkcase/custom/node_modules/core-js/library/modules/es6.number.max-safe-integer.js]
[m[36m<TIMESTAMP>,252 [DEBUG] [main] com.armedia.acm.userinterface.angular.AngularResourceCopier - Copying [<HOME>/.arkcase/tmp/node_modules/core-js/library/modules/_set-collection-of.js] to [<HOME>/.arkcase/custom/node_modules/core-js/library/modules/_set-collection-of.js]
[m[36m<TIMESTAMP>,252 [DEBUG] [main] com.armedia.acm.userinterface.angular.AngularResourceCopier - Copying [<HOME>/.arkcase/tmp/node_modules/core-js/library/modules/es6.array.for-each.js] to [<HOME>/.arkcase/custom/node_modules/core-js/library/modules/es6.array.for-each.js]
[m[36m<TIMESTAMP>,252 [DEBUG] [main] com.armedia.acm.userinterface.angular.AngularResourceCopier - Copying [<HOME>/.arkcase/tmp/node_modules/core-js/library/modules/_perform.js] to [<HOME>/.arkcase/custom/node_modules/core-js/library/modules/_perform.js]
[m[36m<TIMESTAMP>,252 [DEBUG] [main] com.armedia.acm.userinterface.angular.AngularResourceCopier - Copying [<HOME>/.arkcase/tmp/node_modules/core-js/library/modules/_is-object.js] to [<HOME>/.arkcase/custom/node_modules/core-js/library/modules/_is-object.js]
[m[36m<TIMESTAMP>,253 [DEBUG] [main] com.armedia.acm.userinterface.angular.AngularResourceCopier - Copying [<HOME>/.arkcase/tmp/node_modules/core-js/library/modules/core.number.iterator.js] to [<HOME>/.arkcase/custom/node_modules/core-js/library/modules/core.number.iterator.js]
[m[36m<TIMESTAMP>,253 [DEBUG] [main] com.armedia.acm.userinterface.angular.AngularResourceCopier - Copying [<HOME>/.arkcase/tmp/node_modules/core-js/library/modules/_regexp-exec.js] to [<HOME>/.arkcase/custom/node_modules/core-js/library/modules/_regexp-exec.js]
[m[36m<TIMESTAMP>,253 [DEBUG] [main] com.armedia.acm.userinterface.angular.AngularResourceCopier - Copying [<HOME>/.arkcase/tmp/node_modules/core-js/library/modules/_typed-array.js] to [<HOME>/.arkcase/custom/node_modules/core-js/library/modules/_typed-array.js]
[m[36m<TIMESTAMP>,254 [DEBUG] [main] com.armedia.acm.userinterface.angular.AngularResourceCopier - Copying [<HOME>/.arkcase/tmp/node_modules/core-js/library/modules/es7.object.lookup-getter.js] to [<HOME>/.arkcase/custom/node_modules/core-js/library/modules/es7.object.lookup-getter.js]
[m[36m<TIMESTAMP>,254 [DEBUG] [main] com.armedia.acm.userinterface.angular.AngularResourceCopier - Copying [<HOME>/.arkcase/tmp/node_modules/core-js/library/modules/es6.array.from.js] to [<HOME>/.arkcase/custom/node_modules/core-js/library/modules/es6.array.from.js]
[m[36m<TIMESTAMP>,254 [DEBUG] [main] com.armedia.acm.userinterface.angular.AngularResourceCopier - Copying [<HOME>/.arkcase/tmp/node_modules/core-js/library/modules/es6.number.to-fixed.js] to [<HOME>/.arkcase/custom/node_modules/core-js/library/modules/es6.number.to-fixed.js]
[m[36m<TIMESTAMP>,254 [DEBUG] [main] com.armedia.acm.userinterface.angular.AngularResourceCopier - Copying [<HOME>/.arkcase/tmp/node_modules/core-js/library/modules/core.object.make.js] to [<HOME>/.arkcase/custom/node_modules/core-js/library/modules/core.object.make.js]
[m[36m<TIMESTAMP>,254 [DEBUG] [main] com.armedia.acm.userinterface.angular.AngularResourceCopier - Copying [<HOME>/.arkcase/tmp/node_modules/core-js/library/modules/web.immediate.js] to [<HOME>/.arkcase/custom/node_modules/core-js/library/modules/web.immediate.js]
[m[36m<TIMESTAMP>,255 [DEBUG] [main] com.armedia.acm.userinterface.angular.AngularResourceCopier - Copying [<HOME>/.arkcase/tmp/node_modules/core-js/library/modules/es7.symbol.async-iterator.js] to [<HOME>/.arkcase/custom/node_modules/core-js/library/modules/es7.symbol.async-iterator.js]
[m[36m<TIMESTAMP>,255 [DEBUG] [main] com.armedia.acm.userinterface.angular.AngularResourceCopier - Copying [<HOME>/.arkcase/tmp/node_modules/core-js/library/modules/es6.date.to-primitive.js] to [<HOME>/.arkcase/custom/node_modules/core-js/library/modules/es6.date.to-primitive.js]
[m[36m<TIMESTAMP>,255 [DEBUG] [main] com.armedia.acm.userinterface.angular.AngularResourceCopier - Copying [<HOME>/.arkcase/tmp/node_modules/core-js/library/modules/es6.math.sinh.js] to [<HOME>/.arkcase/custom/node_modules/core-js/library/modules/es6.math.sinh.js]
[m[36m<TIMESTAMP>,255 [DEBUG] [main] com.armedia.acm.userinterface.angular.AngularResourceCopier - Copying [<HOME>/.arkcase/tmp/node_modules/core-js/library/modules/es6.number.is-safe-integer.js] to [<HOME>/.arkcase/custom/node_modules/core-js/library/modules/es6.number.is-safe-integer.js]
[m[36m<TIMESTAMP>,255 [DEBUG] [main] com.armedia.acm.userinterface.angular.AngularResourceCopier - Copying [<HOME>/.arkcase/tmp/node_modules/core-js/library/modules/_add-to-unscopables.js] to [<HOME>/.arkcase/custom/node_modules/core-js/library/modules/_add-to-unscopables.js]
[m[36m<TIMESTAMP>,255 [DEBUG] [main] com.armedia.acm.userinterface.angular.AngularResourceCopier - Copying [<HOME>/.arkcase/tmp/node_modules/core-js/library/modules/es7.map.from.js] to [<HOME>/.arkcase/custom/node_modules/core-js/library/modules/es7.map.from.js]
[m[36m<TIMESTAMP>,255 [DEBUG] [main] com.armedia.acm.userinterface.angular.AngularResourceCopier - Copying [<HOME>/.arkcase/tmp/node_modules/core-js/library/modules/es7.asap.js] to [<HOME>/.arkcase/custom/node_modules/core-js/library/modules/es7.asap.js]
[m[36m<TIMESTAMP>,255 [DEBUG] [main] com.armedia.acm.userinterface.angular.AngularResourceCopier - Copying [<HOME>/.arkcase/tmp/node_modules/core-js/library/modules/core.string.unescape-html.js] to [<HOME>/.arkcase/custom/node_modules/core-js/library/modules/core.string.unescape-html.js]
[m[36m<TIMESTAMP>,256 [DEBUG] [main] com.armedia.acm.userinterface.angular.AngularResourceCopier - Copying [<HOME>/.arkcase/tmp/node_modules/core-js/library/modules/es6.number.parse-float.js] to [<HOME>/.arkcase/custom/node_modules/core-js/library/modules/es6.number.parse-float.js]
[m[36m<TIMESTAMP>,256 [DEBUG] [main] com.armedia.acm.userinterface.angular.AngularResourceCopier - Copying [<HOME>/.arkcase/tmp/node_modules/core-js/library/modules/es6.math.asinh.js] to [<HOME>/.arkcase/custom/node_modules/core-js/library/modules/es6.math.asinh.js]
[m[36m<TIMESTAMP>,256 [DEBUG] [main] com.armedia.acm.userinterface.angular.AngularResourceCopier - Copying [<HOME>/.arkcase/tmp/node_modules/core-js/library/modules/es7.object.values.js] to [<HOME>/.arkcase/custom/node_modules/core-js/library/modules/es7.object.values.js]
[m[36m<TIMESTAMP>,256 [DEBUG] [main] com.armedia.acm.userinterface.angular.AngularResourceCopier - Copying [<HOME>/.arkcase/tmp/node_modules/core-js/library/modules/_string-pad.js] to [<HOME>/.arkcase/custom/node_modules/core-js/library/modules/_string-pad.js]
[m[36m<TIMESTAMP>,256 [DEBUG] [main] com.armedia.acm.userinterface.angular.AngularResourceCopier - Copying [<HOME>/.arkcase/tmp/node_modules/core-js/library/modules/_iterators.js] to [<HOME>/.arkcase/custom/node_modules/core-js/library/modules/_iterators.js]
[m[36m<TIMESTAMP>,256 [DEBUG] [main] com.armedia.acm.userinterface.angular.AngularResourceCopier - Copying [<HOME>/.arkcase/tmp/node_modules/core-js/library/modules/_validate-collection.js] to [<HOME>/.arkcase/custom/node_modules/core-js/library/modules/_validate-collection.js]
[m[36m<TIMESTAMP>,256 [DEBUG] [main] com.armedia.acm.userinterface.angular.AngularResourceCopier - Copying [<HOME>/.arkcase/tmp/node_modules/core-js/library/modules/es6.array.iterator.js] to [<HOME>/.arkcase/custom/node_modules/core-js/library/modules/es6.array.iterator.js]
[m[36m<TIMESTAMP>,257 [DEBUG] [main] com.armedia.acm.userinterface.angular.AngularResourceCopier - Copying [<HOME>/.arkcase/tmp/node_modules/core-js/library/modules/es7.promise.finally.js] to [<HOME>/.arkcase/custom/node_modules/core-js/library/modules/es7.promise.finally.js]
[m[36m<TIMESTAMP>,257 [DEBUG] [main] com.armedia.acm.userinterface.angular.AngularResourceCopier - Copying [<HOME>/.arkcase/tmp/node_modules/core-js/library/modules/core.dict.js] to [<HOME>/.arkcase/custom/node_modules/core-js/library/modules/core.dict.js]
[m[36m<TIMESTAMP>,257 [DEBUG] [main] com.armedia.acm.userinterface.angular.AngularResourceCopier - Copying [<HOME>/.arkcase/tmp/node_modules/core-js/library/modules/_object-gops.js] to [<HOME>/.arkcase/custom/node_modules/core-js/library/modules/_object-gops.js]
[m[36m<TIMESTAMP>,257 [DEBUG] [main] com.armedia.acm.userinterface.angular.AngularResourceCopier - Copying [<HOME>/.arkcase/tmp/node_modules/core-js/library/modules/es6.array.find.js] to [<HOME>/.arkcase/custom/node_modules/core-js/library/modules/es6.array.find.js]
[m[36m<TIMESTAMP>,257 [DEBUG] [main] com.armedia.acm.userinterface.angular.AngularResourceCopier - Copying [<HOME>/.arkcase/tmp/node_modules/core-js/library/modules/es7.array.flat-map.js] to [<HOME>/.arkcase/custom/node_modules/core-js/library/modules/es7.array.flat-map.js]
[m[36m<TIMESTAMP>,257 [DEBUG] [main] com.armedia.acm.userinterface.angular.AngularResourceCopier - Copying [<HOME>/.arkcase/tmp/node_modules/core-js/library/modules/_entry-virtual.js] to [<HOME>/.arkcase/custom/node_modules/core-js/library/modules/_entry-virtual.js]
[m[36m<TIMESTAMP>,261 [DEBUG] [main] com.armedia.acm.userinterface.angular.AngularResourceCopier - Copying [<HOME>/.arkcase/tmp/node_modules/core-js/library/modules/_meta.js] to [<HOME>/.arkcase/custom/node_modules/core-js/library/modules/_meta.js]
[m[36m<TIMESTAMP>,261 [DEBUG] [main] com.armedia.acm.userinterface.angular.AngularResourceCopier - Copying [<HOME>/.arkcase/tmp/node_modules/core-js/library/modules/es7.object.entries.js] to [<HOME>/.arkcase/custom/node_modules/core-js/library/modules/es7.object.entries.js]
[m[36m<TIMESTAMP>,261 [DEBUG] [main] com.armedia.acm.userinterface.angular.AngularResourceCopier - Copying [<HOME>/.arkcase/tmp/node_modules/core-js/library/modules/es5.js] to [<HOME>/.arkcase/custom/node_modules/core-js/library/modules/es5.js]
[m[36m<TIMESTAMP>,262 [DEBUG] [main] com.armedia.acm.userinterface.angular.AngularResourceCopier - Copying [<HOME>/.arkcase/tmp/node_modules/core-js/library/modules/_microtask.js] to [<HOME>/.arkcase/custom/node_modules/core-js/library/modules/_microtask.js]
[m[36m<TIMESTAMP>,262 [DEBUG] [main] com.armedia.acm.userinterface.angular.AngularResourceCopier - Copying [<HOME>/.arkcase/tmp/node_modules/core-js/library/modules/_object-create.js] to [<HOME>/.arkcase/custom/node_modules/core-js/library/modules/_object-create.js]
[m[36m<TIMESTAMP>,262 [DEBUG] [main] com.armedia.acm.userinterface.angular.AngularResourceCopier - Copying [<HOME>/.arkcase/tmp/node_modules/core-js/library/modules/es6.reflect.own-keys.js] to [<HOME>/.arkcase/custom/node_modules/core-js/library/modules/es6.reflect.own-keys.js]
[m[36m<TIMESTAMP>,262 [DEBUG] [main] com.armedia.acm.userinterface.angular.AngularResourceCopier - Copying [<HOME>/.arkcase/tmp/node_modules/core-js/library/modules/_is-regexp.js] to [<HOME>/.arkcase/custom/node_modules/core-js/library/modules/_is-regexp.js]
[m[36m<TIMESTAMP>,263 [DEBUG] [main] com.armedia.acm.userinterface.angular.AngularResourceCopier - Copying [<HOME>/.arkcase/tmp/node_modules/core-js/library/modules/es6.typed.uint32-array.js] to [<HOME>/.arkcase/custom/node_modules/core-js/library/modules/es6.typed.uint32-array.js]
[m[36m<TIMESTAMP>,263 [DEBUG] [main] com.armedia.acm.userinterface.angular.AngularResourceCopier - Copying [<HOME>/.arkcase/tmp/node_modules/core-js/library/modules/core.object.is-object.js] to [<HOME>/.arkcase/custom/node_modules/core-js/library/modules/core.object.is-object.js]
[m[36m<TIMESTAMP>,263 [DEBUG] [main] com.armedia.acm.userinterface.angular.AngularResourceCopier - Copying [<HOME>/.arkcase/tmp/node_modules/core-js/library/modules/web.dom.iterable.js] to [<HOME>/.arkcase/custom/node_modules/core-js/library/modules/web.dom.iterable.js]
[m[36m<TIMESTAMP>,263 [DEBUG] [main] com.armedia.acm.userinterface.angular.AngularResourceCopier - Copying [<HOME>/.arkcase/tmp/node_modules/core-js/library/modules/_to-object.js] to [<HOME>/.arkcase/custom/node_modules/core-js/library/modules/_to-object.js]
[m[36m<TIMESTAMP>,263 [DEBUG] [main] com.armedia.acm.userinterface.angular.AngularResourceCopier - Copying [<HOME>/.arkcase/tmp/node_modules/core-js/library/modules/_string-at.js] to [<HOME>/.arkcase/custom/node_modules/core-js/library/modules/_string-at.js]
[m[36m<TIMESTAMP>,264 [DEBUG] [main] com.armedia.acm.userinterface.angular.AngularResourceCopier - Copying [<HOME>/.arkcase/tmp/node_modules/core-js/library/modules/_collection-weak.js] to [<HOME>/.arkcase/custom/node_modules/core-js/library/modules/_collection-weak.js]
[m[36m<TIMESTAMP>,264 [DEBUG] [main] com.armedia.acm.userinterface.angular.AngularResourceCopier - Copying [<HOME>/.arkcase/tmp/node_modules/core-js/library/modules/es6.weak-map.js] to [<HOME>/.arkcase/custom/node_modules/core-js/library/modules/es6.weak-map.js]
[m[36m<TIMESTAMP>,264 [DEBUG] [main] com.armedia.acm.userinterface.angular.AngularResourceCopier - Copying [<HOME>/.arkcase/tmp/node_modules/core-js/library/modules/es6.string.raw.js] to [<HOME>/.arkcase/custom/node_modules/core-js/library/modules/es6.string.raw.js]
[m[36m<TIMESTAMP>,265 [DEBUG] [main] com.armedia.acm.userinterface.angular.AngularResourceCopier - Copying [<HOME>/.arkcase/tmp/node_modules/core-js/library/modules/es6.math.tanh.js] to [<HOME>/.arkcase/custom/node_modules/core-js/library/modules/es6.math.tanh.js]
[m[36m<TIMESTAMP>,265 [DEBUG] [main] com.armedia.acm.userinterface.angular.AngularResourceCopier - Copying [<HOME>/.arkcase/tmp/node_modules/core-js/library/modules/es7.reflect.has-metadata.js] to [<HOME>/.arkcase/custom/node_modules/core-js/library/modules/es7.reflect.has-metadata.js]
[m[36m<TIMESTAMP>,265 [DEBUG] [main] com.armedia.acm.userinterface.angular.AngularResourceCopier - Copying [<HOME>/.arkcase/tmp/node_modules/core-js/library/modules/es7.reflect.has-own-metadata.js] to [<HOME>/.arkcase/custom/node_modules/core-js/library/modules/es7.reflect.has-own-metadata.js]
[m[36m<TIMESTAMP>,265 [DEBUG] [main] com.armedia.acm.userinterface.angular.AngularResourceCopier - Copying [<HOME>/.arkcase/tmp/node_modules/core-js/library/modules/es6.array.reduce.js] to [<HOME>/.arkcase/custom/node_modules/core-js/library/modules/es6.array.reduce.js]
[m[36m<TIMESTAMP>,265 [DEBUG] [main] com.armedia.acm.userinterface.angular.AngularResourceCopier - Copying [<HOME>/.arkcase/tmp/node_modules/core-js/library/modules/_array-reduce.js] to [<HOME>/.arkcase/custom/node_modules/core-js/library/modules/_array-reduce.js]
[m[36m<TIMESTAMP>,265 [DEBUG] [main] com.armedia.acm.userinterface.angular.AngularResourceCopier - Copying [<HOME>/.arkcase/tmp/node_modules/core-js/library/modules/es6.string.big.js] to [<HOME>/.arkcase/custom/node_modules/core-js/library/modules/es6.string.big.js]
[m[36m<TIMESTAMP>,266 [DEBUG] [main] com.armedia.acm.userinterface.angular.AngularResourceCopier - Copying [<HOME>/.arkcase/tmp/node_modules/core-js/library/modules/core.delay.js] to [<HOME>/.arkcase/custom/node_modules/core-js/library/modules/core.delay.js]
[m[36m<TIMESTAMP>,266 [DEBUG] [main] com.armedia.acm.userinterface.angular.AngularResourceCopier - Copying [<HOME>/.arkcase/tmp/node_modules/core-js/library/modules/es6.array.last-index-of.js] to [<HOME>/.arkcase/custom/node_modules/core-js/library/modules/es6.array.last-index-of.js]
[m[36m<TIMESTAMP>,266 [DEBUG] [main] com.armedia.acm.userinterface.angular.AngularResourceCopier - Copying [<HOME>/.arkcase/tmp/node_modules/core-js/library/modules/_enum-keys.js] to [<HOME>/.arkcase/custom/node_modules/core-js/library/modules/_enum-keys.js]
[m[36m<TIMESTAMP>,266 [DEBUG] [main] com.armedia.acm.userinterface.angular.AngularResourceCopier - Copying [<HOME>/.arkcase/tmp/node_modules/core-js/library/modules/es6.math.cbrt.js] to [<HOME>/.arkcase/custom/node_modules/core-js/library/modules/es6.math.cbrt.js]
[m[36m<TIMESTAMP>,266 [DEBUG] [main] com.armedia.acm.userinterface.angular.AngularResourceCopier - Copying [<HOME>/.arkcase/tmp/node_modules/core-js/library/modules/es6.number.epsilon.js] to [<HOME>/.arkcase/custom/node_modules/core-js/library/modules/es6.number.epsilon.js]
[m[36m<TIMESTAMP>,266 [DEBUG] [main] com.armedia.acm.userinterface.angular.AngularResourceCopier - Copying [<HOME>/.arkcase/tmp/node_modules/core-js/library/modules/core.function.part.js] to [<HOME>/.arkcase/custom/node_modules/core-js/library/modules/core.function.part.js]
[m[36m<TIMESTAMP>,267 [DEBUG] [main] com.armedia.acm.userinterface.angular.AngularResourceCopier - Copying [<HOME>/.arkcase/tmp/node_modules/core-js/library/modules/_math-sign.js] to [<HOME>/.arkcase/custom/node_modules/core-js/library/modules/_math-sign.js]
[m[36m<TIMESTAMP>,267 [DEBUG] [main] com.armedia.acm.userinterface.angular.AngularResourceCopier - Copying [<HOME>/.arkcase/tmp/node_modules/core-js/library/modules/_html.js] to [<HOME>/.arkcase/custom/node_modules/core-js/library/modules/_html.js]
[m[36m<TIMESTAMP>,267 [DEBUG] [main] com.armedia.acm.userinterface.angular.AngularResourceCopier - Copying [<HOME>/.arkcase/tmp/node_modules/core-js/library/modules/es6.function.name.js] to [<HOME>/.arkcase/custom/node_modules/core-js/library/modules/es6.function.name.js]
[m[36m<TIMESTAMP>,267 [DEBUG] [main] com.armedia.acm.userinterface.angular.AngularResourceCopier - Copying [<HOME>/.arkcase/tmp/node_modules/core-js/library/modules/es6.map.js] to [<HOME>/.arkcase/custom/node_modules/core-js/library/modules/es6.map.js]
[m[36m<TIMESTAMP>,267 [DEBUG] [main] com.armedia.acm.userinterface.angular.AngularResourceCopier - Copying [<HOME>/.arkcase/tmp/node_modules/core-js/library/modules/es6.string.code-point-at.js] to [<HOME>/.arkcase/custom/node_modules/core-js/library/modules/es6.string.code-point-at.js]
[m[36m<TIMESTAMP>,267 [DEBUG] [main] com.armedia.acm.userinterface.angular.AngularResourceCopier - Copying [<HOME>/.arkcase/tmp/node_modules/core-js/library/modules/_fails-is-regexp.js] to [<HOME>/.arkcase/custom/node_modules/core-js/library/modules/_fails-is-regexp.js]
[m[36m<TIMESTAMP>,267 [DEBUG] [main] com.armedia.acm.userinterface.angular.AngularResourceCopier - Copying [<HOME>/.arkcase/tmp/node_modules/core-js/library/modules/_object-dp.js] to [<HOME>/.arkcase/custom/node_modules/core-js/library/modules/_object-dp.js]
[m[36m<TIMESTAMP>,268 [DEBUG] [main] com.armedia.acm.userinterface.angular.AngularResourceCopier - Copying [<HOME>/.arkcase/tmp/node_modules/core-js/library/modules/_collection-to-json.js] to [<HOME>/.arkcase/custom/node_modules/core-js/library/modules/_collection-to-json.js]
[m[36m<TIMESTAMP>,268 [DEBUG] [main] com.armedia.acm.userinterface.angular.AngularResourceCopier - Copying [<HOME>/.arkcase/tmp/node_modules/core-js/library/modules/es6.reflect.enumerate.js] to [<HOME>/.arkcase/custom/node_modules/core-js/library/modules/es6.reflect.enumerate.js]
[m[36m<TIMESTAMP>,268 [DEBUG] [main] com.armedia.acm.userinterface.angular.AngularResourceCopier - Copying [<HOME>/.arkcase/tmp/node_modules/core-js/library/modules/es6.number.is-nan.js] to [<HOME>/.arkcase/custom/node_modules/core-js/library/modules/es6.number.is-nan.js]
[m[36m<TIMESTAMP>,268 [DEBUG] [main] com.armedia.acm.userinterface.angular.AngularResourceCopier - Copying [<HOME>/.arkcase/tmp/node_modules/core-js/library/modules/es7.object.get-own-property-descriptors.js] to [<HOME>/.arkcase/custom/node_modules/core-js/library/modules/es7.object.get-own-property-descriptors.js]
[m[36m<TIMESTAMP>,268 [DEBUG] [main] com.armedia.acm.userinterface.angular.AngularResourceCopier - Copying [<HOME>/.arkcase/tmp/node_modules/core-js/library/modules/es6.math.imul.js] to [<HOME>/.arkcase/custom/node_modules/core-js/library/modules/es6.math.imul.js]
[m[36m<TIMESTAMP>,268 [DEBUG] [main] com.armedia.acm.userinterface.angular.AngularResourceCopier - Copying [<HOME>/.arkcase/tmp/node_modules/core-js/library/modules/_iter-step.js] to [<HOME>/.arkcase/custom/node_modules/core-js/library/modules/_iter-step.js]
[m[36m<TIMESTAMP>,269 [DEBUG] [main] com.armedia.acm.userinterface.angular.AngularResourceCopier - Copying [<HOME>/.arkcase/tmp/node_modules/core-js/library/modules/es6.number.is-finite.js] to [<HOME>/.arkcase/custom/node_modules/core-js/library/modules/es6.number.is-finite.js]
[m[36m<TIMESTAMP>,269 [DEBUG] [main] com.armedia.acm.userinterface.angular.AngularResourceCopier - Copying [<HOME>/.arkcase/tmp/node_modules/core-js/library/modules/_a-number-value.js] to [<HOME>/.arkcase/custom/node_modules/core-js/library/modules/_a-number-value.js]
[m[36m<TIMESTAMP>,269 [DEBUG] [main] com.armedia.acm.userinterface.angular.AngularResourceCopier - Copying [<HOME>/.arkcase/tmp/node_modules/core-js/library/modules/_object-define.js] to [<HOME>/.arkcase/custom/node_modules/core-js/library/modules/_object-define.js]
[m[36m<TIMESTAMP>,269 [DEBUG] [main] com.armedia.acm.userinterface.angular.AngularResourceCopier - Copying [<HOME>/.arkcase/tmp/node_modules/core-js/library/modules/es7.symbol.observable.js] to [<HOME>/.arkcase/custom/node_modules/core-js/library/modules/es7.symbol.observable.js]
[m[36m<TIMESTAMP>,270 [DEBUG] [main] com.armedia.acm.userinterface.angular.AngularResourceCopier - Copying [<HOME>/.arkcase/tmp/node_modules/core-js/library/modules/es6.string.blink.js] to [<HOME>/.arkcase/custom/node_modules/core-js/library/modules/es6.string.blink.js]
[m[36m<TIMESTAMP>,270 [DEBUG] [main] com.armedia.acm.userinterface.angular.AngularResourceCopier - Copying [<HOME>/.arkcase/tmp/node_modules/core-js/library/modules/_regexp-exec-abstract.js] to [<HOME>/.arkcase/custom/node_modules/core-js/library/modules/_regexp-exec-abstract.js]
[m[36m<TIMESTAMP>,270 [DEBUG] [main] com.armedia.acm.userinterface.angular.AngularResourceCopier - Copying [<HOME>/.arkcase/tmp/node_modules/core-js/library/modules/_an-object.js] to [<HOME>/.arkcase/custom/node_modules/core-js/library/modules/_an-object.js]
[m[36m<TIMESTAMP>,270 [DEBUG] [main] com.armedia.acm.userinterface.angular.AngularResourceCopier - Copying [<HOME>/.arkcase/tmp/node_modules/core-js/library/modules/_object-to-array.js] to [<HOME>/.arkcase/custom/node_modules/core-js/library/modules/_object-to-array.js]
[m[36m<TIMESTAMP>,270 [DEBUG] [main] com.armedia.acm.userinterface.angular.AngularResourceCopier - Copying [<HOME>/.arkcase/tmp/node_modules/core-js/library/modules/es7.math.fscale.js] to [<HOME>/.arkcase/custom/node_modules/core-js/library/modules/es7.math.fscale.js]
[m[36m<TIMESTAMP>,270 [DEBUG] [main] com.armedia.acm.userinterface.angular.AngularResourceCopier - Copying [<HOME>/.arkcase/tmp/node_modules/core-js/library/modules/_set-to-string-tag.js] to [<HOME>/.arkcase/custom/node_modules/core-js/library/modules/_set-to-string-tag.js]
[m[36m<TIMESTAMP>,270 [DEBUG] [main] com.armedia.acm.userinterface.angular.AngularResourceCopier - Copying [<HOME>/.arkcase/tmp/node_modules/core-js/library/modules/es6.array.is-array.js] to [<HOME>/.arkcase/custom/node_modules/core-js/library/modules/es6.array.is-array.js]
[m[36m<TIMESTAMP>,271 [DEBUG] [main] com.armedia.acm.userinterface.angular.AngularResourceCopier - Copying [<HOME>/.arkcase/tmp/node_modules/core-js/library/modules/es6.object.to-string.js] to [<HOME>/.arkcase/custom/node_modules/core-js/library/modules/es6.object.to-string.js]
[m[36m<TIMESTAMP>,271 [DEBUG] [main] com.armedia.acm.userinterface.angular.AngularResourceCopier - Copying [<HOME>/.arkcase/tmp/node_modules/core-js/library/modules/es6.typed.uint8-array.js] to [<HOME>/.arkcase/custom/node_modules/core-js/library/modules/es6.typed.uint8-array.js]
[m[36m<TIMESTAMP>,271 [DEBUG] [main] com.armedia.acm.userinterface.angular.AngularResourceCopier - Copying [<HOME>/.arkcase/tmp/node_modules/core-js/library/modules/core.get-iterator.js] to [<HOME>/.arkcase/custom/node_modules/core-js/library/modules/core.get-iterator.js]
[m[36m<TIMESTAMP>,271 [DEBUG] [main] com.armedia.acm.userinterface.angular.AngularResourceCopier - Copying [<HOME>/.arkcase/tmp/node_modules/core-js/library/modules/es6.reflect.set.js] to [<HOME>/.arkcase/custom/node_modules/core-js/library/modules/es6.reflect.set.js]
[m[36m<TIMESTAMP>,271 [DEBUG] [main] com.armedia.acm.userinterface.angular.AngularResourceCopier - Copying [<HOME>/.arkcase/tmp/node_modules/core-js/library/modules/_create-property.js] to [<HOME>/.arkcase/custom/node_modules/core-js/library/modules/_create-property.js]
[m[36m<TIMESTAMP>,272 [DEBUG] [main] com.armedia.acm.userinterface.angular.AngularResourceCopier - Copying [<HOME>/.arkcase/tmp/node_modules/core-js/library/modules/es6.number.to-precision.js] to [<HOME>/.arkcase/custom/node_modules/core-js/library/modules/es6.number.to-precision.js]
[m[36m<TIMESTAMP>,272 [DEBUG] [main] com.armedia.acm.userinterface.angular.AngularResourceCopier - Copying [<HOME>/.arkcase/tmp/node_modules/core-js/library/modules/es6.parse-float.js] to [<HOME>/.arkcase/custom/node_modules/core-js/library/modules/es6.parse-float.js]
[m[36m<TIMESTAMP>,272 [DEBUG] [main] com.armedia.acm.userinterface.angular.AngularResourceCopier - Copying [<HOME>/.arkcase/tmp/node_modules/core-js/library/modules/es7.weak-map.of.js] to [<HOME>/.arkcase/custom/node_modules/core-js/library/modules/es7.weak-map.of.js]
[m[36m<TIMESTAMP>,272 [DEBUG] [main] com.armedia.acm.userinterface.angular.AngularResourceCopier - Copying [<HOME>/.arkcase/tmp/node_modules/core-js/library/modules/_inherit-if-required.js] to [<HOME>/.arkcase/custom/node_modules/core-js/library/modules/_inherit-if-required.js]
[m[36m<TIMESTAMP>,273 [DEBUG] [main] com.armedia.acm.userinterface.angular.AngularResourceCopier - Copying [<HOME>/.arkcase/tmp/node_modules/core-js/library/modules/es7.reflect.metadata.js] to [<HOME>/.arkcase/custom/node_modules/core-js/library/modules/es7.reflect.metadata.js]
[m[36m<TIMESTAMP>,273 [DEBUG] [main] com.armedia.acm.userinterface.angular.AngularResourceCopier - Copying [<HOME>/.arkcase/tmp/node_modules/core-js/library/modules/es6.object.is-sealed.js] to [<HOME>/.arkcase/custom/node_modules/core-js/library/modules/es6.object.is-sealed.js]
[m[36m<TIMESTAMP>,273 [DEBUG] [main] com.armedia.acm.userinterface.angular.AngularResourceCopier - Copying [<HOME>/.arkcase/tmp/node_modules/core-js/library/modules/es6.string.starts-with.js] to [<HOME>/.arkcase/custom/node_modules/core-js/library/modules/es6.string.starts-with.js]
[m[36m<TIMESTAMP>,273 [DEBUG] [main] com.armedia.acm.userinterface.angular.AngularResourceCopier - Copying [<HOME>/.arkcase/tmp/node_modules/core-js/library/modules/_iobject.js] to [<HOME>/.arkcase/custom/node_modules/core-js/library/modules/_iobject.js]
[m[36m<TIMESTAMP>,273 [DEBUG] [main] com.armedia.acm.userinterface.angular.AngularResourceCopier - Copying [<HOME>/.arkcase/tmp/node_modules/core-js/library/modules/es7.string.trim-right.js] to [<HOME>/.arkcase/custom/node_modules/core-js/library/modules/es7.string.trim-right.js]
[m[36m<TIMESTAMP>,274 [DEBUG] [main] com.armedia.acm.userinterface.angular.AngularResourceCopier - Copying [<HOME>/.arkcase/tmp/node_modules/core-js/library/modules/es7.reflect.get-own-metadata.js] to [<HOME>/.arkcase/custom/node_modules/core-js/library/modules/es7.reflect.get-own-metadata.js]
[m[36m<TIMESTAMP>,274 [DEBUG] [main] com.armedia.acm.userinterface.angular.AngularResourceCopier - Copying [<HOME>/.arkcase/tmp/node_modules/core-js/library/modules/es6.number.constructor.js] to [<HOME>/.arkcase/custom/node_modules/core-js/library/modules/es6.number.constructor.js]
[m[36m<TIMESTAMP>,274 [DEBUG] [main] com.armedia.acm.userinterface.angular.AngularResourceCopier - Copying [<HOME>/.arkcase/tmp/node_modules/core-js/library/modules/_collection-strong.js] to [<HOME>/.arkcase/custom/node_modules/core-js/library/modules/_collection-strong.js]
[m[36m<TIMESTAMP>,274 [DEBUG] [main] com.armedia.acm.userinterface.angular.AngularResourceCopier - Copying [<HOME>/.arkcase/tmp/node_modules/core-js/library/modules/es7.object.define-getter.js] to [<HOME>/.arkcase/custom/node_modules/core-js/library/modules/es7.object.define-getter.js]
[m[36m<TIMESTAMP>,274 [DEBUG] [main] com.armedia.acm.userinterface.angular.AngularResourceCopier - Copying [<HOME>/.arkcase/tmp/node_modules/core-js/library/modules/es7.math.rad-per-deg.js] to [<HOME>/.arkcase/custom/node_modules/core-js/library/modules/es7.math.rad-per-deg.js]
[m[36m<TIMESTAMP>,275 [DEBUG] [main] com.armedia.acm.userinterface.angular.AngularResourceCopier - Copying [<HOME>/.arkcase/tmp/node_modules/core-js/library/modules/es7.map.of.js] to [<HOME>/.arkcase/custom/node_modules/core-js/library/modules/es7.map.of.js]
[m[36m<TIMESTAMP>,275 [DEBUG] [main] com.armedia.acm.userinterface.angular.AngularResourceCopier - Copying [<HOME>/.arkcase/tmp/node_modules/core-js/library/modules/_array-species-create.js] to [<HOME>/.arkcase/custom/node_modules/core-js/library/modules/_array-species-create.js]
[m[36m<TIMESTAMP>,275 [DEBUG] [main] com.armedia.acm.userinterface.angular.AngularResourceCopier - Copying [<HOME>/.arkcase/tmp/node_modules/core-js/library/modules/es6.regexp.to-string.js] to [<HOME>/.arkcase/custom/node_modules/core-js/library/modules/es6.regexp.to-string.js]
[m[36m<TIMESTAMP>,275 [DEBUG] [main] com.armedia.acm.userinterface.angular.AngularResourceCopier - Copying [<HOME>/.arkcase/tmp/node_modules/core-js/library/modules/_a-function.js] to [<HOME>/.arkcase/custom/node_modules/core-js/library/modules/_a-function.js]
[m[36m<TIMESTAMP>,276 [DEBUG] [main] com.armedia.acm.userinterface.angular.AngularResourceCopier - Copying [<HOME>/.arkcase/tmp/node_modules/core-js/library/modules/_object-assign.js] to [<HOME>/.arkcase/custom/node_modules/core-js/library/modules/_object-assign.js]
[m[36m<TIMESTAMP>,276 [DEBUG] [main] com.armedia.acm.userinterface.angular.AngularResourceCopier - Copying [<HOME>/.arkcase/tmp/node_modules/core-js/library/modules/es6.object.get-own-property-names.js] to [<HOME>/.arkcase/custom/node_modules/core-js/library/modules/es6.object.get-own-property-names.js]
[m[36m<TIMESTAMP>,276 [DEBUG] [main] com.armedia.acm.userinterface.angular.AngularResourceCopier - Copying [<HOME>/.arkcase/tmp/node_modules/core-js/library/modules/es6.reflect.define-property.js] to [<HOME>/.arkcase/custom/node_modules/core-js/library/modules/es6.reflect.define-property.js]
[m[36m<TIMESTAMP>,276 [DEBUG] [main] com.armedia.acm.userinterface.angular.AngularResourceCopier - Copying [<HOME>/.arkcase/tmp/node_modules/core-js/library/modules/_to-primitive.js] to [<HOME>/.arkcase/custom/node_modules/core-js/library/modules/_to-primitive.js]
[m[36m<TIMESTAMP>,276 [DEBUG] [main] com.armedia.acm.userinterface.angular.AngularResourceCopier - Copying [<HOME>/.arkcase/tmp/node_modules/core-js/library/modules/es6.parse-int.js] to [<HOME>/.arkcase/custom/node_modules/core-js/library/modules/es6.parse-int.js]
[m[36m<TIMESTAMP>,276 [DEBUG] [main] com.armedia.acm.userinterface.angular.AngularResourceCopier - Copying [<HOME>/.arkcase/tmp/node_modules/core-js/library/modules/es6.array.species.js] to [<HOME>/.arkcase/custom/node_modules/core-js/library/modules/es6.array.species.js]
[m[36m<TIMESTAMP>,276 [DEBUG] [main] com.armedia.acm.userinterface.angular.AngularResourceCopier - Copying [<HOME>/.arkcase/tmp/node_modules/core-js/library/modules/_string-html.js] to [<HOME>/.arkcase/custom/node_modules/core-js/library/modules/_string-html.js]
[m[36m<TIMESTAMP>,277 [DEBUG] [main] com.armedia.acm.userinterface.angular.AngularResourceCopier - Copying [<HOME>/.arkcase/tmp/node_modules/core-js/library/modules/_own-keys.js] to [<HOME>/.arkcase/custom/node_modules/core-js/library/modules/_own-keys.js]
[m[36m<TIMESTAMP>,277 [DEBUG] [main] com.armedia.acm.userinterface.angular.AngularResourceCopier - Copying [<HOME>/.arkcase/tmp/node_modules/core-js/library/modules/es6.date.to-string.js] to [<HOME>/.arkcase/custom/node_modules/core-js/library/modules/es6.date.to-string.js]
[m[36m<TIMESTAMP>,277 [DEBUG] [main] com.armedia.acm.userinterface.angular.AngularResourceCopier - Copying [<HOME>/.arkcase/tmp/node_modules/core-js/library/modules/es6.math.sign.js] to [<HOME>/.arkcase/custom/node_modules/core-js/library/modules/es6.math.sign.js]
[m[36m<TIMESTAMP>,277 [DEBUG] [main] com.armedia.acm.userinterface.angular.AngularResourceCopier - Copying [<HOME>/.arkcase/tmp/node_modules/core-js/library/modules/_object-keys-internal.js] to [<HOME>/.arkcase/custom/node_modules/core-js/library/modules/_object-keys-internal.js]
[m[36m<TIMESTAMP>,277 [DEBUG] [main] com.armedia.acm.userinterface.angular.AngularResourceCopier - Copying [<HOME>/.arkcase/tmp/node_modules/core-js/library/modules/es6.object.set-prototype-of.js] to [<HOME>/.arkcase/custom/node_modules/core-js/library/modules/es6.object.set-prototype-of.js]
[m[36m<TIMESTAMP>,277 [DEBUG] [main] com.armedia.acm.userinterface.angular.AngularResourceCopier - Copying [<HOME>/.arkcase/tmp/node_modules/core-js/library/modules/es7.object.lookup-setter.js] to [<HOME>/.arkcase/custom/node_modules/core-js/library/modules/es7.object.lookup-setter.js]
[m[36m<TIMESTAMP>,277 [DEBUG] [main] com.armedia.acm.userinterface.angular.AngularResourceCopier - Copying [<HOME>/.arkcase/tmp/node_modules/core-js/library/modules/_wks-ext.js] to [<HOME>/.arkcase/custom/node_modules/core-js/library/modules/_wks-ext.js]
[m[36m<TIMESTAMP>,278 [DEBUG] [main] com.armedia.acm.userinterface.angular.AngularResourceCopier - Copying [<HOME>/.arkcase/tmp/node_modules/core-js/library/modules/es6.math.log10.js] to [<HOME>/.arkcase/custom/node_modules/core-js/library/modules/es6.math.log10.js]
[m[36m<TIMESTAMP>,278 [DEBUG] [main] com.armedia.acm.userinterface.angular.AngularResourceCopier - Copying [<HOME>/.arkcase/tmp/node_modules/core-js/library/modules/es6.object.freeze.js] to [<HOME>/.arkcase/custom/node_modules/core-js/library/modules/es6.object.freeze.js]
[m[36m<TIMESTAMP>,278 [DEBUG] [main] com.armedia.acm.userinterface.angular.AngularResourceCopier - Copying [<HOME>/.arkcase/tmp/node_modules/core-js/library/modules/_uid.js] to [<HOME>/.arkcase/custom/node_modules/core-js/library/modules/_uid.js]
[m[36m<TIMESTAMP>,278 [DEBUG] [main] com.armedia.acm.userinterface.angular.AngularResourceCopier - Copying [<HOME>/.arkcase/tmp/node_modules/core-js/library/modules/es6.number.parse-int.js] to [<HOME>/.arkcase/custom/node_modules/core-js/library/modules/es6.number.parse-int.js]
[m[36m<TIMESTAMP>,278 [DEBUG] [main] com.armedia.acm.userinterface.angular.AngularResourceCopier - Copying [<HOME>/.arkcase/tmp/node_modules/core-js/library/modules/_replacer.js] to [<HOME>/.arkcase/custom/node_modules/core-js/library/modules/_replacer.js]
[m[36m<TIMESTAMP>,278 [DEBUG] [main] com.armedia.acm.userinterface.angular.AngularResourceCopier - Copying [<HOME>/.arkcase/tmp/node_modules/core-js/library/modules/web.timers.js] to [<HOME>/.arkcase/custom/node_modules/core-js/library/modules/web.timers.js]
[m[36m<TIMESTAMP>,279 [DEBUG] [main] com.armedia.acm.userinterface.angular.AngularResourceCopier - Copying [<HOME>/.arkcase/tmp/node_modules/core-js/library/modules/es6.string.includes.js] to [<HOME>/.arkcase/custom/node_modules/core-js/library/modules/es6.string.includes.js]
[m[36m<TIMESTAMP>,279 [DEBUG] [main] com.armedia.acm.userinterface.angular.AngularResourceCopier - Copying [<HOME>/.arkcase/tmp/node_modules/core-js/library/modules/es7.string.pad-end.js] to [<HOME>/.arkcase/custom/node_modules/core-js/library/modules/es7.string.pad-end.js]
[m[36m<TIMESTAMP>,279 [DEBUG] [main] com.armedia.acm.userinterface.angular.AngularResourceCopier - Copying [<HOME>/.arkcase/tmp/node_modules/core-js/library/modules/es7.weak-set.of.js] to [<HOME>/.arkcase/custom/node_modules/core-js/library/modules/es7.weak-set.of.js]
[m[36m<TIMESTAMP>,279 [DEBUG] [main] com.armedia.acm.userinterface.angular.AngularResourceCopier - Copying [<HOME>/.arkcase/tmp/node_modules/core-js/library/modules/es6.number.min-safe-integer.js] to [<HOME>/.arkcase/custom/node_modules/core-js/library/modules/es6.number.min-safe-integer.js]
[m[36m<TIMESTAMP>,279 [DEBUG] [main] com.armedia.acm.userinterface.angular.AngularResourceCopier - Copying [<HOME>/.arkcase/tmp/node_modules/core-js/library/modules/es7.global.js] to [<HOME>/.arkcase/custom/node_modules/core-js/library/modules/es7.global.js]
[m[36m<TIMESTAMP>,279 [DEBUG] [main] com.armedia.acm.userinterface.angular.AngularResourceCopier - Copying [<HOME>/.arkcase/tmp/node_modules/core-js/library/modules/_object-forced-pam.js] to [<HOME>/.arkcase/custom/node_modules/core-js/library/modules/_object-forced-pam.js]
[m[36m<TIMESTAMP>,279 [DEBUG] [main] com.armedia.acm.userinterface.angular.AngularResourceCopier - Copying [<HOME>/.arkcase/tmp/node_modules/core-js/library/modules/es6.reflect.set-prototype-of.js] to [<HOME>/.arkcase/custom/node_modules/core-js/library/modules/es6.reflect.set-prototype-of.js]
[m[36m<TIMESTAMP>,280 [DEBUG] [main] com.armedia.acm.userinterface.angular.AngularResourceCopier - Copying [<HOME>/.arkcase/tmp/node_modules/core-js/library/modules/es6.object.assign.js] to [<HOME>/.arkcase/custom/node_modules/core-js/library/modules/es6.object.assign.js]
[m[36m<TIMESTAMP>,280 [DEBUG] [main] com.armedia.acm.userinterface.angular.AngularResourceCopier - Copying [<HOME>/.arkcase/tmp/node_modules/core-js/library/modules/_keyof.js] to [<HOME>/.arkcase/custom/node_modules/core-js/library/modules/_keyof.js]
[m[36m<TIMESTAMP>,280 [DEBUG] [main] com.armedia.acm.userinterface.angular.AngularResourceCopier - Copying [<HOME>/.arkcase/tmp/node_modules/core-js/library/modules/_function-to-string.js] to [<HOME>/.arkcase/custom/node_modules/core-js/library/modules/_function-to-string.js]
[m[36m<TIMESTAMP>,280 [DEBUG] [main] com.armedia.acm.userinterface.angular.AngularResourceCopier - Copying [<HOME>/.arkcase/tmp/node_modules/core-js/library/modules/es6.array.fill.js] to [<HOME>/.arkcase/custom/node_modules/core-js/library/modules/es6.array.fill.js]
[m[36m<TIMESTAMP>,280 [DEBUG] [main] com.armedia.acm.userinterface.angular.AngularResourceCopier - Copying [<HOME>/.arkcase/tmp/node_modules/core-js/library/modules/_flatten-into-array.js] to [<HOME>/.arkcase/custom/node_modules/core-js/library/modules/_flatten-into-array.js]
[m[36m<TIMESTAMP>,280 [DEBUG] [main] com.armedia.acm.userinterface.angular.AngularResourceCopier - Copying [<HOME>/.arkcase/tmp/node_modules/core-js/library/modules/es6.weak-set.js] to [<HOME>/.arkcase/custom/node_modules/core-js/library/modules/es6.weak-set.js]
[m[36m<TIMESTAMP>,280 [DEBUG] [main] com.armedia.acm.userinterface.angular.AngularResourceCopier - Copying [<HOME>/.arkcase/tmp/node_modules/core-js/library/modules/es6.regexp.flags.js] to [<HOME>/.arkcase/custom/node_modules/core-js/library/modules/es6.regexp.flags.js]
[m[36m<TIMESTAMP>,280 [DEBUG] [main] com.armedia.acm.userinterface.angular.AngularResourceCopier - Copying [<HOME>/.arkcase/tmp/node_modules/core-js/library/modules/_string-trim.js] to [<HOME>/.arkcase/custom/node_modules/core-js/library/modules/_string-trim.js]
[m[36m<TIMESTAMP>,281 [DEBUG] [main] com.armedia.acm.userinterface.angular.AngularResourceCopier - Copying [<HOME>/.arkcase/tmp/node_modules/core-js/library/modules/_array-species-constructor.js] to [<HOME>/.arkcase/custom/node_modules/core-js/library/modules/_array-species-constructor.js]
[m[36m<TIMESTAMP>,281 [DEBUG] [main] com.armedia.acm.userinterface.angular.AngularResourceCopier - Copying [<HOME>/.arkcase/tmp/node_modules/core-js/library/modules/es6.string.bold.js] to [<HOME>/.arkcase/custom/node_modules/core-js/library/modules/es6.string.bold.js]
[m[36m<TIMESTAMP>,281 [DEBUG] [main] com.armedia.acm.userinterface.angular.AngularResourceCopier - Copying [<HOME>/.arkcase/tmp/node_modules/core-js/library/modules/es7.math.umulh.js] to [<HOME>/.arkcase/custom/node_modules/core-js/library/modules/es7.math.umulh.js]
[m[36m<TIMESTAMP>,281 [DEBUG] [main] com.armedia.acm.userinterface.angular.AngularResourceCopier - Copying [<HOME>/.arkcase/tmp/node_modules/core-js/library/modules/_math-fround.js] to [<HOME>/.arkcase/custom/node_modules/core-js/library/modules/_math-fround.js]
[m[36m<TIMESTAMP>,281 [DEBUG] [main] com.armedia.acm.userinterface.angular.AngularResourceCopier - Copying [<HOME>/.arkcase/tmp/node_modules/core-js/library/modules/es6.reflect.is-extensible.js] to [<HOME>/.arkcase/custom/node_modules/core-js/library/modules/es6.reflect.is-extensible.js]
[m[36m<TIMESTAMP>,281 [DEBUG] [main] com.armedia.acm.userinterface.angular.AngularResourceCopier - Copying [<HOME>/.arkcase/tmp/node_modules/core-js/library/modules/es7.string.pad-start.js] to [<HOME>/.arkcase/custom/node_modules/core-js/library/modules/es7.string.pad-start.js]
[m[36m<TIMESTAMP>,282 [DEBUG] [main] com.armedia.acm.userinterface.angular.AngularResourceCopier - Copying [<HOME>/.arkcase/tmp/node_modules/core-js/library/modules/_task.js] to [<HOME>/.arkcase/custom/node_modules/core-js/library/modules/_task.js]
[m[36m<TIMESTAMP>,282 [DEBUG] [main] com.armedia.acm.userinterface.angular.AngularResourceCopier - Copying [<HOME>/.arkcase/tmp/node_modules/core-js/library/modules/_classof.js] to [<HOME>/.arkcase/custom/node_modules/core-js/library/modules/_classof.js]
[m[36m<TIMESTAMP>,282 [DEBUG] [main] com.armedia.acm.userinterface.angular.AngularResourceCopier - Copying [<HOME>/.arkcase/tmp/node_modules/core-js/library/modules/es6.object.prevent-extensions.js] to [<HOME>/.arkcase/custom/node_modules/core-js/library/modules/es6.object.prevent-extensions.js]
[m[36m<TIMESTAMP>,282 [DEBUG] [main] com.armedia.acm.userinterface.angular.AngularResourceCopier - Copying [<HOME>/.arkcase/tmp/node_modules/core-js/library/modules/es7.reflect.get-metadata-keys.js] to [<HOME>/.arkcase/custom/node_modules/core-js/library/modules/es7.reflect.get-metadata-keys.js]
[m[36m<TIMESTAMP>,282 [DEBUG] [main] com.armedia.acm.userinterface.angular.AngularResourceCopier - Copying [<HOME>/.arkcase/tmp/node_modules/core-js/library/modules/_date-to-iso-string.js] to [<HOME>/.arkcase/custom/node_modules/core-js/library/modules/_date-to-iso-string.js]
[m[36m<TIMESTAMP>,282 [DEBUG] [main] com.armedia.acm.userinterface.angular.AngularResourceCopier - Copying [<HOME>/.arkcase/tmp/node_modules/core-js/library/modules/_object-gopn.js] to [<HOME>/.arkcase/custom/node_modules/core-js/library/modules/_object-gopn.js]
[m[36m<TIMESTAMP>,282 [DEBUG] [main] com.armedia.acm.userinterface.angular.AngularResourceCopier - Copying [<HOME>/.arkcase/tmp/node_modules/core-js/library/modules/es6.typed.data-view.js] to [<HOME>/.arkcase/custom/node_modules/core-js/library/modules/es6.typed.data-view.js]
[m[36m<TIMESTAMP>,283 [DEBUG] [main] com.armedia.acm.userinterface.angular.AngularResourceCopier - Copying [<HOME>/.arkcase/tmp/node_modules/core-js/library/modules/es7.math.scale.js] to [<HOME>/.arkcase/custom/node_modules/core-js/library/modules/es7.math.scale.js]
[m[36m<TIMESTAMP>,283 [DEBUG] [main] com.armedia.acm.userinterface.angular.AngularResourceCopier - Copying [<HOME>/.arkcase/tmp/node_modules/core-js/library/modules/es7.math.clamp.js] to [<HOME>/.arkcase/custom/node_modules/core-js/library/modules/es7.math.clamp.js]
[m[36m<TIMESTAMP>,283 [DEBUG] [main] com.armedia.acm.userinterface.angular.AngularResourceCopier - Copying [<HOME>/.arkcase/tmp/node_modules/core-js/library/modules/_array-copy-within.js] to [<HOME>/.arkcase/custom/node_modules/core-js/library/modules/_array-copy-within.js]
[m[36m<TIMESTAMP>,283 [DEBUG] [main] com.armedia.acm.userinterface.angular.AngularResourceCopier - Copying [<HOME>/.arkcase/tmp/node_modules/core-js/library/modules/es6.regexp.replace.js] to [<HOME>/.arkcase/custom/node_modules/core-js/library/modules/es6.regexp.replace.js]
[m[36m<TIMESTAMP>,283 [DEBUG] [main] com.armedia.acm.userinterface.angular.AngularResourceCopier - Copying [<HOME>/.arkcase/tmp/node_modules/core-js/library/modules/_descriptors.js] to [<HOME>/.arkcase/custom/node_modules/core-js/library/modules/_descriptors.js]
[m[36m<TIMESTAMP>,283 [DEBUG] [main] com.armedia.acm.userinterface.angular.AngularResourceCopier - Copying [<HOME>/.arkcase/tmp/node_modules/core-js/library/modules/_shared.js] to [<HOME>/.arkcase/custom/node_modules/core-js/library/modules/_shared.js]
[m[36m<TIMESTAMP>,283 [DEBUG] [main] com.armedia.acm.userinterface.angular.AngularResourceCopier - Copying [<HOME>/.arkcase/tmp/node_modules/core-js/library/modules/es7.math.isubh.js] to [<HOME>/.arkcase/custom/node_modules/core-js/library/modules/es7.math.isubh.js]
[m[36m<TIMESTAMP>,284 [DEBUG] [main] com.armedia.acm.userinterface.angular.AngularResourceCopier - Copying [<HOME>/.arkcase/tmp/node_modules/core-js/library/modules/es6.function.bind.js] to [<HOME>/.arkcase/custom/node_modules/core-js/library/modules/es6.function.bind.js]
[m[36m<TIMESTAMP>,284 [DEBUG] [main] com.armedia.acm.userinterface.angular.AngularResourceCopier - Copying [<HOME>/.arkcase/tmp/node_modules/core-js/library/modules/es7.math.signbit.js] to [<HOME>/.arkcase/custom/node_modules/core-js/library/modules/es7.math.signbit.js]
[m[36m<TIMESTAMP>,284 [DEBUG] [main] com.armedia.acm.userinterface.angular.AngularResourceCopier - Copying [<HOME>/.arkcase/tmp/node_modules/core-js/library/modules/es7.promise.try.js] to [<HOME>/.arkcase/custom/node_modules/core-js/library/modules/es7.promise.try.js]
[m[36m<TIMESTAMP>,284 [DEBUG] [main] com.armedia.acm.userinterface.angular.AngularResourceCopier - Copying [<HOME>/.arkcase/tmp/node_modules/core-js/library/modules/_dom-create.js] to [<HOME>/.arkcase/custom/node_modules/core-js/library/modules/_dom-create.js]
[m[36m<TIMESTAMP>,284 [DEBUG] [main] com.armedia.acm.userinterface.angular.AngularResourceCopier - Copying [<HOME>/.arkcase/tmp/node_modules/core-js/library/modules/es6.math.log1p.js] to [<HOME>/.arkcase/custom/node_modules/core-js/library/modules/es6.math.log1p.js]
[m[36m<TIMESTAMP>,284 [DEBUG] [main] com.armedia.acm.userinterface.angular.AngularResourceCopier - Copying [<HOME>/.arkcase/tmp/node_modules/core-js/library/modules/_object-sap.js] to [<HOME>/.arkcase/custom/node_modules/core-js/library/modules/_object-sap.js]
[m[36m<TIMESTAMP>,284 [DEBUG] [main] com.armedia.acm.userinterface.angular.AngularResourceCopier - Copying [<HOME>/.arkcase/tmp/node_modules/core-js/library/modules/es6.array.index-of.js] to [<HOME>/.arkcase/custom/node_modules/core-js/library/modules/es6.array.index-of.js]
[m[36m<TIMESTAMP>,285 [DEBUG] [main] com.armedia.acm.userinterface.angular.AngularResourceCopier - Copying [<HOME>/.arkcase/tmp/node_modules/core-js/library/modules/es7.string.match-all.js] to [<HOME>/.arkcase/custom/node_modules/core-js/library/modules/es7.string.match-all.js]
[m[36m<TIMESTAMP>,285 [DEBUG] [main] com.armedia.acm.userinterface.angular.AngularResourceCopier - Copying [<HOME>/.arkcase/tmp/node_modules/core-js/library/modules/es6.string.fontcolor.js] to [<HOME>/.arkcase/custom/node_modules/core-js/library/modules/es6.string.fontcolor.js]
[m[36m<TIMESTAMP>,285 [DEBUG] [main] com.armedia.acm.userinterface.angular.AngularResourceCopier - Copying [<HOME>/.arkcase/tmp/node_modules/core-js/library/modules/_collection.js] to [<HOME>/.arkcase/custom/node_modules/core-js/library/modules/_collection.js]
[m[36m<TIMESTAMP>,285 [DEBUG] [main] com.armedia.acm.userinterface.angular.AngularResourceCopier - Copying [<HOME>/.arkcase/tmp/node_modules/core-js/library/modules/es7.set.to-json.js] to [<HOME>/.arkcase/custom/node_modules/core-js/library/modules/es7.set.to-json.js]
[m[36m<TIMESTAMP>,285 [DEBUG] [main] com.armedia.acm.userinterface.angular.AngularResourceCopier - Copying [<HOME>/.arkcase/tmp/node_modules/core-js/library/modules/es6.reflect.delete-property.js] to [<HOME>/.arkcase/custom/node_modules/core-js/library/modules/es6.reflect.delete-property.js]
[m[36m<TIMESTAMP>,285 [DEBUG] [main] com.armedia.acm.userinterface.angular.AngularResourceCopier - Copying [<HOME>/.arkcase/tmp/node_modules/core-js/library/modules/es7.system.global.js] to [<HOME>/.arkcase/custom/node_modules/core-js/library/modules/es7.system.global.js]
[m[36m<TIMESTAMP>,285 [DEBUG] [main] com.armedia.acm.userinterface.angular.AngularResourceCopier - Copying [<HOME>/.arkcase/tmp/node_modules/core-js/library/modules/es6.date.now.js] to [<HOME>/.arkcase/custom/node_modules/core-js/library/modules/es6.date.now.js]
[m[36m<TIMESTAMP>,285 [DEBUG] [main] com.armedia.acm.userinterface.angular.AngularResourceCopier - Copying [<HOME>/.arkcase/tmp/node_modules/core-js/library/modules/_new-promise-capability.js] to [<HOME>/.arkcase/custom/node_modules/core-js/library/modules/_new-promise-capability.js]
[m[36m<TIMESTAMP>,286 [DEBUG] [main] com.armedia.acm.userinterface.angular.AngularResourceCopier - Copying [<HOME>/.arkcase/tmp/node_modules/core-js/library/modules/_object-gpo.js] to [<HOME>/.arkcase/custom/node_modules/core-js/library/modules/_object-gpo.js]
[m[36m<TIMESTAMP>,286 [DEBUG] [main] com.armedia.acm.userinterface.angular.AngularResourceCopier - Copying [<HOME>/.arkcase/tmp/node_modules/core-js/library/modules/es7.math.degrees.js] to [<HOME>/.arkcase/custom/node_modules/core-js/library/modules/es7.math.degrees.js]
[m[36m<TIMESTAMP>,286 [DEBUG] [main] com.armedia.acm.userinterface.angular.AngularResourceCopier - Copying [<HOME>/.arkcase/tmp/node_modules/core-js/library/modules/_has.js] to [<HOME>/.arkcase/custom/node_modules/core-js/library/modules/_has.js]
[m[36m<TIMESTAMP>,286 [DEBUG] [main] com.armedia.acm.userinterface.angular.AngularResourceCopier - Copying [<HOME>/.arkcase/tmp/node_modules/core-js/library/modules/es6.math.trunc.js] to [<HOME>/.arkcase/custom/node_modules/core-js/library/modules/es6.math.trunc.js]
[m[36m<TIMESTAMP>,286 [DEBUG] [main] com.armedia.acm.userinterface.angular.AngularResourceCopier - Copying [<HOME>/.arkcase/tmp/node_modules/core-js/library/modules/es7.array.flatten.js] to [<HOME>/.arkcase/custom/node_modules/core-js/library/modules/es7.array.flatten.js]
[m[36m<TIMESTAMP>,286 [DEBUG] [main] com.armedia.acm.userinterface.angular.AngularResourceCopier - Copying [<HOME>/.arkcase/tmp/node_modules/core-js/library/modules/_fails.js] to [<HOME>/.arkcase/custom/node_modules/core-js/library/modules/_fails.js]
[m[36m<TIMESTAMP>,286 [DEBUG] [main] com.armedia.acm.userinterface.angular.AngularResourceCopier - Copying [<HOME>/.arkcase/tmp/node_modules/core-js/library/modules/es6.regexp.constructor.js] to [<HOME>/.arkcase/custom/node_modules/core-js/library/modules/es6.regexp.constructor.js]
[m[36m<TIMESTAMP>,287 [DEBUG] [main] com.armedia.acm.userinterface.angular.AngularResourceCopier - Copying [<HOME>/.arkcase/tmp/node_modules/core-js/library/modules/_iter-create.js] to [<HOME>/.arkcase/custom/node_modules/core-js/library/modules/_iter-create.js]
[m[36m<TIMESTAMP>,287 [DEBUG] [main] com.armedia.acm.userinterface.angular.AngularResourceCopier - Copying [<HOME>/.arkcase/tmp/node_modules/core-js/library/modules/es6.string.trim.js] to [<HOME>/.arkcase/custom/node_modules/core-js/library/modules/es6.string.trim.js]
[m[36m<TIMESTAMP>,287 [DEBUG] [main] com.armedia.acm.userinterface.angular.AngularResourceCopier - Copying [<HOME>/.arkcase/tmp/node_modules/core-js/library/modules/es6.reflect.prevent-extensions.js] to [<HOME>/.arkcase/custom/node_modules/core-js/library/modules/es6.reflect.prevent-extensions.js]
[m[36m<TIMESTAMP>,287 [DEBUG] [main] com.armedia.acm.userinterface.angular.AngularResourceCopier - Copying [<HOME>/.arkcase/tmp/node_modules/core-js/library/modules/es6.regexp.search.js] to [<HOME>/.arkcase/custom/node_modules/core-js/library/modules/es6.regexp.search.js]
[m[36m<TIMESTAMP>,287 [DEBUG] [main] com.armedia.acm.userinterface.angular.AngularResourceCopier - Copying [<HOME>/.arkcase/tmp/node_modules/core-js/library/modules/es6.typed.int8-array.js] to [<HOME>/.arkcase/custom/node_modules/core-js/library/modules/es6.typed.int8-array.js]
[m[36m<TIMESTAMP>,287 [DEBUG] [main] com.armedia.acm.userinterface.angular.AngularResourceCopier - Copying [<HOME>/.arkcase/tmp/node_modules/core-js/library/modules/es6.regexp.match.js] to [<HOME>/.arkcase/custom/node_modules/core-js/library/modules/es6.regexp.match.js]
[m[36m<TIMESTAMP>,287 [DEBUG] [main] com.armedia.acm.userinterface.angular.AngularResourceCopier - Copying [<HOME>/.arkcase/tmp/node_modules/core-js/library/modules/es6.number.is-integer.js] to [<HOME>/.arkcase/custom/node_modules/core-js/library/modules/es6.number.is-integer.js]
[m[36m<TIMESTAMP>,287 [DEBUG] [main] com.armedia.acm.userinterface.angular.AngularResourceCopier - Copying [<HOME>/.arkcase/tmp/node_modules/core-js/library/modules/_to-absolute-index.js] to [<HOME>/.arkcase/custom/node_modules/core-js/library/modules/_to-absolute-index.js]
[m[36m<TIMESTAMP>,288 [DEBUG] [main] com.armedia.acm.userinterface.angular.AngularResourceCopier - Copying [<HOME>/.arkcase/tmp/node_modules/core-js/library/modules/es6.object.is-extensible.js] to [<HOME>/.arkcase/custom/node_modules/core-js/library/modules/es6.object.is-extensible.js]
[m[36m<TIMESTAMP>,288 [DEBUG] [main] com.armedia.acm.userinterface.angular.AngularResourceCopier - Copying [<HOME>/.arkcase/tmp/node_modules/core-js/library/modules/es6.array.slice.js] to [<HOME>/.arkcase/custom/node_modules/core-js/library/modules/es6.array.slice.js]
[m[36m<TIMESTAMP>,288 [DEBUG] [main] com.armedia.acm.userinterface.angular.AngularResourceCopier - Copying [<HOME>/.arkcase/tmp/node_modules/core-js/library/modules/_property-desc.js] to [<HOME>/.arkcase/custom/node_modules/core-js/library/modules/_property-desc.js]
[m[36m<TIMESTAMP>,288 [DEBUG] [main] com.armedia.acm.userinterface.angular.AngularResourceCopier - Copying [<HOME>/.arkcase/tmp/node_modules/core-js/library/modules/core.regexp.escape.js] to [<HOME>/.arkcase/custom/node_modules/core-js/library/modules/core.regexp.escape.js]
[m[36m<TIMESTAMP>,288 [DEBUG] [main] com.armedia.acm.userinterface.angular.AngularResourceCopier - Copying [<HOME>/.arkcase/tmp/node_modules/core-js/library/modules/_global.js] to [<HOME>/.arkcase/custom/node_modules/core-js/library/modules/_global.js]
[m[36m<TIMESTAMP>,288 [DEBUG] [main] com.armedia.acm.userinterface.angular.AngularResourceCopier - Copying [<HOME>/.arkcase/tmp/node_modules/core-js/library/modules/es6.object.create.js] to [<HOME>/.arkcase/custom/node_modules/core-js/library/modules/es6.object.create.js]
[m[36m<TIMESTAMP>,288 [DEBUG] [main] com.armedia.acm.userinterface.angular.AngularResourceCopier - Copying [<HOME>/.arkcase/tmp/node_modules/core-js/library/modules/es7.set.from.js] to [<HOME>/.arkcase/custom/node_modules/core-js/library/modules/es7.set.from.js]
[m[36m<TIMESTAMP>,289 [DEBUG] [main] com.armedia.acm.userinterface.angular.AngularResourceCopier - Copying [<HOME>/.arkcase/tmp/node_modules/core-js/library/modules/_is-array.js] to [<HOME>/.arkcase/custom/node_modules/core-js/library/modules/_is-array.js]
[m[36m<TIMESTAMP>,289 [DEBUG] [main] com.armedia.acm.userinterface.angular.AngularResourceCopier - Copying [<HOME>/.arkcase/tmp/node_modules/core-js/library/modules/es6.date.to-iso-string.js] to [<HOME>/.arkcase/custom/node_modules/core-js/library/modules/es6.date.to-iso-string.js]
[m[36m<TIMESTAMP>,289 [DEBUG] [main] com.armedia.acm.userinterface.angular.AngularResourceCopier - Copying [<HOME>/.arkcase/tmp/node_modules/core-js/library/modules/_array-methods.js] to [<HOME>/.arkcase/custom/node_modules/core-js/library/modules/_array-methods.js]
[m[36m<TIMESTAMP>,289 [DEBUG] [main] com.armedia.acm.userinterface.angular.AngularResourceCopier - Copying [<HOME>/.arkcase/tmp/node_modules/core-js/library/modules/es7.map.to-json.js] to [<HOME>/.arkcase/custom/node_modules/core-js/library/modules/es7.map.to-json.js]
[m[36m<TIMESTAMP>,289 [DEBUG] [main] com.armedia.acm.userinterface.angular.AngularResourceCopier - Copying [<HOME>/.arkcase/tmp/node_modules/core-js/library/modules/_set-proto.js] to [<HOME>/.arkcase/custom/node_modules/core-js/library/modules/_set-proto.js]
[m[36m<TIMESTAMP>,289 [DEBUG] [main] com.armedia.acm.userinterface.angular.AngularResourceCopier - Copying [<HOME>/.arkcase/tmp/node_modules/core-js/library/modules/_iter-define.js] to [<HOME>/.arkcase/custom/node_modules/core-js/library/modules/_iter-define.js]
[m[36m<TIMESTAMP>,289 [DEBUG] [main] com.armedia.acm.userinterface.angular.AngularResourceCopier - Copying [<HOME>/.arkcase/tmp/node_modules/core-js/library/modules/es7.reflect.delete-metadata.js] to [<HOME>/.arkcase/custom/node_modules/core-js/library/modules/es7.reflect.delete-metadata.js]
[m[36m<TIMESTAMP>,290 [DEBUG] [main] com.armedia.acm.userinterface.angular.AngularResourceCopier - Copying [<HOME>/.arkcase/tmp/node_modules/core-js/library/modules/_an-instance.js] to [<HOME>/.arkcase/custom/node_modules/core-js/library/modules/_an-instance.js]
[m[36m<TIMESTAMP>,290 [DEBUG] [main] com.armedia.acm.userinterface.angular.AngularResourceCopier - Copying [<HOME>/.arkcase/tmp/node_modules/core-js/library/modules/core.object.define.js] to [<HOME>/.arkcase/custom/node_modules/core-js/library/modules/core.object.define.js]
[m[36m<TIMESTAMP>,290 [DEBUG] [main] com.armedia.acm.userinterface.angular.AngularResourceCopier - Copying [<HOME>/.arkcase/tmp/node_modules/core-js/library/modules/_date-to-primitive.js] to [<HOME>/.arkcase/custom/node_modules/core-js/library/modules/_date-to-primitive.js]
[m[36m<TIMESTAMP>,290 [DEBUG] [main] com.armedia.acm.userinterface.angular.AngularResourceCopier - Copying [<HOME>/.arkcase/tmp/node_modules/core-js/library/modules/_ie8-dom-define.js] to [<HOME>/.arkcase/custom/node_modules/core-js/library/modules/_ie8-dom-define.js]
[m[36m<TIMESTAMP>,290 [DEBUG] [main] com.armedia.acm.userinterface.angular.AngularResourceCopier - Copying [<HOME>/.arkcase/tmp/node_modules/core-js/library/modules/es6.math.hypot.js] to [<HOME>/.arkcase/custom/node_modules/core-js/library/modules/es6.math.hypot.js]
[m[36m<TIMESTAMP>,291 [DEBUG] [main] com.armedia.acm.userinterface.angular.AngularResourceCopier - Copying [<HOME>/.arkcase/tmp/node_modules/core-js/library/modules/es6.array.copy-within.js] to [<HOME>/.arkcase/custom/node_modules/core-js/library/modules/es6.array.copy-within.js]
[m[36m<TIMESTAMP>,291 [DEBUG] [main] com.armedia.acm.userinterface.angular.AngularResourceCopier - Copying [<HOME>/.arkcase/tmp/node_modules/core-js/library/modules/_math-expm1.js] to [<HOME>/.arkcase/custom/node_modules/core-js/library/modules/_math-expm1.js]
[m[36m<TIMESTAMP>,291 [DEBUG] [main] com.armedia.acm.userinterface.angular.AngularResourceCopier - Copying [<HOME>/.arkcase/tmp/node_modules/core-js/library/modules/_math-scale.js] to [<HOME>/.arkcase/custom/node_modules/core-js/library/modules/_math-scale.js]
[m[36m<TIMESTAMP>,291 [DEBUG] [main] com.armedia.acm.userinterface.angular.AngularResourceCopier - Copying [<HOME>/.arkcase/tmp/node_modules/core-js/library/modules/es6.array.map.js] to [<HOME>/.arkcase/custom/node_modules/core-js/library/modules/es6.array.map.js]
[m[36m<TIMESTAMP>,291 [DEBUG] [main] com.armedia.acm.userinterface.angular.AngularResourceCopier - Copying [<HOME>/.arkcase/tmp/node_modules/core-js/library/modules/es6.typed.int16-array.js] to [<HOME>/.arkcase/custom/node_modules/core-js/library/modules/es6.typed.int16-array.js]
[m[36m<TIMESTAMP>,291 [DEBUG] [main] com.armedia.acm.userinterface.angular.AngularResourceCopier - Copying [<HOME>/.arkcase/tmp/node_modules/core-js/library/modules/es6.array.reduce-right.js] to [<HOME>/.arkcase/custom/node_modules/core-js/library/modules/es6.array.reduce-right.js]
[m[36m<TIMESTAMP>,291 [DEBUG] [main] com.armedia.acm.userinterface.angular.AngularResourceCopier - Copying [<HOME>/.arkcase/tmp/node_modules/core-js/library/modules/es6.typed.array-buffer.js] to [<HOME>/.arkcase/custom/node_modules/core-js/library/modules/es6.typed.array-buffer.js]
[m[36m<TIMESTAMP>,291 [DEBUG] [main] com.armedia.acm.userinterface.angular.AngularResourceCopier - Copying [<HOME>/.arkcase/tmp/node_modules/core-js/library/modules/es6.string.strike.js] to [<HOME>/.arkcase/custom/node_modules/core-js/library/modules/es6.string.strike.js]
[m[36m<TIMESTAMP>,292 [DEBUG] [main] com.armedia.acm.userinterface.angular.AngularResourceCopier - Copying [<HOME>/.arkcase/tmp/node_modules/core-js/library/modules/es6.set.js] to [<HOME>/.arkcase/custom/node_modules/core-js/library/modules/es6.set.js]
[m[36m<TIMESTAMP>,292 [DEBUG] [main] com.armedia.acm.userinterface.angular.AngularResourceCopier - Copying [<HOME>/.arkcase/tmp/node_modules/core-js/library/modules/es6.typed.int32-array.js] to [<HOME>/.arkcase/custom/node_modules/core-js/library/modules/es6.typed.int32-array.js]
[m[36m<TIMESTAMP>,292 [DEBUG] [main] com.armedia.acm.userinterface.angular.AngularResourceCopier - Copying [<HOME>/.arkcase/tmp/node_modules/core-js/library/modules/es7.weak-map.from.js] to [<HOME>/.arkcase/custom/node_modules/core-js/library/modules/es7.weak-map.from.js]
[m[36m<TIMESTAMP>,292 [DEBUG] [main] com.armedia.acm.userinterface.angular.AngularResourceCopier - Copying [<HOME>/.arkcase/tmp/node_modules/core-js/library/modules/_strict-method.js] to [<HOME>/.arkcase/custom/node_modules/core-js/library/modules/_strict-method.js]
[m[36m<TIMESTAMP>,292 [DEBUG] [main] com.armedia.acm.userinterface.angular.AngularResourceCopier - Copying [<HOME>/.arkcase/tmp/node_modules/core-js/library/modules/_to-iobject.js] to [<HOME>/.arkcase/custom/node_modules/core-js/library/modules/_to-iobject.js]
[m[36m<TIMESTAMP>,292 [DEBUG] [main] com.armedia.acm.userinterface.angular.AngularResourceCopier - Copying [<HOME>/.arkcase/tmp/node_modules/core-js/library/modules/es6.typed.float32-array.js] to [<HOME>/.arkcase/custom/node_modules/core-js/library/modules/es6.typed.float32-array.js]
[m[36m<TIMESTAMP>,292 [DEBUG] [main] com.armedia.acm.userinterface.angular.AngularResourceCopier - Copying [<HOME>/.arkcase/tmp/node_modules/core-js/library/modules/core.object.classof.js] to [<HOME>/.arkcase/custom/node_modules/core-js/library/modules/core.object.classof.js]
[m[36m<TIMESTAMP>,293 [DEBUG] [main] com.armedia.acm.userinterface.angular.AngularResourceCopier - Copying [<HOME>/.arkcase/tmp/node_modules/core-js/library/modules/es6.object.define-properties.js] to [<HOME>/.arkcase/custom/node_modules/core-js/library/modules/es6.object.define-properties.js]
[m[36m<TIMESTAMP>,293 [DEBUG] [main] com.armedia.acm.userinterface.angular.AngularResourceCopier - Copying [<HOME>/.arkcase/tmp/node_modules/core-js/library/modules/es6.math.expm1.js] to [<HOME>/.arkcase/custom/node_modules/core-js/library/modules/es6.math.expm1.js]
[m[36m<TIMESTAMP>,293 [DEBUG] [main] com.armedia.acm.userinterface.angular.AngularResourceCopier - Copying [<HOME>/.arkcase/tmp/node_modules/core-js/library/modules/_native-weak-map.js] to [<HOME>/.arkcase/custom/node_modules/core-js/library/modules/_native-weak-map.js]
[m[36m<TIMESTAMP>,293 [DEBUG] [main] com.armedia.acm.userinterface.angular.AngularResourceCopier - Copying [<HOME>/.arkcase/tmp/node_modules/core-js/library/modules/_wks-define.js] to [<HOME>/.arkcase/custom/node_modules/core-js/library/modules/_wks-define.js]
[m[36m<TIMESTAMP>,293 [DEBUG] [main] com.armedia.acm.userinterface.angular.AngularResourceCopier - Copying [<HOME>/.arkcase/tmp/node_modules/core-js/library/modules/_user-agent.js] to [<HOME>/.arkcase/custom/node_modules/core-js/library/modules/_user-agent.js]
[m[36m<TIMESTAMP>,293 [DEBUG] [main] com.armedia.acm.userinterface.angular.AngularResourceCopier - Copying [<HOME>/.arkcase/tmp/node_modules/core-js/library/modules/es7.object.define-setter.js] to [<HOME>/.arkcase/custom/node_modules/core-js/library/modules/es7.object.define-setter.js]
[m[36m<TIMESTAMP>,293 [DEBUG] [main] com.armedia.acm.userinterface.angular.AngularResourceCopier - Copying [<HOME>/.arkcase/tmp/node_modules/core-js/library/modules/_iter-detect.js] to [<HOME>/.arkcase/custom/node_modules/core-js/library/modules/_iter-detect.js]
[m[36m<TIMESTAMP>,294 [DEBUG] [main] com.armedia.acm.userinterface.angular.AngularResourceCopier - Copying [<HOME>/.arkcase/tmp/node_modules/core-js/library/modules/es6.array.some.js] to [<HOME>/.arkcase/custom/node_modules/core-js/library/modules/es6.array.some.js]
[m[36m<TIMESTAMP>,294 [DEBUG] [main] com.armedia.acm.userinterface.angular.AngularResourceCopier - Copying [<HOME>/.arkcase/tmp/node_modules/core-js/library/modules/_array-fill.js] to [<HOME>/.arkcase/custom/node_modules/core-js/library/modules/_array-fill.js]
[m[36m<TIMESTAMP>,294 [DEBUG] [main] com.armedia.acm.userinterface.angular.AngularResourceCopier - Copying [<HOME>/.arkcase/tmp/node_modules/core-js/library/modules/es6.regexp.split.js] to [<HOME>/.arkcase/custom/node_modules/core-js/library/modules/es6.regexp.split.js]
[m[36m<TIMESTAMP>,294 [DEBUG] [main] com.armedia.acm.userinterface.angular.AngularResourceCopier - Copying [<HOME>/.arkcase/tmp/node_modules/core-js/library/modules/_string-context.js] to [<HOME>/.arkcase/custom/node_modules/core-js/library/modules/_string-context.js]
[m[36m<TIMESTAMP>,294 [DEBUG] [main] com.armedia.acm.userinterface.angular.AngularResourceCopier - Copying [<HOME>/.arkcase/tmp/node_modules/core-js/library/modules/_typed.js] to [<HOME>/.arkcase/custom/node_modules/core-js/library/modules/_typed.js]
[m[36m<TIMESTAMP>,294 [DEBUG] [main] com.armedia.acm.userinterface.angular.AngularResourceCopier - Copying [<HOME>/.arkcase/tmp/node_modules/core-js/library/modules/_export.js] to [<HOME>/.arkcase/custom/node_modules/core-js/library/modules/_export.js]
[m[36m<TIMESTAMP>,294 [DEBUG] [main] com.armedia.acm.userinterface.angular.AngularResourceCopier - Copying [<HOME>/.arkcase/tmp/node_modules/core-js/library/modules/es6.typed.uint8-clamped-array.js] to [<HOME>/.arkcase/custom/node_modules/core-js/library/modules/es6.typed.uint8-clamped-array.js]
[m[36m<TIMESTAMP>,295 [DEBUG] [main] com.armedia.acm.userinterface.angular.AngularResourceCopier - Copying [<HOME>/.arkcase/tmp/node_modules/core-js/library/modules/_redefine.js] to [<HOME>/.arkcase/custom/node_modules/core-js/library/modules/_redefine.js]
[m[36m<TIMESTAMP>,295 [DEBUG] [main] com.armedia.acm.userinterface.angular.AngularResourceCopier - Copying [<HOME>/.arkcase/tmp/node_modules/core-js/library/modules/es7.string.trim-left.js] to [<HOME>/.arkcase/custom/node_modules/core-js/library/modules/es7.string.trim-left.js]
[m[36m<TIMESTAMP>,295 [DEBUG] [main] com.armedia.acm.userinterface.angular.AngularResourceCopier - Copying [<HOME>/.arkcase/tmp/node_modules/core-js/library/core/_.js] to [<HOME>/.arkcase/custom/node_modules/core-js/library/core/_.js]
[m[36m<TIMESTAMP>,295 [DEBUG] [main] com.armedia.acm.userinterface.angular.AngularResourceCopier - Copying [<HOME>/.arkcase/tmp/node_modules/core-js/library/core/index.js] to [<HOME>/.arkcase/custom/node_modules/core-js/library/core/index.js]
[m[36m<TIMESTAMP>,295 [DEBUG] [main] com.armedia.acm.userinterface.angular.AngularResourceCopier - Copying [<HOME>/.arkcase/tmp/node_modules/core-js/library/core/function.js] to [<HOME>/.arkcase/custom/node_modules/core-js/library/core/function.js]
[m[36m<TIMESTAMP>,295 [DEBUG] [main] com.armedia.acm.userinterface.angular.AngularResourceCopier - Copying [<HOME>/.arkcase/tmp/node_modules/core-js/library/core/number.js] to [<HOME>/.arkcase/custom/node_modules/core-js/library/core/number.js]
[m[36m<TIMESTAMP>,295 [DEBUG] [main] com.armedia.acm.userinterface.angular.AngularResourceCopier - Copying [<HOME>/.arkcase/tmp/node_modules/core-js/library/core/string.js] to [<HOME>/.arkcase/custom/node_modules/core-js/library/core/string.js]
[m[36m<TIMESTAMP>,296 [DEBUG] [main] com.armedia.acm.userinterface.angular.AngularResourceCopier - Copying [<HOME>/.arkcase/tmp/node_modules/core-js/library/core/regexp.js] to [<HOME>/.arkcase/custom/node_modules/core-js/library/core/regexp.js]
[m[36m<TIMESTAMP>,296 [DEBUG] [main] com.armedia.acm.userinterface.angular.AngularResourceCopier - Copying [<HOME>/.arkcase/tmp/node_modules/core-js/library/core/object.js] to [<HOME>/.arkcase/custom/node_modules/core-js/library/core/object.js]
[m[36m<TIMESTAMP>,296 [DEBUG] [main] com.armedia.acm.userinterface.angular.AngularResourceCopier - Copying [<HOME>/.arkcase/tmp/node_modules/core-js/library/core/dict.js] to [<HOME>/.arkcase/custom/node_modules/core-js/library/core/dict.js]
[m[36m<TIMESTAMP>,296 [DEBUG] [main] com.armedia.acm.userinterface.angular.AngularResourceCopier - Copying [<HOME>/.arkcase/tmp/node_modules/core-js/library/core/delay.js] to [<HOME>/.arkcase/custom/node_modules/core-js/library/core/delay.js]
[m[36m<TIMESTAMP>,296 [DEBUG] [main] com.armedia.acm.userinterface.angular.AngularResourceCopier - Copying [<HOME>/.arkcase/tmp/node_modules/core-js/library/es6/index.js] to [<HOME>/.arkcase/custom/node_modules/core-js/library/es6/index.js]
[m[36m<TIMESTAMP>,296 [DEBUG] [main] com.armedia.acm.userinterface.angular.AngularResourceCopier - Copying [<HOME>/.arkcase/tmp/node_modules/core-js/library/es6/promise.js] to [<HOME>/.arkcase/custom/node_modules/core-js/library/es6/promise.js]
[m[36m<TIMESTAMP>,296 [DEBUG] [main] com.armedia.acm.userinterface.angular.AngularResourceCopier - Copying [<HOME>/.arkcase/tmp/node_modules/core-js/library/es6/reflect.js] to [<HOME>/.arkcase/custom/node_modules/core-js/library/es6/reflect.js]
[m[36m<TIMESTAMP>,297 [DEBUG] [main] com.armedia.acm.userinterface.angular.AngularResourceCopier - Copying [<HOME>/.arkcase/tmp/node_modules/core-js/library/es6/function.js] to [<HOME>/.arkcase/custom/node_modules/core-js/library/es6/function.js]
[m[36m<TIMESTAMP>,297 [DEBUG] [main] com.armedia.acm.userinterface.angular.AngularResourceCopier - Copying [<HOME>/.arkcase/tmp/node_modules/core-js/library/es6/number.js] to [<HOME>/.arkcase/custom/node_modules/core-js/library/es6/number.js]
[m[36m<TIMESTAMP>,297 [DEBUG] [main] com.armedia.acm.userinterface.angular.AngularResourceCopier - Copying [<HOME>/.arkcase/tmp/node_modules/core-js/library/es6/map.js] to [<HOME>/.arkcase/custom/node_modules/core-js/library/es6/map.js]
[m[36m<TIMESTAMP>,297 [DEBUG] [main] com.armedia.acm.userinterface.angular.AngularResourceCopier - Copying [<HOME>/.arkcase/tmp/node_modules/core-js/library/es6/string.js] to [<HOME>/.arkcase/custom/node_modules/core-js/library/es6/string.js]
[m[36m<TIMESTAMP>,297 [DEBUG] [main] com.armedia.acm.userinterface.angular.AngularResourceCopier - Copying [<HOME>/.arkcase/tmp/node_modules/core-js/library/es6/regexp.js] to [<HOME>/.arkcase/custom/node_modules/core-js/library/es6/regexp.js]
[m[36m<TIMESTAMP>,297 [DEBUG] [main] com.armedia.acm.userinterface.angular.AngularResourceCopier - Copying [<HOME>/.arkcase/tmp/node_modules/core-js/library/es6/parse-float.js] to [<HOME>/.arkcase/custom/node_modules/core-js/library/es6/parse-float.js]
[m[36m<TIMESTAMP>,297 [DEBUG] [main] com.armedia.acm.userinterface.angular.AngularResourceCopier - Copying [<HOME>/.arkcase/tmp/node_modules/core-js/library/es6/array.js] to [<HOME>/.arkcase/custom/node_modules/core-js/library/es6/array.js]
[m[36m<TIMESTAMP>,298 [DEBUG] [main] com.armedia.acm.userinterface.angular.AngularResourceCopier - Copying [<HOME>/.arkcase/tmp/node_modules/core-js/library/es6/object.js] to [<HOME>/.arkcase/custom/node_modules/core-js/library/es6/object.js]
[m[36m<TIMESTAMP>,298 [DEBUG] [main] com.armedia.acm.userinterface.angular.AngularResourceCopier - Copying [<HOME>/.arkcase/tmp/node_modules/core-js/library/es6/weak-map.js] to [<HOME>/.arkcase/custom/node_modules/core-js/library/es6/weak-map.js]
[m[36m<TIMESTAMP>,298 [DEBUG] [main] com.armedia.acm.userinterface.angular.AngularResourceCopier - Copying [<HOME>/.arkcase/tmp/node_modules/core-js/library/es6/symbol.js] to [<HOME>/.arkcase/custom/node_modules/core-js/library/es6/symbol.js]
[m[36m<TIMESTAMP>,298 [DEBUG] [main] com.armedia.acm.userinterface.angular.AngularResourceCopier - Copying [<HOME>/.arkcase/tmp/node_modules/core-js/library/es6/math.js] to [<HOME>/.arkcase/custom/node_modules/core-js/library/es6/math.js]
[m[36m<TIMESTAMP>,298 [DEBUG] [main] com.armedia.acm.userinterface.angular.AngularResourceCopier - Copying [<HOME>/.arkcase/tmp/node_modules/core-js/library/es6/parse-int.js] to [<HOME>/.arkcase/custom/node_modules/core-js/library/es6/parse-int.js]
[m[36m<TIMESTAMP>,298 [DEBUG] [main] com.armedia.acm.userinterface.angular.AngularResourceCopier - Copying [<HOME>/.arkcase/tmp/node_modules/core-js/library/es6/weak-set.js] to [<HOME>/.arkcase/custom/node_modules/core-js/library/es6/weak-set.js]
[m[36m<TIMESTAMP>,298 [DEBUG] [main] com.armedia.acm.userinterface.angular.AngularResourceCopier - Copying [<HOME>/.arkcase/tmp/node_modules/core-js/library/es6/date.js] to [<HOME>/.arkcase/custom/node_modules/core-js/library/es6/date.js]
[m[36m<TIMESTAMP>,299 [DEBUG] [main] com.armedia.acm.userinterface.angular.AngularResourceCopier - Copying [<HOME>/.arkcase/tmp/node_modules/core-js/library/es6/set.js] to [<HOME>/.arkcase/custom/node_modules/core-js/library/es6/set.js]
[m[36m<TIMESTAMP>,299 [DEBUG] [main] com.armedia.acm.userinterface.angular.AngularResourceCopier - Copying [<HOME>/.arkcase/tmp/node_modules/core-js/library/es6/typed.js] to [<HOME>/.arkcase/custom/node_modules/core-js/library/es6/typed.js]
[m[36m<TIMESTAMP>,299 [DEBUG] [main] com.armedia.acm.userinterface.angular.AngularResourceCopier - Copying [<HOME>/.arkcase/tmp/node_modules/core-js/library/es5/index.js] to [<HOME>/.arkcase/custom/node_modules/core-js/library/es5/index.js]
[m[36m<TIMESTAMP>,299 [DEBUG] [main] com.armedia.acm.userinterface.angular.AngularResourceCopier - Copying [<HOME>/.arkcase/tmp/node_modules/core-js/library/stage/index.js] to [<HOME>/.arkcase/custom/node_modules/core-js/library/stage/index.js]
[m[36m<TIMESTAMP>,299 [DEBUG] [main] com.armedia.acm.userinterface.angular.AngularResourceCopier - Copying [<HOME>/.arkcase/tmp/node_modules/core-js/library/stage/0.js] to [<HOME>/.arkcase/custom/node_modules/core-js/library/stage/0.js]
[m[36m<TIMESTAMP>,299 [DEBUG] [main] com.armedia.acm.userinterface.angular.AngularResourceCopier - Copying [<HOME>/.arkcase/tmp/node_modules/core-js/library/stage/pre.js] to [<HOME>/.arkcase/custom/node_modules/core-js/library/stage/pre.js]
[m[36m<TIMESTAMP>,299 [DEBUG] [main] com.armedia.acm.userinterface.angular.AngularResourceCopier - Copying [<HOME>/.arkcase/tmp/node_modules/core-js/library/stage/1.js] to [<HOME>/.arkcase/custom/node_modules/core-js/library/stage/1.js]
[m[36m<TIMESTAMP>,299 [DEBUG] [main] com.armedia.acm.userinterface.angular.AngularResourceCopier - Copying [<HOME>/.arkcase/tmp/node_modules/core-js/library/stage/2.js] to [<HOME>/.arkcase/custom/node_modules/core-js/library/stage/2.js]
[m[36m<TIMESTAMP>,300 [DEBUG] [main] com.armedia.acm.userinterface.angular.AngularResourceCopier - Copying [<HOME>/.arkcase/tmp/node_modules/core-js/library/stage/3.js] to [<HOME>/.arkcase/custom/node_modules/core-js/library/stage/3.js]
[m[36m<TIMESTAMP>,300 [DEBUG] [main] com.armedia.acm.userinterface.angular.AngularResourceCopier - Copying [<HOME>/.arkcase/tmp/node_modules/core-js/library/stage/4.js] to [<HOME>/.arkcase/custom/node_modules/core-js/library/stage/4.js]
[m[36m<TIMESTAMP>,300 [DEBUG] [main] com.armedia.acm.userinterface.angular.AngularResourceCopier - Copying [<HOME>/.arkcase/tmp/node_modules/core-js/library/fn/_.js] to [<HOME>/.arkcase/custom/node_modules/core-js/library/fn/_.js]
[m[36m<TIMESTAMP>,300 [DEBUG] [main] com.armedia.acm.userinterface.angular.AngularResourceCopier - Copying [<HOME>/.arkcase/tmp/node_modules/core-js/library/fn/promise.js] to [<HOME>/.arkcase/custom/node_modules/core-js/library/fn/promise.js]
[m[36m<TIMESTAMP>,300 [DEBUG] [main] com.armedia.acm.userinterface.angular.AngularResourceCopier - Copying [<HOME>/.arkcase/tmp/node_modules/core-js/library/fn/clear-immediate.js] to [<HOME>/.arkcase/custom/node_modules/core-js/library/fn/clear-immediate.js]
[m[36m<TIMESTAMP>,300 [DEBUG] [main] com.armedia.acm.userinterface.angular.AngularResourceCopier - Copying [<HOME>/.arkcase/tmp/node_modules/core-js/library/fn/asap.js] to [<HOME>/.arkcase/custom/node_modules/core-js/library/fn/asap.js]
[m[36m<TIMESTAMP>,300 [DEBUG] [main] com.armedia.acm.userinterface.angular.AngularResourceCopier - Copying [<HOME>/.arkcase/tmp/node_modules/core-js/library/fn/function/part.js] to [<HOME>/.arkcase/custom/node_modules/core-js/library/fn/function/part.js]
[m[36m<TIMESTAMP>,300 [DEBUG] [main] com.armedia.acm.userinterface.angular.AngularResourceCopier - Copying [<HOME>/.arkcase/tmp/node_modules/core-js/library/fn/function/index.js] to [<HOME>/.arkcase/custom/node_modules/core-js/library/fn/function/index.js]
[m[36m<TIMESTAMP>,301 [DEBUG] [main] com.armedia.acm.userinterface.angular.AngularResourceCopier - Copying [<HOME>/.arkcase/tmp/node_modules/core-js/library/fn/function/bind.js] to [<HOME>/.arkcase/custom/node_modules/core-js/library/fn/function/bind.js]
[m[36m<TIMESTAMP>,301 [DEBUG] [main] com.armedia.acm.userinterface.angular.AngularResourceCopier - Copying [<HOME>/.arkcase/tmp/node_modules/core-js/library/fn/function/has-instance.js] to [<HOME>/.arkcase/custom/node_modules/core-js/library/fn/function/has-instance.js]
[m[36m<TIMESTAMP>,301 [DEBUG] [main] com.armedia.acm.userinterface.angular.AngularResourceCopier - Copying [<HOME>/.arkcase/tmp/node_modules/core-js/library/fn/function/virtual/part.js] to [<HOME>/.arkcase/custom/node_modules/core-js/library/fn/function/virtual/part.js]
[m[36m<TIMESTAMP>,301 [DEBUG] [main] com.armedia.acm.userinterface.angular.AngularResourceCopier - Copying [<HOME>/.arkcase/tmp/node_modules/core-js/library/fn/function/virtual/index.js] to [<HOME>/.arkcase/custom/node_modules/core-js/library/fn/function/virtual/index.js]
[m[36m<TIMESTAMP>,301 [DEBUG] [main] com.armedia.acm.userinterface.angular.AngularResourceCopier - Copying [<HOME>/.arkcase/tmp/node_modules/core-js/library/fn/function/virtual/bind.js] to [<HOME>/.arkcase/custom/node_modules/core-js/library/fn/function/virtual/bind.js]
[m[36m<TIMESTAMP>,301 [DEBUG] [main] com.armedia.acm.userinterface.angular.AngularResourceCopier - Copying [<HOME>/.arkcase/tmp/node_modules/core-js/library/fn/function/name.js] to [<HOME>/.arkcase/custom/node_modules/core-js/library/fn/function/name.js]
[m[36m<TIMESTAMP>,302 [DEBUG] [main] com.armedia.acm.userinterface.angular.AngularResourceCopier - Copying [<HOME>/.arkcase/tmp/node_modules/core-js/library/fn/weak-set/index.js] to [<HOME>/.arkcase/custom/node_modules/core-js/library/fn/weak-set/index.js]
[m[36m<TIMESTAMP>,302 [DEBUG] [main] com.armedia.acm.userinterface.angular.AngularResourceCopier - Copying [<HOME>/.arkcase/tmp/node_modules/core-js/library/fn/weak-set/of.js] to [<HOME>/.arkcase/custom/node_modules/core-js/library/fn/weak-set/of.js]
[m[36m<TIMESTAMP>,302 [DEBUG] [main] com.armedia.acm.userinterface.angular.AngularResourceCopier - Copying [<HOME>/.arkcase/tmp/node_modules/core-js/library/fn/weak-set/from.js] to [<HOME>/.arkcase/custom/node_modules/core-js/library/fn/weak-set/from.js]
[m[36m<TIMESTAMP>,302 [DEBUG] [main] com.armedia.acm.userinterface.angular.AngularResourceCopier - Copying [<HOME>/.arkcase/tmp/node_modules/core-js/library/fn/observable.js] to [<HOME>/.arkcase/custom/node_modules/core-js/library/fn/observable.js]
[m[36m<TIMESTAMP>,302 [DEBUG] [main] com.armedia.acm.userinterface.angular.AngularResourceCopier - Copying [<HOME>/.arkcase/tmp/node_modules/core-js/library/fn/dom-collections/index.js] to [<HOME>/.arkcase/custom/node_modules/core-js/library/fn/dom-collections/index.js]
[m[36m<TIMESTAMP>,302 [DEBUG] [main] com.armedia.acm.userinterface.angular.AngularResourceCopier - Copying [<HOME>/.arkcase/tmp/node_modules/core-js/library/fn/dom-collections/iterator.js] to [<HOME>/.arkcase/custom/node_modules/core-js/library/fn/dom-collections/iterator.js]
[m[36m<TIMESTAMP>,302 [DEBUG] [main] com.armedia.acm.userinterface.angular.AngularResourceCopier - Copying [<HOME>/.arkcase/tmp/node_modules/core-js/library/fn/map.js] to [<HOME>/.arkcase/custom/node_modules/core-js/library/fn/map.js]
[m[36m<TIMESTAMP>,303 [DEBUG] [main] com.armedia.acm.userinterface.angular.AngularResourceCopier - Copying [<HOME>/.arkcase/tmp/node_modules/core-js/library/fn/string/trim-start.js] to [<HOME>/.arkcase/custom/node_modules/core-js/library/fn/string/trim-start.js]
[m[36m<TIMESTAMP>,303 [DEBUG] [main] com.armedia.acm.userinterface.angular.AngularResourceCopier - Copying [<HOME>/.arkcase/tmp/node_modules/core-js/library/fn/string/small.js] to [<HOME>/.arkcase/custom/node_modules/core-js/library/fn/string/small.js]
[m[36m<TIMESTAMP>,303 [DEBUG] [main] com.armedia.acm.userinterface.angular.AngularResourceCopier - Copying [<HOME>/.arkcase/tmp/node_modules/core-js/library/fn/string/index.js] to [<HOME>/.arkcase/custom/node_modules/core-js/library/fn/string/index.js]
[m[36m<TIMESTAMP>,303 [DEBUG] [main] com.armedia.acm.userinterface.angular.AngularResourceCopier - Copying [<HOME>/.arkcase/tmp/node_modules/core-js/library/fn/string/trim-end.js] to [<HOME>/.arkcase/custom/node_modules/core-js/library/fn/string/trim-end.js]
[m[36m<TIMESTAMP>,303 [DEBUG] [main] com.armedia.acm.userinterface.angular.AngularResourceCopier - Copying [<HOME>/.arkcase/tmp/node_modules/core-js/library/fn/string/strike.js] to [<HOME>/.arkcase/custom/node_modules/core-js/library/fn/string/strike.js]
[m[36m<TIMESTAMP>,303 [DEBUG] [main] com.armedia.acm.userinterface.angular.AngularResourceCopier - Copying [<HOME>/.arkcase/tmp/node_modules/core-js/library/fn/string/sub.js] to [<HOME>/.arkcase/custom/node_modules/core-js/library/fn/string/sub.js]
[m[36m<TIMESTAMP>,303 [DEBUG] [main] com.armedia.acm.userinterface.angular.AngularResourceCopier - Copying [<HOME>/.arkcase/tmp/node_modules/core-js/library/fn/string/trim-right.js] to [<HOME>/.arkcase/custom/node_modules/core-js/library/fn/string/trim-right.js]
[m[36m<TIMESTAMP>,303 [DEBUG] [main] com.armedia.acm.userinterface.angular.AngularResourceCopier - Copying [<HOME>/.arkcase/tmp/node_modules/core-js/library/fn/string/italics.js] to [<HOME>/.arkcase/custom/node_modules/core-js/library/fn/string/italics.js]
[m[36m<TIMESTAMP>,304 [DEBUG] [main] com.armedia.acm.userinterface.angular.AngularResourceCopier - Copying [<HOME>/.arkcase/tmp/node_modules/core-js/library/fn/string/at.js] to [<HOME>/.arkcase/custom/node_modules/core-js/library/fn/string/at.js]
[m[36m<TIMESTAMP>,304 [DEBUG] [main] com.armedia.acm.userinterface.angular.AngularResourceCopier - Copying [<HOME>/.arkcase/tmp/node_modules/core-js/library/fn/string/trim.js] to [<HOME>/.arkcase/custom/node_modules/core-js/library/fn/string/trim.js]
[m[36m<TIMESTAMP>,304 [DEBUG] [main] com.armedia.acm.userinterface.angular.AngularResourceCopier - Copying [<HOME>/.arkcase/tmp/node_modules/core-js/library/fn/string/from-code-point.js] to [<HOME>/.arkcase/custom/node_modules/core-js/library/fn/string/from-code-point.js]
[m[36m<TIMESTAMP>,304 [DEBUG] [main] com.armedia.acm.userinterface.angular.AngularResourceCopier - Copying [<HOME>/.arkcase/tmp/node_modules/core-js/library/fn/string/raw.js] to [<HOME>/.arkcase/custom/node_modules/core-js/library/fn/string/raw.js]
[m[36m<TIMESTAMP>,304 [DEBUG] [main] com.armedia.acm.userinterface.angular.AngularResourceCopier - Copying [<HOME>/.arkcase/tmp/node_modules/core-js/library/fn/string/link.js] to [<HOME>/.arkcase/custom/node_modules/core-js/library/fn/string/link.js]
[m[36m<TIMESTAMP>,304 [DEBUG] [main] com.armedia.acm.userinterface.angular.AngularResourceCopier - Copying [<HOME>/.arkcase/tmp/node_modules/core-js/library/fn/string/fontcolor.js] to [<HOME>/.arkcase/custom/node_modules/core-js/library/fn/string/fontcolor.js]
[m[36m<TIMESTAMP>,304 [DEBUG] [main] com.armedia.acm.userinterface.angular.AngularResourceCopier - Copying [<HOME>/.arkcase/tmp/node_modules/core-js/library/fn/string/fontsize.js] to [<HOME>/.arkcase/custom/node_modules/core-js/library/fn/string/fontsize.js]
[m[36m<TIMESTAMP>,305 [DEBUG] [main] com.armedia.acm.userinterface.angular.AngularResourceCopier - Copying [<HOME>/.arkcase/tmp/node_modules/core-js/library/fn/string/anchor.js] to [<HOME>/.arkcase/custom/node_modules/core-js/library/fn/string/anchor.js]
[m[36m<TIMESTAMP>,305 [DEBUG] [main] com.armedia.acm.userinterface.angular.AngularResourceCopier - Copying [<HOME>/.arkcase/tmp/node_modules/core-js/library/fn/string/repeat.js] to [<HOME>/.arkcase/custom/node_modules/core-js/library/fn/string/repeat.js]
[m[36m<TIMESTAMP>,305 [DEBUG] [main] com.armedia.acm.userinterface.angular.AngularResourceCopier - Copying [<HOME>/.arkcase/tmp/node_modules/core-js/library/fn/string/fixed.js] to [<HOME>/.arkcase/custom/node_modules/core-js/library/fn/string/fixed.js]
[m[36m<TIMESTAMP>,305 [DEBUG] [main] com.armedia.acm.userinterface.angular.AngularResourceCopier - Copying [<HOME>/.arkcase/tmp/node_modules/core-js/library/fn/string/pad-end.js] to [<HOME>/.arkcase/custom/node_modules/core-js/library/fn/string/pad-end.js]
[m[36m<TIMESTAMP>,305 [DEBUG] [main] com.armedia.acm.userinterface.angular.AngularResourceCopier - Copying [<HOME>/.arkcase/tmp/node_modules/core-js/library/fn/string/unescape-html.js] to [<HOME>/.arkcase/custom/node_modules/core-js/library/fn/string/unescape-html.js]
[m[36m<TIMESTAMP>,305 [DEBUG] [main] com.armedia.acm.userinterface.angular.AngularResourceCopier - Copying [<HOME>/.arkcase/tmp/node_modules/core-js/library/fn/string/bold.js] to [<HOME>/.arkcase/custom/node_modules/core-js/library/fn/string/bold.js]
[m[36m<TIMESTAMP>,305 [DEBUG] [main] com.armedia.acm.userinterface.angular.AngularResourceCopier - Copying [<HOME>/.arkcase/tmp/node_modules/core-js/library/fn/string/big.js] to [<HOME>/.arkcase/custom/node_modules/core-js/library/fn/string/big.js]
[m[36m<TIMESTAMP>,306 [DEBUG] [main] com.armedia.acm.userinterface.angular.AngularResourceCopier - Copying [<HOME>/.arkcase/tmp/node_modules/core-js/library/fn/string/includes.js] to [<HOME>/.arkcase/custom/node_modules/core-js/library/fn/string/includes.js]
[m[36m<TIMESTAMP>,306 [DEBUG] [main] com.armedia.acm.userinterface.angular.AngularResourceCopier - Copying [<HOME>/.arkcase/tmp/node_modules/core-js/library/fn/string/trim-left.js] to [<HOME>/.arkcase/custom/node_modules/core-js/library/fn/string/trim-left.js]
[m[36m<TIMESTAMP>,306 [DEBUG] [main] com.armedia.acm.userinterface.angular.AngularResourceCopier - Copying [<HOME>/.arkcase/tmp/node_modules/core-js/library/fn/string/starts-with.js] to [<HOME>/.arkcase/custom/node_modules/core-js/library/fn/string/starts-with.js]
[m[36m<TIMESTAMP>,306 [DEBUG] [main] com.armedia.acm.userinterface.angular.AngularResourceCopier - Copying [<HOME>/.arkcase/tmp/node_modules/core-js/library/fn/string/ends-with.js] to [<HOME>/.arkcase/custom/node_modules/core-js/library/fn/string/ends-with.js]
[m[36m<TIMESTAMP>,306 [DEBUG] [main] com.armedia.acm.userinterface.angular.AngularResourceCopier - Copying [<HOME>/.arkcase/tmp/node_modules/core-js/library/fn/string/match-all.js] to [<HOME>/.arkcase/custom/node_modules/core-js/library/fn/string/match-all.js]
[m[36m<TIMESTAMP>,307 [DEBUG] [main] com.armedia.acm.userinterface.angular.AngularResourceCopier - Copying [<HOME>/.arkcase/tmp/node_modules/core-js/library/fn/string/virtual/trim-start.js] to [<HOME>/.arkcase/custom/node_modules/core-js/library/fn/string/virtual/trim-start.js]
[m[36m<TIMESTAMP>,307 [DEBUG] [main] com.armedia.acm.userinterface.angular.AngularResourceCopier - Copying [<HOME>/.arkcase/tmp/node_modules/core-js/library/fn/string/virtual/small.js] to [<HOME>/.arkcase/custom/node_modules/core-js/library/fn/string/virtual/small.js]
[m[36m<TIMESTAMP>,307 [DEBUG] [main] com.armedia.acm.userinterface.angular.AngularResourceCopier - Copying [<HOME>/.arkcase/tmp/node_modules/core-js/library/fn/string/virtual/index.js] to [<HOME>/.arkcase/custom/node_modules/core-js/library/fn/string/virtual/index.js]
[m[36m<TIMESTAMP>,307 [DEBUG] [main] com.armedia.acm.userinterface.angular.AngularResourceCopier - Copying [<HOME>/.arkcase/tmp/node_modules/core-js/library/fn/string/virtual/trim-end.js] to [<HOME>/.arkcase/custom/node_modules/core-js/library/fn/string/virtual/trim-end.js]
[m[36m<TIMESTAMP>,307 [DEBUG] [main] com.armedia.acm.userinterface.angular.AngularResourceCopier - Copying [<HOME>/.arkcase/tmp/node_modules/core-js/library/fn/string/virtual/strike.js] to [<HOME>/.arkcase/custom/node_modules/core-js/library/fn/string/virtual/strike.js]
[m[36m<TIMESTAMP>,307 [DEBUG] [main] com.armedia.acm.userinterface.angular.AngularResourceCopier - Copying [<HOME>/.arkcase/tmp/node_modules/core-js/library/fn/string/virtual/sub.js] to [<HOME>/.arkcase/custom/node_modules/core-js/library/fn/string/virtual/sub.js]
[m[36m<TIMESTAMP>,308 [DEBUG] [main] com.armedia.acm.userinterface.angular.AngularResourceCopier - Copying [<HOME>/.arkcase/tmp/node_modules/core-js/library/fn/string/virtual/trim-right.js] to [<HOME>/.arkcase/custom/node_modules/core-js/library/fn/string/virtual/trim-right.js]
[m[36m<TIMESTAMP>,308 [DEBUG] [main] com.armedia.acm.userinterface.angular.AngularResourceCopier - Copying [<HOME>/.arkcase/tmp/node_modules/core-js/library/fn/string/virtual/italics.js] to [<HOME>/.arkcase/custom/node_modules/core-js/library/fn/string/virtual/italics.js]
[m[36m<TIMESTAMP>,308 [DEBUG] [main] com.armedia.acm.userinterface.angular.AngularResourceCopier - Copying [<HOME>/.arkcase/tmp/node_modules/core-js/library/fn/string/virtual/at.js] to [<HOME>/.arkcase/custom/node_modules/core-js/library/fn/string/virtual/at.js]
[m[36m<TIMESTAMP>,308 [DEBUG] [main] com.armedia.acm.userinterface.angular.AngularResourceCopier - Copying [<HOME>/.arkcase/tmp/node_modules/core-js/library/fn/string/virtual/trim.js] to [<HOME>/.arkcase/custom/node_modules/core-js/library/fn/string/virtual/trim.js]
[m[36m<TIMESTAMP>,308 [DEBUG] [main] com.armedia.acm.userinterface.angular.AngularResourceCopier - Copying [<HOME>/.arkcase/tmp/node_modules/core-js/library/fn/string/virtual/link.js] to [<HOME>/.arkcase/custom/node_modules/core-js/library/fn/string/virtual/link.js]
[m[36m<TIMESTAMP>,308 [DEBUG] [main] com.armedia.acm.userinterface.angular.AngularResourceCopier - Copying [<HOME>/.arkcase/tmp/node_modules/core-js/library/fn/string/virtual/fontcolor.js] to [<HOME>/.arkcase/custom/node_modules/core-js/library/fn/string/virtual/fontcolor.js]
[m[36m<TIMESTAMP>,309 [DEBUG] [main] com.armedia.acm.userinterface.angular.AngularResourceCopier - Copying [<HOME>/.arkcase/tmp/node_modules/core-js/library/fn/string/virtual/fontsize.js] to [<HOME>/.arkcase/custom/node_modules/core-js/library/fn/string/virtual/fontsize.js]
[m[36m<TIMESTAMP>,309 [DEBUG] [main] com.armedia.acm.userinterface.angular.AngularResourceCopier - Copying [<HOME>/.arkcase/tmp/node_modules/core-js/library/fn/string/virtual/anchor.js] to [<HOME>/.arkcase/custom/node_modules/core-js/library/fn/string/virtual/anchor.js]
[m[36m<TIMESTAMP>,309 [DEBUG] [main] com.armedia.acm.userinterface.angular.AngularResourceCopier - Copying [<HOME>/.arkcase/tmp/node_modules/core-js/library/fn/string/virtual/repeat.js] to [<HOME>/.arkcase/custom/node_modules/core-js/library/fn/string/virtual/repeat.js]
[m[36m<TIMESTAMP>,309 [DEBUG] [main] com.armedia.acm.userinterface.angular.AngularResourceCopier - Copying [<HOME>/.arkcase/tmp/node_modules/core-js/library/fn/string/virtual/fixed.js] to [<HOME>/.arkcase/custom/node_modules/core-js/library/fn/string/virtual/fixed.js]
[m[36m<TIMESTAMP>,309 [DEBUG] [main] com.armedia.acm.userinterface.angular.AngularResourceCopier - Copying [<HOME>/.arkcase/tmp/node_modules/core-js/library/fn/string/virtual/pad-end.js] to [<HOME>/.arkcase/custom/node_modules/core-js/library/fn/string/virtual/pad-end.js]
[m[36m<TIMESTAMP>,309 [DEBUG] [main] com.armedia.acm.userinterface.angular.AngularResourceCopier - Copying [<HOME>/.arkcase/tmp/node_modules/core-js/library/fn/string/virtual/unescape-html.js] to [<HOME>/.arkcase/custom/node_modules/core-js/library/fn/string/virtual/unescape-html.js]
[m[36m<TIMESTAMP>,310 [DEBUG] [main] com.armedia.acm.userinterface.angular.AngularResourceCopier - Copying [<HOME>/.arkcase/tmp/node_modules/core-js/library/fn/string/virtual/bold.js] to [<HOME>/.arkcase/custom/node_modules/core-js/library/fn/string/virtual/bold.js]
[m[36m<TIMESTAMP>,310 [DEBUG] [main] com.armedia.acm.userinterface.angular.AngularResourceCopier - Copying [<HOME>/.arkcase/tmp/node_modules/core-js/library/fn/string/virtual/big.js] to [<HOME>/.arkcase/custom/node_modules/core-js/library/fn/string/virtual/big.js]
[m[36m<TIMESTAMP>,310 [DEBUG] [main] com.armedia.acm.userinterface.angular.AngularResourceCopier - Copying [<HOME>/.arkcase/tmp/node_modules/core-js/library/fn/string/virtual/includes.js] to [<HOME>/.arkcase/custom/node_modules/core-js/library/fn/string/virtual/includes.js]
[m[36m<TIMESTAMP>,310 [DEBUG] [main] com.armedia.acm.userinterface.angular.AngularResourceCopier - Copying [<HOME>/.arkcase/tmp/node_modules/core-js/library/fn/string/virtual/trim-left.js] to [<HOME>/.arkcase/custom/node_modules/core-js/library/fn/string/virtual/trim-left.js]
[m[36m<TIMESTAMP>,310 [DEBUG] [main] com.armedia.acm.userinterface.angular.AngularResourceCopier - Copying [<HOME>/.arkcase/tmp/node_modules/core-js/library/fn/string/virtual/starts-with.js] to [<HOME>/.arkcase/custom/node_modules/core-js/library/fn/string/virtual/starts-with.js]
[m[36m<TIMESTAMP>,310 [DEBUG] [main] com.armedia.acm.userinterface.angular.AngularResourceCopier - Copying [<HOME>/.arkcase/tmp/node_modules/core-js/library/fn/string/virtual/ends-with.js] to [<HOME>/.arkcase/custom/node_modules/core-js/library/fn/string/virtual/ends-with.js]
[m[36m<TIMESTAMP>,310 [DEBUG] [main] com.armedia.acm.userinterface.angular.AngularResourceCopier - Copying [<HOME>/.arkcase/tmp/node_modules/core-js/library/fn/string/virtual/match-all.js] to [<HOME>/.arkcase/custom/node_modules/core-js/library/fn/string/virtual/match-all.js]
[m[36m<TIMESTAMP>,311 [DEBUG] [main] com.armedia.acm.userinterface.angular.AngularResourceCopier - Copying [<HOME>/.arkcase/tmp/node_modules/core-js/library/fn/string/virtual/iterator.js] to [<HOME>/.arkcase/custom/node_modules/core-js/library/fn/string/virtual/iterator.js]
[m[36m<TIMESTAMP>,311 [DEBUG] [main] com.armedia.acm.userinterface.angular.AngularResourceCopier - Copying [<HOME>/.arkcase/tmp/node_modules/core-js/library/fn/string/virtual/sup.js] to [<HOME>/.arkcase/custom/node_modules/core-js/library/fn/string/virtual/sup.js]
[m[36m<TIMESTAMP>,311 [DEBUG] [main] com.armedia.acm.userinterface.angular.AngularResourceCopier - Copying [<HOME>/.arkcase/tmp/node_modules/core-js/library/fn/string/virtual/pad-start.js] to [<HOME>/.arkcase/custom/node_modules/core-js/library/fn/string/virtual/pad-start.js]
[m[36m<TIMESTAMP>,311 [DEBUG] [main] com.armedia.acm.userinterface.angular.AngularResourceCopier - Copying [<HOME>/.arkcase/tmp/node_modules/core-js/library/fn/string/virtual/code-point-at.js] to [<HOME>/.arkcase/custom/node_modules/core-js/library/fn/string/virtual/code-point-at.js]
[m[36m<TIMESTAMP>,311 [DEBUG] [main] com.armedia.acm.userinterface.angular.AngularResourceCopier - Copying [<HOME>/.arkcase/tmp/node_modules/core-js/library/fn/string/virtual/escape-html.js] to [<HOME>/.arkcase/custom/node_modules/core-js/library/fn/string/virtual/escape-html.js]
[m[36m<TIMESTAMP>,312 [DEBUG] [main] com.armedia.acm.userinterface.angular.AngularResourceCopier - Copying [<HOME>/.arkcase/tmp/node_modules/core-js/library/fn/string/virtual/blink.js] to [<HOME>/.arkcase/custom/node_modules/core-js/library/fn/string/virtual/blink.js]
[m[36m<TIMESTAMP>,312 [DEBUG] [main] com.armedia.acm.userinterface.angular.AngularResourceCopier - Copying [<HOME>/.arkcase/tmp/node_modules/core-js/library/fn/string/iterator.js] to [<HOME>/.arkcase/custom/node_modules/core-js/library/fn/string/iterator.js]
[m[36m<TIMESTAMP>,312 [DEBUG] [main] com.armedia.acm.userinterface.angular.AngularResourceCopier - Copying [<HOME>/.arkcase/tmp/node_modules/core-js/library/fn/string/sup.js] to [<HOME>/.arkcase/custom/node_modules/core-js/library/fn/string/sup.js]
[m[36m<TIMESTAMP>,312 [DEBUG] [main] com.armedia.acm.userinterface.angular.AngularResourceCopier - Copying [<HOME>/.arkcase/tmp/node_modules/core-js/library/fn/string/pad-start.js] to [<HOME>/.arkcase/custom/node_modules/core-js/library/fn/string/pad-start.js]
[m[36m<TIMESTAMP>,313 [DEBUG] [main] com.armedia.acm.userinterface.angular.AngularResourceCopier - Copying [<HOME>/.arkcase/tmp/node_modules/core-js/library/fn/string/code-point-at.js] to [<HOME>/.arkcase/custom/node_modules/core-js/library/fn/string/code-point-at.js]
[m[36m<TIMESTAMP>,313 [DEBUG] [main] com.armedia.acm.userinterface.angular.AngularResourceCopier - Copying [<HOME>/.arkcase/tmp/node_modules/core-js/library/fn/string/escape-html.js] to [<HOME>/.arkcase/custom/node_modules/core-js/library/fn/string/escape-html.js]
[m[36m<TIMESTAMP>,313 [DEBUG] [main] com.armedia.acm.userinterface.angular.AngularResourceCopier - Copying [<HOME>/.arkcase/tmp/node_modules/core-js/library/fn/string/blink.js] to [<HOME>/.arkcase/custom/node_modules/core-js/library/fn/string/blink.js]
[m[36m<TIMESTAMP>,313 [DEBUG] [main] com.armedia.acm.userinterface.angular.AngularResourceCopier - Copying [<HOME>/.arkcase/tmp/node_modules/core-js/library/fn/promise/index.js] to [<HOME>/.arkcase/custom/node_modules/core-js/library/fn/promise/index.js]
[m[36m<TIMESTAMP>,314 [DEBUG] [main] com.armedia.acm.userinterface.angular.AngularResourceCopier - Copying [<HOME>/.arkcase/tmp/node_modules/core-js/library/fn/promise/finally.js] to [<HOME>/.arkcase/custom/node_modules/core-js/library/fn/promise/finally.js]
[m[36m<TIMESTAMP>,314 [DEBUG] [main] com.armedia.acm.userinterface.angular.AngularResourceCopier - Copying [<HOME>/.arkcase/tmp/node_modules/core-js/library/fn/promise/try.js] to [<HOME>/.arkcase/custom/node_modules/core-js/library/fn/promise/try.js]
[m[36m<TIMESTAMP>,351 [DEBUG] [main] com.armedia.acm.userinterface.angular.AngularResourceCopier - Copying [<HOME>/.arkcase/tmp/node_modules/core-js/library/fn/typed/data-view.js] to [<HOME>/.arkcase/custom/node_modules/core-js/library/fn/typed/data-view.js]
[m[36m<TIMESTAMP>,351 [DEBUG] [main] com.armedia.acm.userinterface.angular.AngularResourceCopier - Copying [<HOME>/.arkcase/tmp/node_modules/core-js/library/fn/typed/index.js] to [<HOME>/.arkcase/custom/node_modules/core-js/library/fn/typed/index.js]
[m[36m<TIMESTAMP>,351 [DEBUG] [main] com.armedia.acm.userinterface.angular.AngularResourceCopier - Copying [<HOME>/.arkcase/tmp/node_modules/core-js/library/fn/typed/int16-array.js] to [<HOME>/.arkcase/custom/node_modules/core-js/library/fn/typed/int16-array.js]
[m[36m<TIMESTAMP>,352 [DEBUG] [main] com.armedia.acm.userinterface.angular.AngularResourceCopier - Copying [<HOME>/.arkcase/tmp/node_modules/core-js/library/fn/typed/array-buffer.js] to [<HOME>/.arkcase/custom/node_modules/core-js/library/fn/typed/array-buffer.js]
[m[36m<TIMESTAMP>,352 [DEBUG] [main] com.armedia.acm.userinterface.angular.AngularResourceCopier - Copying [<HOME>/.arkcase/tmp/node_modules/core-js/library/fn/typed/int32-array.js] to [<HOME>/.arkcase/custom/node_modules/core-js/library/fn/typed/int32-array.js]
[m[36m<TIMESTAMP>,352 [DEBUG] [main] com.armedia.acm.userinterface.angular.AngularResourceCopier - Copying [<HOME>/.arkcase/tmp/node_modules/core-js/library/fn/typed/float32-array.js] to [<HOME>/.arkcase/custom/node_modules/core-js/library/fn/typed/float32-array.js]
[m[36m<TIMESTAMP>,352 [DEBUG] [main] com.armedia.acm.userinterface.angular.AngularResourceCopier - Copying [<HOME>/.arkcase/tmp/node_modules/core-js/library/fn/typed/int8-array.js] to [<HOME>/.arkcase/custom/node_modules/core-js/library/fn/typed/int8-array.js]
[m[36m<TIMESTAMP>,352 [DEBUG] [main] com.armedia.acm.userinterface.angular.AngularResourceCopier - Copying [<HOME>/.arkcase/tmp/node_modules/core-js/library/fn/typed/uint8-clamped-array.js] to [<HOME>/.arkcase/custom/node_modules/core-js/library/fn/typed/uint8-clamped-array.js]
[m[36m<TIMESTAMP>,352 [DEBUG] [main] com.armedia.acm.userinterface.angular.AngularResourceCopier - Copying [<HOME>/.arkcase/tmp/node_modules/core-js/library/fn/typed/uint32-array.js] to [<HOME>/.arkcase/custom/node_modules/core-js/library/fn/typed/uint32-array.js]
[m[36m<TIMESTAMP>,352 [DEBUG] [main] com.armedia.acm.userinterface.angular.AngularResourceCopier - Copying [<HOME>/.arkcase/tmp/node_modules/core-js/library/fn/typed/float64-array.js] to [<HOME>/.arkcase/custom/node_modules/core-js/library/fn/typed/float64-array.js]
[m[36m<TIMESTAMP>,353 [DEBUG] [main] com.armedia.acm.userinterface.angular.AngularResourceCopier - Copying [<HOME>/.arkcase/tmp/node_modules/core-js/library/fn/typed/uint16-array.js] to [<HOME>/.arkcase/custom/node_modules/core-js/library/fn/typed/uint16-array.js]
[m[36m<TIMESTAMP>,353 [DEBUG] [main] com.armedia.acm.userinterface.angular.AngularResourceCopier - Copying [<HOME>/.arkcase/tmp/node_modules/core-js/library/fn/typed/uint8-array.js] to [<HOME>/.arkcase/custom/node_modules/core-js/library/fn/typed/uint8-array.js]
[m[36m<TIMESTAMP>,353 [DEBUG] [main] com.armedia.acm.userinterface.angular.AngularResourceCopier - Copying [<HOME>/.arkcase/tmp/node_modules/core-js/library/fn/parse-float.js] to [<HOME>/.arkcase/custom/node_modules/core-js/library/fn/parse-float.js]
[m[36m<TIMESTAMP>,353 [DEBUG] [main] com.armedia.acm.userinterface.angular.AngularResourceCopier - Copying [<HOME>/.arkcase/tmp/node_modules/core-js/library/fn/symbol/index.js] to [<HOME>/.arkcase/custom/node_modules/core-js/library/fn/symbol/index.js]
[m[36m<TIMESTAMP>,353 [DEBUG] [main] com.armedia.acm.userinterface.angular.AngularResourceCopier - Copying [<HOME>/.arkcase/tmp/node_modules/core-js/library/fn/symbol/observable.js] to [<HOME>/.arkcase/custom/node_modules/core-js/library/fn/symbol/observable.js]
[m[36m<TIMESTAMP>,353 [DEBUG] [main] com.armedia.acm.userinterface.angular.AngularResourceCopier - Copying [<HOME>/.arkcase/tmp/node_modules/core-js/library/fn/symbol/search.js] to [<HOME>/.arkcase/custom/node_modules/core-js/library/fn/symbol/search.js]
[m[36m<TIMESTAMP>,353 [DEBUG] [main] com.armedia.acm.userinterface.angular.AngularResourceCopier - Copying [<HOME>/.arkcase/tmp/node_modules/core-js/library/fn/symbol/to-string-tag.js] to [<HOME>/.arkcase/custom/node_modules/core-js/library/fn/symbol/to-string-tag.js]
[m[36m<TIMESTAMP>,354 [DEBUG] [main] com.armedia.acm.userinterface.angular.AngularResourceCopier - Copying [<HOME>/.arkcase/tmp/node_modules/core-js/library/fn/symbol/split.js] to [<HOME>/.arkcase/custom/node_modules/core-js/library/fn/symbol/split.js]
[m[36m<TIMESTAMP>,354 [DEBUG] [main] com.armedia.acm.userinterface.angular.AngularResourceCopier - Copying [<HOME>/.arkcase/tmp/node_modules/core-js/library/fn/symbol/unscopables.js] to [<HOME>/.arkcase/custom/node_modules/core-js/library/fn/symbol/unscopables.js]
[m[36m<TIMESTAMP>,354 [DEBUG] [main] com.armedia.acm.userinterface.angular.AngularResourceCopier - Copying [<HOME>/.arkcase/tmp/node_modules/core-js/library/fn/symbol/match.js] to [<HOME>/.arkcase/custom/node_modules/core-js/library/fn/symbol/match.js]
[m[36m<TIMESTAMP>,354 [DEBUG] [main] com.armedia.acm.userinterface.angular.AngularResourceCopier - Copying [<HOME>/.arkcase/tmp/node_modules/core-js/library/fn/symbol/async-iterator.js] to [<HOME>/.arkcase/custom/node_modules/core-js/library/fn/symbol/async-iterator.js]
[m[36m<TIMESTAMP>,354 [DEBUG] [main] com.armedia.acm.userinterface.angular.AngularResourceCopier - Copying [<HOME>/.arkcase/tmp/node_modules/core-js/library/fn/symbol/has-instance.js] to [<HOME>/.arkcase/custom/node_modules/core-js/library/fn/symbol/has-instance.js]
[m[36m<TIMESTAMP>,354 [DEBUG] [main] com.armedia.acm.userinterface.angular.AngularResourceCopier - Copying [<HOME>/.arkcase/tmp/node_modules/core-js/library/fn/symbol/species.js] to [<HOME>/.arkcase/custom/node_modules/core-js/library/fn/symbol/species.js]
[m[36m<TIMESTAMP>,354 [DEBUG] [main] com.armedia.acm.userinterface.angular.AngularResourceCopier - Copying [<HOME>/.arkcase/tmp/node_modules/core-js/library/fn/symbol/iterator.js] to [<HOME>/.arkcase/custom/node_modules/core-js/library/fn/symbol/iterator.js]
[m[36m<TIMESTAMP>,355 [DEBUG] [main] com.armedia.acm.userinterface.angular.AngularResourceCopier - Copying [<HOME>/.arkcase/tmp/node_modules/core-js/library/fn/symbol/to-primitive.js] to [<HOME>/.arkcase/custom/node_modules/core-js/library/fn/symbol/to-primitive.js]
[m[36m<TIMESTAMP>,355 [DEBUG] [main] com.armedia.acm.userinterface.angular.AngularResourceCopier - Copying [<HOME>/.arkcase/tmp/node_modules/core-js/library/fn/symbol/replace.js] to [<HOME>/.arkcase/custom/node_modules/core-js/library/fn/symbol/replace.js]
[m[36m<TIMESTAMP>,355 [DEBUG] [main] com.armedia.acm.userinterface.angular.AngularResourceCopier - Copying [<HOME>/.arkcase/tmp/node_modules/core-js/library/fn/symbol/key-for.js] to [<HOME>/.arkcase/custom/node_modules/core-js/library/fn/symbol/key-for.js]
[m[36m<TIMESTAMP>,355 [DEBUG] [main] com.armedia.acm.userinterface.angular.AngularResourceCopier - Copying [<HOME>/.arkcase/tmp/node_modules/core-js/library/fn/symbol/is-concat-spreadable.js] to [<HOME>/.arkcase/custom/node_modules/core-js/library/fn/symbol/is-concat-spreadable.js]
[m[36m<TIMESTAMP>,355 [DEBUG] [main] com.armedia.acm.userinterface.angular.AngularResourceCopier - Copying [<HOME>/.arkcase/tmp/node_modules/core-js/library/fn/symbol/for.js] to [<HOME>/.arkcase/custom/node_modules/core-js/library/fn/symbol/for.js]
[m[36m<TIMESTAMP>,355 [DEBUG] [main] com.armedia.acm.userinterface.angular.AngularResourceCopier - Copying [<HOME>/.arkcase/tmp/node_modules/core-js/library/fn/is-iterable.js] to [<HOME>/.arkcase/custom/node_modules/core-js/library/fn/is-iterable.js]
[m[36m<TIMESTAMP>,355 [DEBUG] [main] com.armedia.acm.userinterface.angular.AngularResourceCopier - Copying [<HOME>/.arkcase/tmp/node_modules/core-js/library/fn/get-iterator.js] to [<HOME>/.arkcase/custom/node_modules/core-js/library/fn/get-iterator.js]
[m[36m<TIMESTAMP>,356 [DEBUG] [main] com.armedia.acm.userinterface.angular.AngularResourceCopier - Copying [<HOME>/.arkcase/tmp/node_modules/core-js/library/fn/weak-map.js] to [<HOME>/.arkcase/custom/node_modules/core-js/library/fn/weak-map.js]
[m[36m<TIMESTAMP>,356 [DEBUG] [main] com.armedia.acm.userinterface.angular.AngularResourceCopier - Copying [<HOME>/.arkcase/tmp/node_modules/core-js/library/fn/math/trunc.js] to [<HOME>/.arkcase/custom/node_modules/core-js/library/fn/math/trunc.js]
[m[36m<TIMESTAMP>,356 [DEBUG] [main] com.armedia.acm.userinterface.angular.AngularResourceCopier - Copying [<HOME>/.arkcase/tmp/node_modules/core-js/library/fn/math/index.js] to [<HOME>/.arkcase/custom/node_modules/core-js/library/fn/math/index.js]
[m[36m<TIMESTAMP>,356 [DEBUG] [main] com.armedia.acm.userinterface.angular.AngularResourceCopier - Copying [<HOME>/.arkcase/tmp/node_modules/core-js/library/fn/math/atanh.js] to [<HOME>/.arkcase/custom/node_modules/core-js/library/fn/math/atanh.js]
[m[36m<TIMESTAMP>,356 [DEBUG] [main] com.armedia.acm.userinterface.angular.AngularResourceCopier - Copying [<HOME>/.arkcase/tmp/node_modules/core-js/library/fn/math/scale.js] to [<HOME>/.arkcase/custom/node_modules/core-js/library/fn/math/scale.js]
[m[36m<TIMESTAMP>,356 [DEBUG] [main] com.armedia.acm.userinterface.angular.AngularResourceCopier - Copying [<HOME>/.arkcase/tmp/node_modules/core-js/library/fn/math/tanh.js] to [<HOME>/.arkcase/custom/node_modules/core-js/library/fn/math/tanh.js]
[m[36m<TIMESTAMP>,356 [DEBUG] [main] com.armedia.acm.userinterface.angular.AngularResourceCopier - Copying [<HOME>/.arkcase/tmp/node_modules/core-js/library/fn/math/rad-per-deg.js] to [<HOME>/.arkcase/custom/node_modules/core-js/library/fn/math/rad-per-deg.js]
[m[36m<TIMESTAMP>,356 [DEBUG] [main] com.armedia.acm.userinterface.angular.AngularResourceCopier - Copying [<HOME>/.arkcase/tmp/node_modules/core-js/library/fn/math/cbrt.js] to [<HOME>/.arkcase/custom/node_modules/core-js/library/fn/math/cbrt.js]
[m[36m<TIMESTAMP>,357 [DEBUG] [main] com.armedia.acm.userinterface.angular.AngularResourceCopier - Copying [<HOME>/.arkcase/tmp/node_modules/core-js/library/fn/math/cosh.js] to [<HOME>/.arkcase/custom/node_modules/core-js/library/fn/math/cosh.js]
[m[36m<TIMESTAMP>,357 [DEBUG] [main] com.armedia.acm.userinterface.angular.AngularResourceCopier - Copying [<HOME>/.arkcase/tmp/node_modules/core-js/library/fn/math/acosh.js] to [<HOME>/.arkcase/custom/node_modules/core-js/library/fn/math/acosh.js]
[m[36m<TIMESTAMP>,357 [DEBUG] [main] com.armedia.acm.userinterface.angular.AngularResourceCopier - Copying [<HOME>/.arkcase/tmp/node_modules/core-js/library/fn/math/clamp.js] to [<HOME>/.arkcase/custom/node_modules/core-js/library/fn/math/clamp.js]
[m[36m<TIMESTAMP>,357 [DEBUG] [main] com.armedia.acm.userinterface.angular.AngularResourceCopier - Copying [<HOME>/.arkcase/tmp/node_modules/core-js/library/fn/math/log2.js] to [<HOME>/.arkcase/custom/node_modules/core-js/library/fn/math/log2.js]
[m[36m<TIMESTAMP>,357 [DEBUG] [main] com.armedia.acm.userinterface.angular.AngularResourceCopier - Copying [<HOME>/.arkcase/tmp/node_modules/core-js/library/fn/math/asinh.js] to [<HOME>/.arkcase/custom/node_modules/core-js/library/fn/math/asinh.js]
[m[36m<TIMESTAMP>,357 [DEBUG] [main] com.armedia.acm.userinterface.angular.AngularResourceCopier - Copying [<HOME>/.arkcase/tmp/node_modules/core-js/library/fn/math/radians.js] to [<HOME>/.arkcase/custom/node_modules/core-js/library/fn/math/radians.js]
[m[36m<TIMESTAMP>,357 [DEBUG] [main] com.armedia.acm.userinterface.angular.AngularResourceCopier - Copying [<HOME>/.arkcase/tmp/node_modules/core-js/library/fn/math/fround.js] to [<HOME>/.arkcase/custom/node_modules/core-js/library/fn/math/fround.js]
[m[36m<TIMESTAMP>,361 [DEBUG] [main] com.armedia.acm.userinterface.angular.AngularResourceCopier - Copying [<HOME>/.arkcase/tmp/node_modules/core-js/library/fn/math/iaddh.js] to [<HOME>/.arkcase/custom/node_modules/core-js/library/fn/math/iaddh.js]
[m[36m<TIMESTAMP>,361 [DEBUG] [main] com.armedia.acm.userinterface.angular.AngularResourceCopier - Copying [<HOME>/.arkcase/tmp/node_modules/core-js/library/fn/math/clz32.js] to [<HOME>/.arkcase/custom/node_modules/core-js/library/fn/math/clz32.js]
[m[36m<TIMESTAMP>,361 [DEBUG] [main] com.armedia.acm.userinterface.angular.AngularResourceCopier - Copying [<HOME>/.arkcase/tmp/node_modules/core-js/library/fn/math/degrees.js] to [<HOME>/.arkcase/custom/node_modules/core-js/library/fn/math/degrees.js]
[m[36m<TIMESTAMP>,362 [DEBUG] [main] com.armedia.acm.userinterface.angular.AngularResourceCopier - Copying [<HOME>/.arkcase/tmp/node_modules/core-js/library/fn/math/imul.js] to [<HOME>/.arkcase/custom/node_modules/core-js/library/fn/math/imul.js]
[m[36m<TIMESTAMP>,362 [DEBUG] [main] com.armedia.acm.userinterface.angular.AngularResourceCopier - Copying [<HOME>/.arkcase/tmp/node_modules/core-js/library/fn/math/fscale.js] to [<HOME>/.arkcase/custom/node_modules/core-js/library/fn/math/fscale.js]
[m[36m<TIMESTAMP>,362 [DEBUG] [main] com.armedia.acm.userinterface.angular.AngularResourceCopier - Copying [<HOME>/.arkcase/tmp/node_modules/core-js/library/fn/math/log1p.js] to [<HOME>/.arkcase/custom/node_modules/core-js/library/fn/math/log1p.js]
[m[36m<TIMESTAMP>,362 [DEBUG] [main] com.armedia.acm.userinterface.angular.AngularResourceCopier - Copying [<HOME>/.arkcase/tmp/node_modules/core-js/library/fn/math/sign.js] to [<HOME>/.arkcase/custom/node_modules/core-js/library/fn/math/sign.js]
[m[36m<TIMESTAMP>,363 [DEBUG] [main] com.armedia.acm.userinterface.angular.AngularResourceCopier - Copying [<HOME>/.arkcase/tmp/node_modules/core-js/library/fn/math/imulh.js] to [<HOME>/.arkcase/custom/node_modules/core-js/library/fn/math/imulh.js]
[m[36m<TIMESTAMP>,363 [DEBUG] [main] com.armedia.acm.userinterface.angular.AngularResourceCopier - Copying [<HOME>/.arkcase/tmp/node_modules/core-js/library/fn/math/hypot.js] to [<HOME>/.arkcase/custom/node_modules/core-js/library/fn/math/hypot.js]
[m[36m<TIMESTAMP>,363 [DEBUG] [main] com.armedia.acm.userinterface.angular.AngularResourceCopier - Copying [<HOME>/.arkcase/tmp/node_modules/core-js/library/fn/math/expm1.js] to [<HOME>/.arkcase/custom/node_modules/core-js/library/fn/math/expm1.js]
[m[36m<TIMESTAMP>,363 [DEBUG] [main] com.armedia.acm.userinterface.angular.AngularResourceCopier - Copying [<HOME>/.arkcase/tmp/node_modules/core-js/library/fn/math/log10.js] to [<HOME>/.arkcase/custom/node_modules/core-js/library/fn/math/log10.js]
[m[36m<TIMESTAMP>,364 [DEBUG] [main] com.armedia.acm.userinterface.angular.AngularResourceCopier - Copying [<HOME>/.arkcase/tmp/node_modules/core-js/library/fn/math/umulh.js] to [<HOME>/.arkcase/custom/node_modules/core-js/library/fn/math/umulh.js]
[m[36m<TIMESTAMP>,364 [DEBUG] [main] com.armedia.acm.userinterface.angular.AngularResourceCopier - Copying [<HOME>/.arkcase/tmp/node_modules/core-js/library/fn/math/deg-per-rad.js] to [<HOME>/.arkcase/custom/node_modules/core-js/library/fn/math/deg-per-rad.js]
[m[36m<TIMESTAMP>,364 [DEBUG] [main] com.armedia.acm.userinterface.angular.AngularResourceCopier - Copying [<HOME>/.arkcase/tmp/node_modules/core-js/library/fn/math/sinh.js] to [<HOME>/.arkcase/custom/node_modules/core-js/library/fn/math/sinh.js]
[m[36m<TIMESTAMP>,365 [DEBUG] [main] com.armedia.acm.userinterface.angular.AngularResourceCopier - Copying [<HOME>/.arkcase/tmp/node_modules/core-js/library/fn/math/isubh.js] to [<HOME>/.arkcase/custom/node_modules/core-js/library/fn/math/isubh.js]
[m[36m<TIMESTAMP>,365 [DEBUG] [main] com.armedia.acm.userinterface.angular.AngularResourceCopier - Copying [<HOME>/.arkcase/tmp/node_modules/core-js/library/fn/math/signbit.js] to [<HOME>/.arkcase/custom/node_modules/core-js/library/fn/math/signbit.js]
[m[36m<TIMESTAMP>,365 [DEBUG] [main] com.armedia.acm.userinterface.angular.AngularResourceCopier - Copying [<HOME>/.arkcase/tmp/node_modules/core-js/library/fn/set/index.js] to [<HOME>/.arkcase/custom/node_modules/core-js/library/fn/set/index.js]
[m[36m<TIMESTAMP>,365 [DEBUG] [main] com.armedia.acm.userinterface.angular.AngularResourceCopier - Copying [<HOME>/.arkcase/tmp/node_modules/core-js/library/fn/set/of.js] to [<HOME>/.arkcase/custom/node_modules/core-js/library/fn/set/of.js]
[m[36m<TIMESTAMP>,365 [DEBUG] [main] com.armedia.acm.userinterface.angular.AngularResourceCopier - Copying [<HOME>/.arkcase/tmp/node_modules/core-js/library/fn/set/from.js] to [<HOME>/.arkcase/custom/node_modules/core-js/library/fn/set/from.js]
[m[36m<TIMESTAMP>,366 [DEBUG] [main] com.armedia.acm.userinterface.angular.AngularResourceCopier - Copying [<HOME>/.arkcase/tmp/node_modules/core-js/library/fn/global.js] to [<HOME>/.arkcase/custom/node_modules/core-js/library/fn/global.js]
[m[36m<TIMESTAMP>,366 [DEBUG] [main] com.armedia.acm.userinterface.angular.AngularResourceCopier - Copying [<HOME>/.arkcase/tmp/node_modules/core-js/library/fn/set-interval.js] to [<HOME>/.arkcase/custom/node_modules/core-js/library/fn/set-interval.js]
[m[36m<TIMESTAMP>,366 [DEBUG] [main] com.armedia.acm.userinterface.angular.AngularResourceCopier - Copying [<HOME>/.arkcase/tmp/node_modules/core-js/library/fn/date/now.js] to [<HOME>/.arkcase/custom/node_modules/core-js/library/fn/date/now.js]
[m[36m<TIMESTAMP>,366 [DEBUG] [main] com.armedia.acm.userinterface.angular.AngularResourceCopier - Copying [<HOME>/.arkcase/tmp/node_modules/core-js/library/fn/date/index.js] to [<HOME>/.arkcase/custom/node_modules/core-js/library/fn/date/index.js]
[m[36m<TIMESTAMP>,366 [DEBUG] [main] com.armedia.acm.userinterface.angular.AngularResourceCopier - Copying [<HOME>/.arkcase/tmp/node_modules/core-js/library/fn/date/to-string.js] to [<HOME>/.arkcase/custom/node_modules/core-js/library/fn/date/to-string.js]
[m[36m<TIMESTAMP>,366 [DEBUG] [main] com.armedia.acm.userinterface.angular.AngularResourceCopier - Copying [<HOME>/.arkcase/tmp/node_modules/core-js/library/fn/date/to-json.js] to [<HOME>/.arkcase/custom/node_modules/core-js/library/fn/date/to-json.js]
[m[36m<TIMESTAMP>,366 [DEBUG] [main] com.armedia.acm.userinterface.angular.AngularResourceCopier - Copying [<HOME>/.arkcase/tmp/node_modules/core-js/library/fn/date/to-primitive.js] to [<HOME>/.arkcase/custom/node_modules/core-js/library/fn/date/to-primitive.js]
[m[36m<TIMESTAMP>,367 [DEBUG] [main] com.armedia.acm.userinterface.angular.AngularResourceCopier - Copying [<HOME>/.arkcase/tmp/node_modules/core-js/library/fn/date/to-iso-string.js] to [<HOME>/.arkcase/custom/node_modules/core-js/library/fn/date/to-iso-string.js]
[m[36m<TIMESTAMP>,367 [DEBUG] [main] com.armedia.acm.userinterface.angular.AngularResourceCopier - Copying [<HOME>/.arkcase/tmp/node_modules/core-js/library/fn/set-timeout.js] to [<HOME>/.arkcase/custom/node_modules/core-js/library/fn/set-timeout.js]
[m[36m<TIMESTAMP>,367 [DEBUG] [main] com.armedia.acm.userinterface.angular.AngularResourceCopier - Copying [<HOME>/.arkcase/tmp/node_modules/core-js/library/fn/reflect/get-metadata-keys.js] to [<HOME>/.arkcase/custom/node_modules/core-js/library/fn/reflect/get-metadata-keys.js]
[m[36m<TIMESTAMP>,367 [DEBUG] [main] com.armedia.acm.userinterface.angular.AngularResourceCopier - Copying [<HOME>/.arkcase/tmp/node_modules/core-js/library/fn/reflect/get-prototype-of.js] to [<HOME>/.arkcase/custom/node_modules/core-js/library/fn/reflect/get-prototype-of.js]
[m[36m<TIMESTAMP>,367 [DEBUG] [main] com.armedia.acm.userinterface.angular.AngularResourceCopier - Copying [<HOME>/.arkcase/tmp/node_modules/core-js/library/fn/reflect/index.js] to [<HOME>/.arkcase/custom/node_modules/core-js/library/fn/reflect/index.js]
[m[36m<TIMESTAMP>,367 [DEBUG] [main] com.armedia.acm.userinterface.angular.AngularResourceCopier - Copying [<HOME>/.arkcase/tmp/node_modules/core-js/library/fn/reflect/has.js] to [<HOME>/.arkcase/custom/node_modules/core-js/library/fn/reflect/has.js]
[m[36m<TIMESTAMP>,367 [DEBUG] [main] com.armedia.acm.userinterface.angular.AngularResourceCopier - Copying [<HOME>/.arkcase/tmp/node_modules/core-js/library/fn/reflect/get.js] to [<HOME>/.arkcase/custom/node_modules/core-js/library/fn/reflect/get.js]
[m[36m<TIMESTAMP>,368 [DEBUG] [main] com.armedia.acm.userinterface.angular.AngularResourceCopier - Copying [<HOME>/.arkcase/tmp/node_modules/core-js/library/fn/reflect/get-own-metadata-keys.js] to [<HOME>/.arkcase/custom/node_modules/core-js/library/fn/reflect/get-own-metadata-keys.js]
[m[36m<TIMESTAMP>,368 [DEBUG] [main] com.armedia.acm.userinterface.angular.AngularResourceCopier - Copying [<HOME>/.arkcase/tmp/node_modules/core-js/library/fn/reflect/define-metadata.js] to [<HOME>/.arkcase/custom/node_modules/core-js/library/fn/reflect/define-metadata.js]
[m[36m<TIMESTAMP>,368 [DEBUG] [main] com.armedia.acm.userinterface.angular.AngularResourceCopier - Copying [<HOME>/.arkcase/tmp/node_modules/core-js/library/fn/reflect/set-prototype-of.js] to [<HOME>/.arkcase/custom/node_modules/core-js/library/fn/reflect/set-prototype-of.js]
[m[36m<TIMESTAMP>,368 [DEBUG] [main] com.armedia.acm.userinterface.angular.AngularResourceCopier - Copying [<HOME>/.arkcase/tmp/node_modules/core-js/library/fn/reflect/own-keys.js] to [<HOME>/.arkcase/custom/node_modules/core-js/library/fn/reflect/own-keys.js]
[m[36m<TIMESTAMP>,368 [DEBUG] [main] com.armedia.acm.userinterface.angular.AngularResourceCopier - Copying [<HOME>/.arkcase/tmp/node_modules/core-js/library/fn/reflect/apply.js] to [<HOME>/.arkcase/custom/node_modules/core-js/library/fn/reflect/apply.js]
[m[36m<TIMESTAMP>,368 [DEBUG] [main] com.armedia.acm.userinterface.angular.AngularResourceCopier - Copying [<HOME>/.arkcase/tmp/node_modules/core-js/library/fn/reflect/prevent-extensions.js] to [<HOME>/.arkcase/custom/node_modules/core-js/library/fn/reflect/prevent-extensions.js]
[m[36m<TIMESTAMP>,368 [DEBUG] [main] com.armedia.acm.userinterface.angular.AngularResourceCopier - Copying [<HOME>/.arkcase/tmp/node_modules/core-js/library/fn/reflect/has-own-metadata.js] to [<HOME>/.arkcase/custom/node_modules/core-js/library/fn/reflect/has-own-metadata.js]
[m[36m<TIMESTAMP>,368 [DEBUG] [main] com.armedia.acm.userinterface.angular.AngularResourceCopier - Copying [<HOME>/.arkcase/tmp/node_modules/core-js/library/fn/reflect/has-metadata.js] to [<HOME>/.arkcase/custom/node_modules/core-js/library/fn/reflect/has-metadata.js]
[m[36m<TIMESTAMP>,369 [DEBUG] [main] com.armedia.acm.userinterface.angular.AngularResourceCopier - Copying [<HOME>/.arkcase/tmp/node_modules/core-js/library/fn/reflect/delete-property.js] to [<HOME>/.arkcase/custom/node_modules/core-js/library/fn/reflect/delete-property.js]
[m[36m<TIMESTAMP>,369 [DEBUG] [main] com.armedia.acm.userinterface.angular.AngularResourceCopier - Copying [<HOME>/.arkcase/tmp/node_modules/core-js/library/fn/reflect/delete-metadata.js] to [<HOME>/.arkcase/custom/node_modules/core-js/library/fn/reflect/delete-metadata.js]
[m[36m<TIMESTAMP>,369 [DEBUG] [main] com.armedia.acm.userinterface.angular.AngularResourceCopier - Copying [<HOME>/.arkcase/tmp/node_modules/core-js/library/fn/reflect/get-own-property-descriptor.js] to [<HOME>/.arkcase/custom/node_modules/core-js/library/fn/reflect/get-own-property-descriptor.js]
[m[36m<TIMESTAMP>,369 [DEBUG] [main] com.armedia.acm.userinterface.angular.AngularResourceCopier - Copying [<HOME>/.arkcase/tmp/node_modules/core-js/library/fn/reflect/metadata.js] to [<HOME>/.arkcase/custom/node_modules/core-js/library/fn/reflect/metadata.js]
[m[36m<TIMESTAMP>,369 [DEBUG] [main] com.armedia.acm.userinterface.angular.AngularResourceCopier - Copying [<HOME>/.arkcase/tmp/node_modules/core-js/library/fn/reflect/construct.js] to [<HOME>/.arkcase/custom/node_modules/core-js/library/fn/reflect/construct.js]
[m[36m<TIMESTAMP>,369 [DEBUG] [main] com.armedia.acm.userinterface.angular.AngularResourceCopier - Copying [<HOME>/.arkcase/tmp/node_modules/core-js/library/fn/reflect/enumerate.js] to [<HOME>/.arkcase/custom/node_modules/core-js/library/fn/reflect/enumerate.js]
[m[36m<TIMESTAMP>,369 [DEBUG] [main] com.armedia.acm.userinterface.angular.AngularResourceCopier - Copying [<HOME>/.arkcase/tmp/node_modules/core-js/library/fn/reflect/get-metadata.js] to [<HOME>/.arkcase/custom/node_modules/core-js/library/fn/reflect/get-metadata.js]
[m[36m<TIMESTAMP>,370 [DEBUG] [main] com.armedia.acm.userinterface.angular.AngularResourceCopier - Copying [<HOME>/.arkcase/tmp/node_modules/core-js/library/fn/reflect/is-extensible.js] to [<HOME>/.arkcase/custom/node_modules/core-js/library/fn/reflect/is-extensible.js]
[m[36m<TIMESTAMP>,370 [DEBUG] [main] com.armedia.acm.userinterface.angular.AngularResourceCopier - Copying [<HOME>/.arkcase/tmp/node_modules/core-js/library/fn/reflect/get-own-metadata.js] to [<HOME>/.arkcase/custom/node_modules/core-js/library/fn/reflect/get-own-metadata.js]
[m[36m<TIMESTAMP>,370 [DEBUG] [main] com.armedia.acm.userinterface.angular.AngularResourceCopier - Copying [<HOME>/.arkcase/tmp/node_modules/core-js/library/fn/reflect/define-property.js] to [<HOME>/.arkcase/custom/node_modules/core-js/library/fn/reflect/define-property.js]
[m[36m<TIMESTAMP>,370 [DEBUG] [main] com.armedia.acm.userinterface.angular.AngularResourceCopier - Copying [<HOME>/.arkcase/tmp/node_modules/core-js/library/fn/reflect/set.js] to [<HOME>/.arkcase/custom/node_modules/core-js/library/fn/reflect/set.js]
[m[36m<TIMESTAMP>,370 [DEBUG] [main] com.armedia.acm.userinterface.angular.AngularResourceCopier - Copying [<HOME>/.arkcase/tmp/node_modules/core-js/library/fn/set-immediate.js] to [<HOME>/.arkcase/custom/node_modules/core-js/library/fn/set-immediate.js]
[m[36m<TIMESTAMP>,370 [DEBUG] [main] com.armedia.acm.userinterface.angular.AngularResourceCopier - Copying [<HOME>/.arkcase/tmp/node_modules/core-js/library/fn/parse-int.js] to [<HOME>/.arkcase/custom/node_modules/core-js/library/fn/parse-int.js]
[m[36m<TIMESTAMP>,370 [DEBUG] [main] com.armedia.acm.userinterface.angular.AngularResourceCopier - Copying [<HOME>/.arkcase/tmp/node_modules/core-js/library/fn/number/index.js] to [<HOME>/.arkcase/custom/node_modules/core-js/library/fn/number/index.js]
[m[36m<TIMESTAMP>,371 [DEBUG] [main] com.armedia.acm.userinterface.angular.AngularResourceCopier - Copying [<HOME>/.arkcase/tmp/node_modules/core-js/library/fn/number/min-safe-integer.js] to [<HOME>/.arkcase/custom/node_modules/core-js/library/fn/number/min-safe-integer.js]
[m[36m<TIMESTAMP>,371 [DEBUG] [main] com.armedia.acm.userinterface.angular.AngularResourceCopier - Copying [<HOME>/.arkcase/tmp/node_modules/core-js/library/fn/number/parse-float.js] to [<HOME>/.arkcase/custom/node_modules/core-js/library/fn/number/parse-float.js]
[m[36m<TIMESTAMP>,371 [DEBUG] [main] com.armedia.acm.userinterface.angular.AngularResourceCopier - Copying [<HOME>/.arkcase/tmp/node_modules/core-js/library/fn/number/parse-int.js] to [<HOME>/.arkcase/custom/node_modules/core-js/library/fn/number/parse-int.js]
[m[36m<TIMESTAMP>,371 [DEBUG] [main] com.armedia.acm.userinterface.angular.AngularResourceCopier - Copying [<HOME>/.arkcase/tmp/node_modules/core-js/library/fn/number/to-precision.js] to [<HOME>/.arkcase/custom/node_modules/core-js/library/fn/number/to-precision.js]
[m[36m<TIMESTAMP>,371 [DEBUG] [main] com.armedia.acm.userinterface.angular.AngularResourceCopier - Copying [<HOME>/.arkcase/tmp/node_modules/core-js/library/fn/number/virtual/index.js] to [<HOME>/.arkcase/custom/node_modules/core-js/library/fn/number/virtual/index.js]
[m[36m<TIMESTAMP>,371 [DEBUG] [main] com.armedia.acm.userinterface.angular.AngularResourceCopier - Copying [<HOME>/.arkcase/tmp/node_modules/core-js/library/fn/number/virtual/to-precision.js] to [<HOME>/.arkcase/custom/node_modules/core-js/library/fn/number/virtual/to-precision.js]
[m[36m<TIMESTAMP>,371 [DEBUG] [main] com.armedia.acm.userinterface.angular.AngularResourceCopier - Copying [<HOME>/.arkcase/tmp/node_modules/core-js/library/fn/number/virtual/iterator.js] to [<HOME>/.arkcase/custom/node_modules/core-js/library/fn/number/virtual/iterator.js]
[m[36m<TIMESTAMP>,372 [DEBUG] [main] com.armedia.acm.userinterface.angular.AngularResourceCopier - Copying [<HOME>/.arkcase/tmp/node_modules/core-js/library/fn/number/virtual/to-fixed.js] to [<HOME>/.arkcase/custom/node_modules/core-js/library/fn/number/virtual/to-fixed.js]
[m[36m<TIMESTAMP>,372 [DEBUG] [main] com.armedia.acm.userinterface.angular.AngularResourceCopier - Copying [<HOME>/.arkcase/tmp/node_modules/core-js/library/fn/number/iterator.js] to [<HOME>/.arkcase/custom/node_modules/core-js/library/fn/number/iterator.js]
[m[36m<TIMESTAMP>,372 [DEBUG] [main] com.armedia.acm.userinterface.angular.AngularResourceCopier - Copying [<HOME>/.arkcase/tmp/node_modules/core-js/library/fn/number/is-integer.js] to [<HOME>/.arkcase/custom/node_modules/core-js/library/fn/number/is-integer.js]
[m[36m<TIMESTAMP>,372 [DEBUG] [main] com.armedia.acm.userinterface.angular.AngularResourceCopier - Copying [<HOME>/.arkcase/tmp/node_modules/core-js/library/fn/number/to-fixed.js] to [<HOME>/.arkcase/custom/node_modules/core-js/library/fn/number/to-fixed.js]
[m[36m<TIMESTAMP>,372 [DEBUG] [main] com.armedia.acm.userinterface.angular.AngularResourceCopier - Copying [<HOME>/.arkcase/tmp/node_modules/core-js/library/fn/number/max-safe-integer.js] to [<HOME>/.arkcase/custom/node_modules/core-js/library/fn/number/max-safe-integer.js]
[m[36m<TIMESTAMP>,372 [DEBUG] [main] com.armedia.acm.userinterface.angular.AngularResourceCopier - Copying [<HOME>/.arkcase/tmp/node_modules/core-js/library/fn/number/is-nan.js] to [<HOME>/.arkcase/custom/node_modules/core-js/library/fn/number/is-nan.js]
[m[36m<TIMESTAMP>,372 [DEBUG] [main] com.armedia.acm.userinterface.angular.AngularResourceCopier - Copying [<HOME>/.arkcase/tmp/node_modules/core-js/library/fn/number/is-safe-integer.js] to [<HOME>/.arkcase/custom/node_modules/core-js/library/fn/number/is-safe-integer.js]
[m[36m<TIMESTAMP>,373 [DEBUG] [main] com.armedia.acm.userinterface.angular.AngularResourceCopier - Copying [<HOME>/.arkcase/tmp/node_modules/core-js/library/fn/number/is-finite.js] to [<HOME>/.arkcase/custom/node_modules/core-js/library/fn/number/is-finite.js]
[m[36m<TIMESTAMP>,373 [DEBUG] [main] com.armedia.acm.userinterface.angular.AngularResourceCopier - Copying [<HOME>/.arkcase/tmp/node_modules/core-js/library/fn/number/constructor.js] to [<HOME>/.arkcase/custom/node_modules/core-js/library/fn/number/constructor.js]
[m[36m<TIMESTAMP>,373 [DEBUG] [main] com.armedia.acm.userinterface.angular.AngularResourceCopier - Copying [<HOME>/.arkcase/tmp/node_modules/core-js/library/fn/number/epsilon.js] to [<HOME>/.arkcase/custom/node_modules/core-js/library/fn/number/epsilon.js]
[m[36m<TIMESTAMP>,373 [DEBUG] [main] com.armedia.acm.userinterface.angular.AngularResourceCopier - Copying [<HOME>/.arkcase/tmp/node_modules/core-js/library/fn/object/is.js] to [<HOME>/.arkcase/custom/node_modules/core-js/library/fn/object/is.js]
[m[36m<TIMESTAMP>,373 [DEBUG] [main] com.armedia.acm.userinterface.angular.AngularResourceCopier - Copying [<HOME>/.arkcase/tmp/node_modules/core-js/library/fn/object/define-properties.js] to [<HOME>/.arkcase/custom/node_modules/core-js/library/fn/object/define-properties.js]
[m[36m<TIMESTAMP>,373 [DEBUG] [main] com.armedia.acm.userinterface.angular.AngularResourceCopier - Copying [<HOME>/.arkcase/tmp/node_modules/core-js/library/fn/object/get-prototype-of.js] to [<HOME>/.arkcase/custom/node_modules/core-js/library/fn/object/get-prototype-of.js]
[m[36m<TIMESTAMP>,373 [DEBUG] [main] com.armedia.acm.userinterface.angular.AngularResourceCopier - Copying [<HOME>/.arkcase/tmp/node_modules/core-js/library/fn/object/index.js] to [<HOME>/.arkcase/custom/node_modules/core-js/library/fn/object/index.js]
[m[36m<TIMESTAMP>,374 [DEBUG] [main] com.armedia.acm.userinterface.angular.AngularResourceCopier - Copying [<HOME>/.arkcase/tmp/node_modules/core-js/library/fn/object/get-own-property-descriptors.js] to [<HOME>/.arkcase/custom/node_modules/core-js/library/fn/object/get-own-property-descriptors.js]
[m[36m<TIMESTAMP>,374 [DEBUG] [main] com.armedia.acm.userinterface.angular.AngularResourceCopier - Copying [<HOME>/.arkcase/tmp/node_modules/core-js/library/fn/object/freeze.js] to [<HOME>/.arkcase/custom/node_modules/core-js/library/fn/object/freeze.js]
[m[36m<TIMESTAMP>,374 [DEBUG] [main] com.armedia.acm.userinterface.angular.AngularResourceCopier - Copying [<HOME>/.arkcase/tmp/node_modules/core-js/library/fn/object/set-prototype-of.js] to [<HOME>/.arkcase/custom/node_modules/core-js/library/fn/object/set-prototype-of.js]
[m[36m<TIMESTAMP>,374 [DEBUG] [main] com.armedia.acm.userinterface.angular.AngularResourceCopier - Copying [<HOME>/.arkcase/tmp/node_modules/core-js/library/fn/object/is-sealed.js] to [<HOME>/.arkcase/custom/node_modules/core-js/library/fn/object/is-sealed.js]
[m[36m<TIMESTAMP>,374 [DEBUG] [main] com.armedia.acm.userinterface.angular.AngularResourceCopier - Copying [<HOME>/.arkcase/tmp/node_modules/core-js/library/fn/object/define-getter.js] to [<HOME>/.arkcase/custom/node_modules/core-js/library/fn/object/define-getter.js]
[m[36m<TIMESTAMP>,374 [DEBUG] [main] com.armedia.acm.userinterface.angular.AngularResourceCopier - Copying [<HOME>/.arkcase/tmp/node_modules/core-js/library/fn/object/assign.js] to [<HOME>/.arkcase/custom/node_modules/core-js/library/fn/object/assign.js]
[m[36m<TIMESTAMP>,375 [DEBUG] [main] com.armedia.acm.userinterface.angular.AngularResourceCopier - Copying [<HOME>/.arkcase/tmp/node_modules/core-js/library/fn/object/entries.js] to [<HOME>/.arkcase/custom/node_modules/core-js/library/fn/object/entries.js]
[m[36m<TIMESTAMP>,375 [DEBUG] [main] com.armedia.acm.userinterface.angular.AngularResourceCopier - Copying [<HOME>/.arkcase/tmp/node_modules/core-js/library/fn/object/make.js] to [<HOME>/.arkcase/custom/node_modules/core-js/library/fn/object/make.js]
[m[36m<TIMESTAMP>,375 [DEBUG] [main] com.armedia.acm.userinterface.angular.AngularResourceCopier - Copying [<HOME>/.arkcase/tmp/node_modules/core-js/library/fn/object/define.js] to [<HOME>/.arkcase/custom/node_modules/core-js/library/fn/object/define.js]
[m[36m<TIMESTAMP>,375 [DEBUG] [main] com.armedia.acm.userinterface.angular.AngularResourceCopier - Copying [<HOME>/.arkcase/tmp/node_modules/core-js/library/fn/object/prevent-extensions.js] to [<HOME>/.arkcase/custom/node_modules/core-js/library/fn/object/prevent-extensions.js]
[m[36m<TIMESTAMP>,375 [DEBUG] [main] com.armedia.acm.userinterface.angular.AngularResourceCopier - Copying [<HOME>/.arkcase/tmp/node_modules/core-js/library/fn/object/is-frozen.js] to [<HOME>/.arkcase/custom/node_modules/core-js/library/fn/object/is-frozen.js]
[m[36m<TIMESTAMP>,375 [DEBUG] [main] com.armedia.acm.userinterface.angular.AngularResourceCopier - Copying [<HOME>/.arkcase/tmp/node_modules/core-js/library/fn/object/is-object.js] to [<HOME>/.arkcase/custom/node_modules/core-js/library/fn/object/is-object.js]
[m[36m<TIMESTAMP>,375 [DEBUG] [main] com.armedia.acm.userinterface.angular.AngularResourceCopier - Copying [<HOME>/.arkcase/tmp/node_modules/core-js/library/fn/object/get-own-property-names.js] to [<HOME>/.arkcase/custom/node_modules/core-js/library/fn/object/get-own-property-names.js]
[m[36m<TIMESTAMP>,376 [DEBUG] [main] com.armedia.acm.userinterface.angular.AngularResourceCopier - Copying [<HOME>/.arkcase/tmp/node_modules/core-js/library/fn/object/seal.js] to [<HOME>/.arkcase/custom/node_modules/core-js/library/fn/object/seal.js]
[m[36m<TIMESTAMP>,376 [DEBUG] [main] com.armedia.acm.userinterface.angular.AngularResourceCopier - Copying [<HOME>/.arkcase/tmp/node_modules/core-js/library/fn/object/lookup-getter.js] to [<HOME>/.arkcase/custom/node_modules/core-js/library/fn/object/lookup-getter.js]
[m[36m<TIMESTAMP>,376 [DEBUG] [main] com.armedia.acm.userinterface.angular.AngularResourceCopier - Copying [<HOME>/.arkcase/tmp/node_modules/core-js/library/fn/object/get-own-property-descriptor.js] to [<HOME>/.arkcase/custom/node_modules/core-js/library/fn/object/get-own-property-descriptor.js]
[m[36m<TIMESTAMP>,376 [DEBUG] [main] com.armedia.acm.userinterface.angular.AngularResourceCopier - Copying [<HOME>/.arkcase/tmp/node_modules/core-js/library/fn/object/define-setter.js] to [<HOME>/.arkcase/custom/node_modules/core-js/library/fn/object/define-setter.js]
[m[36m<TIMESTAMP>,376 [DEBUG] [main] com.armedia.acm.userinterface.angular.AngularResourceCopier - Copying [<HOME>/.arkcase/tmp/node_modules/core-js/library/fn/object/values.js] to [<HOME>/.arkcase/custom/node_modules/core-js/library/fn/object/values.js]
[m[36m<TIMESTAMP>,376 [DEBUG] [main] com.armedia.acm.userinterface.angular.AngularResourceCopier - Copying [<HOME>/.arkcase/tmp/node_modules/core-js/library/fn/object/create.js] to [<HOME>/.arkcase/custom/node_modules/core-js/library/fn/object/create.js]
[m[36m<TIMESTAMP>,376 [DEBUG] [main] com.armedia.acm.userinterface.angular.AngularResourceCopier - Copying [<HOME>/.arkcase/tmp/node_modules/core-js/library/fn/object/classof.js] to [<HOME>/.arkcase/custom/node_modules/core-js/library/fn/object/classof.js]
[m[36m<TIMESTAMP>,377 [DEBUG] [main] com.armedia.acm.userinterface.angular.AngularResourceCopier - Copying [<HOME>/.arkcase/tmp/node_modules/core-js/library/fn/object/lookup-setter.js] to [<HOME>/.arkcase/custom/node_modules/core-js/library/fn/object/lookup-setter.js]
[m[36m<TIMESTAMP>,377 [DEBUG] [main] com.armedia.acm.userinterface.angular.AngularResourceCopier - Copying [<HOME>/.arkcase/tmp/node_modules/core-js/library/fn/object/get-own-property-symbols.js] to [<HOME>/.arkcase/custom/node_modules/core-js/library/fn/object/get-own-property-symbols.js]
[m[36m<TIMESTAMP>,377 [DEBUG] [main] com.armedia.acm.userinterface.angular.AngularResourceCopier - Copying [<HOME>/.arkcase/tmp/node_modules/core-js/library/fn/object/is-extensible.js] to [<HOME>/.arkcase/custom/node_modules/core-js/library/fn/object/is-extensible.js]
[m[36m<TIMESTAMP>,377 [DEBUG] [main] com.armedia.acm.userinterface.angular.AngularResourceCopier - Copying [<HOME>/.arkcase/tmp/node_modules/core-js/library/fn/object/define-property.js] to [<HOME>/.arkcase/custom/node_modules/core-js/library/fn/object/define-property.js]
[m[36m<TIMESTAMP>,377 [DEBUG] [main] com.armedia.acm.userinterface.angular.AngularResourceCopier - Copying [<HOME>/.arkcase/tmp/node_modules/core-js/library/fn/object/keys.js] to [<HOME>/.arkcase/custom/node_modules/core-js/library/fn/object/keys.js]
[m[36m<TIMESTAMP>,377 [DEBUG] [main] com.armedia.acm.userinterface.angular.AngularResourceCopier - Copying [<HOME>/.arkcase/tmp/node_modules/core-js/library/fn/map/index.js] to [<HOME>/.arkcase/custom/node_modules/core-js/library/fn/map/index.js]
[m[36m<TIMESTAMP>,377 [DEBUG] [main] com.armedia.acm.userinterface.angular.AngularResourceCopier - Copying [<HOME>/.arkcase/tmp/node_modules/core-js/library/fn/map/of.js] to [<HOME>/.arkcase/custom/node_modules/core-js/library/fn/map/of.js]
[m[36m<TIMESTAMP>,378 [DEBUG] [main] com.armedia.acm.userinterface.angular.AngularResourceCopier - Copying [<HOME>/.arkcase/tmp/node_modules/core-js/library/fn/map/from.js] to [<HOME>/.arkcase/custom/node_modules/core-js/library/fn/map/from.js]
[m[36m<TIMESTAMP>,378 [DEBUG] [main] com.armedia.acm.userinterface.angular.AngularResourceCopier - Copying [<HOME>/.arkcase/tmp/node_modules/core-js/library/fn/weak-set.js] to [<HOME>/.arkcase/custom/node_modules/core-js/library/fn/weak-set.js]
[m[36m<TIMESTAMP>,378 [DEBUG] [main] com.armedia.acm.userinterface.angular.AngularResourceCopier - Copying [<HOME>/.arkcase/tmp/node_modules/core-js/library/fn/regexp/index.js] to [<HOME>/.arkcase/custom/node_modules/core-js/library/fn/regexp/index.js]
[m[36m<TIMESTAMP>,378 [DEBUG] [main] com.armedia.acm.userinterface.angular.AngularResourceCopier - Copying [<HOME>/.arkcase/tmp/node_modules/core-js/library/fn/regexp/to-string.js] to [<HOME>/.arkcase/custom/node_modules/core-js/library/fn/regexp/to-string.js]
[m[36m<TIMESTAMP>,378 [DEBUG] [main] com.armedia.acm.userinterface.angular.AngularResourceCopier - Copying [<HOME>/.arkcase/tmp/node_modules/core-js/library/fn/regexp/search.js] to [<HOME>/.arkcase/custom/node_modules/core-js/library/fn/regexp/search.js]
[m[36m<TIMESTAMP>,378 [DEBUG] [main] com.armedia.acm.userinterface.angular.AngularResourceCopier - Copying [<HOME>/.arkcase/tmp/node_modules/core-js/library/fn/regexp/split.js] to [<HOME>/.arkcase/custom/node_modules/core-js/library/fn/regexp/split.js]
[m[36m<TIMESTAMP>,379 [DEBUG] [main] com.armedia.acm.userinterface.angular.AngularResourceCopier - Copying [<HOME>/.arkcase/tmp/node_modules/core-js/library/fn/regexp/flags.js] to [<HOME>/.arkcase/custom/node_modules/core-js/library/fn/regexp/flags.js]
[m[36m<TIMESTAMP>,379 [DEBUG] [main] com.armedia.acm.userinterface.angular.AngularResourceCopier - Copying [<HOME>/.arkcase/tmp/node_modules/core-js/library/fn/regexp/match.js] to [<HOME>/.arkcase/custom/node_modules/core-js/library/fn/regexp/match.js]
[m[36m<TIMESTAMP>,379 [DEBUG] [main] com.armedia.acm.userinterface.angular.AngularResourceCopier - Copying [<HOME>/.arkcase/tmp/node_modules/core-js/library/fn/regexp/escape.js] to [<HOME>/.arkcase/custom/node_modules/core-js/library/fn/regexp/escape.js]
[m[36m<TIMESTAMP>,379 [DEBUG] [main] com.armedia.acm.userinterface.angular.AngularResourceCopier - Copying [<HOME>/.arkcase/tmp/node_modules/core-js/library/fn/regexp/replace.js] to [<HOME>/.arkcase/custom/node_modules/core-js/library/fn/regexp/replace.js]
[m[36m<TIMESTAMP>,379 [DEBUG] [main] com.armedia.acm.userinterface.angular.AngularResourceCopier - Copying [<HOME>/.arkcase/tmp/node_modules/core-js/library/fn/regexp/constructor.js] to [<HOME>/.arkcase/custom/node_modules/core-js/library/fn/regexp/constructor.js]
[m[36m<TIMESTAMP>,379 [DEBUG] [main] com.armedia.acm.userinterface.angular.AngularResourceCopier - Copying [<HOME>/.arkcase/tmp/node_modules/core-js/library/fn/dict.js] to [<HOME>/.arkcase/custom/node_modules/core-js/library/fn/dict.js]
[m[36m<TIMESTAMP>,379 [DEBUG] [main] com.armedia.acm.userinterface.angular.AngularResourceCopier - Copying [<HOME>/.arkcase/tmp/node_modules/core-js/library/fn/error/index.js] to [<HOME>/.arkcase/custom/node_modules/core-js/library/fn/error/index.js]
[m[36m<TIMESTAMP>,380 [DEBUG] [main] com.armedia.acm.userinterface.angular.AngularResourceCopier - Copying [<HOME>/.arkcase/tmp/node_modules/core-js/library/fn/error/is-error.js] to [<HOME>/.arkcase/custom/node_modules/core-js/library/fn/error/is-error.js]
[m[36m<TIMESTAMP>,380 [DEBUG] [main] com.armedia.acm.userinterface.angular.AngularResourceCopier - Copying [<HOME>/.arkcase/tmp/node_modules/core-js/library/fn/json/index.js] to [<HOME>/.arkcase/custom/node_modules/core-js/library/fn/json/index.js]
[m[36m<TIMESTAMP>,380 [DEBUG] [main] com.armedia.acm.userinterface.angular.AngularResourceCopier - Copying [<HOME>/.arkcase/tmp/node_modules/core-js/library/fn/json/stringify.js] to [<HOME>/.arkcase/custom/node_modules/core-js/library/fn/json/stringify.js]
[m[36m<TIMESTAMP>,380 [DEBUG] [main] com.armedia.acm.userinterface.angular.AngularResourceCopier - Copying [<HOME>/.arkcase/tmp/node_modules/core-js/library/fn/system/index.js] to [<HOME>/.arkcase/custom/node_modules/core-js/library/fn/system/index.js]
[m[36m<TIMESTAMP>,380 [DEBUG] [main] com.armedia.acm.userinterface.angular.AngularResourceCopier - Copying [<HOME>/.arkcase/tmp/node_modules/core-js/library/fn/system/global.js] to [<HOME>/.arkcase/custom/node_modules/core-js/library/fn/system/global.js]
[m[36m<TIMESTAMP>,380 [DEBUG] [main] com.armedia.acm.userinterface.angular.AngularResourceCopier - Copying [<HOME>/.arkcase/tmp/node_modules/core-js/library/fn/weak-map/index.js] to [<HOME>/.arkcase/custom/node_modules/core-js/library/fn/weak-map/index.js]
[m[36m<TIMESTAMP>,380 [DEBUG] [main] com.armedia.acm.userinterface.angular.AngularResourceCopier - Copying [<HOME>/.arkcase/tmp/node_modules/core-js/library/fn/weak-map/of.js] to [<HOME>/.arkcase/custom/node_modules/core-js/library/fn/weak-map/of.js]
[m[36m<TIMESTAMP>,381 [DEBUG] [main] com.armedia.acm.userinterface.angular.AngularResourceCopier - Copying [<HOME>/.arkcase/tmp/node_modules/core-js/library/fn/weak-map/from.js] to [<HOME>/.arkcase/custom/node_modules/core-js/library/fn/weak-map/from.js]
[m[36m<TIMESTAMP>,381 [DEBUG] [main] com.armedia.acm.userinterface.angular.AngularResourceCopier - Copying [<HOME>/.arkcase/tmp/node_modules/core-js/library/fn/delay.js] to [<HOME>/.arkcase/custom/node_modules/core-js/library/fn/delay.js]
[m[36m<TIMESTAMP>,381 [DEBUG] [main] com.armedia.acm.userinterface.angular.AngularResourceCopier - Copying [<HOME>/.arkcase/tmp/node_modules/core-js/library/fn/set.js] to [<HOME>/.arkcase/custom/node_modules/core-js/library/fn/set.js]
[m[36m<TIMESTAMP>,381 [DEBUG] [main] com.armedia.acm.userinterface.angular.AngularResourceCopier - Copying [<HOME>/.arkcase/tmp/node_modules/core-js/library/fn/get-iterator-method.js] to [<HOME>/.arkcase/custom/node_modules/core-js/library/fn/get-iterator-method.js]
[m[36m<TIMESTAMP>,381 [DEBUG] [main] com.armedia.acm.userinterface.angular.AngularResourceCopier - Copying [<HOME>/.arkcase/tmp/node_modules/core-js/library/fn/array/index.js] to [<HOME>/.arkcase/custom/node_modules/core-js/library/fn/array/index.js]
[m[36m<TIMESTAMP>,381 [DEBUG] [main] com.armedia.acm.userinterface.angular.AngularResourceCopier - Copying [<HOME>/.arkcase/tmp/node_modules/core-js/library/fn/array/concat.js] to [<HOME>/.arkcase/custom/node_modules/core-js/library/fn/array/concat.js]
[m[36m<TIMESTAMP>,381 [DEBUG] [main] com.armedia.acm.userinterface.angular.AngularResourceCopier - Copying [<HOME>/.arkcase/tmp/node_modules/core-js/library/fn/array/flat-map.js] to [<HOME>/.arkcase/custom/node_modules/core-js/library/fn/array/flat-map.js]
[m[36m<TIMESTAMP>,382 [DEBUG] [main] com.armedia.acm.userinterface.angular.AngularResourceCopier - Copying [<HOME>/.arkcase/tmp/node_modules/core-js/library/fn/array/sort.js] to [<HOME>/.arkcase/custom/node_modules/core-js/library/fn/array/sort.js]
[m[36m<TIMESTAMP>,382 [DEBUG] [main] com.armedia.acm.userinterface.angular.AngularResourceCopier - Copying [<HOME>/.arkcase/tmp/node_modules/core-js/library/fn/array/find-index.js] to [<HOME>/.arkcase/custom/node_modules/core-js/library/fn/array/find-index.js]
[m[36m<TIMESTAMP>,382 [DEBUG] [main] com.armedia.acm.userinterface.angular.AngularResourceCopier - Copying [<HOME>/.arkcase/tmp/node_modules/core-js/library/fn/array/index-of.js] to [<HOME>/.arkcase/custom/node_modules/core-js/library/fn/array/index-of.js]
[m[36m<TIMESTAMP>,382 [DEBUG] [main] com.armedia.acm.userinterface.angular.AngularResourceCopier - Copying [<HOME>/.arkcase/tmp/node_modules/core-js/library/fn/array/map.js] to [<HOME>/.arkcase/custom/node_modules/core-js/library/fn/array/map.js]
[m[36m<TIMESTAMP>,382 [DEBUG] [main] com.armedia.acm.userinterface.angular.AngularResourceCopier - Copying [<HOME>/.arkcase/tmp/node_modules/core-js/library/fn/array/is-array.js] to [<HOME>/.arkcase/custom/node_modules/core-js/library/fn/array/is-array.js]
[m[36m<TIMESTAMP>,382 [DEBUG] [main] com.armedia.acm.userinterface.angular.AngularResourceCopier - Copying [<HOME>/.arkcase/tmp/node_modules/core-js/library/fn/array/push.js] to [<HOME>/.arkcase/custom/node_modules/core-js/library/fn/array/push.js]
[m[36m<TIMESTAMP>,382 [DEBUG] [main] com.armedia.acm.userinterface.angular.AngularResourceCopier - Copying [<HOME>/.arkcase/tmp/node_modules/core-js/library/fn/array/of.js] to [<HOME>/.arkcase/custom/node_modules/core-js/library/fn/array/of.js]
[m[36m<TIMESTAMP>,383 [DEBUG] [main] com.armedia.acm.userinterface.angular.AngularResourceCopier - Copying [<HOME>/.arkcase/tmp/node_modules/core-js/library/fn/array/some.js] to [<HOME>/.arkcase/custom/node_modules/core-js/library/fn/array/some.js]
[m[36m<TIMESTAMP>,383 [DEBUG] [main] com.armedia.acm.userinterface.angular.AngularResourceCopier - Copying [<HOME>/.arkcase/tmp/node_modules/core-js/library/fn/array/filter.js] to [<HOME>/.arkcase/custom/node_modules/core-js/library/fn/array/filter.js]
[m[36m<TIMESTAMP>,383 [DEBUG] [main] com.armedia.acm.userinterface.angular.AngularResourceCopier - Copying [<HOME>/.arkcase/tmp/node_modules/core-js/library/fn/array/entries.js] to [<HOME>/.arkcase/custom/node_modules/core-js/library/fn/array/entries.js]
[m[36m<TIMESTAMP>,383 [DEBUG] [main] com.armedia.acm.userinterface.angular.AngularResourceCopier - Copying [<HOME>/.arkcase/tmp/node_modules/core-js/library/fn/array/splice.js] to [<HOME>/.arkcase/custom/node_modules/core-js/library/fn/array/splice.js]
[m[36m<TIMESTAMP>,383 [DEBUG] [main] com.armedia.acm.userinterface.angular.AngularResourceCopier - Copying [<HOME>/.arkcase/tmp/node_modules/core-js/library/fn/array/copy-within.js] to [<HOME>/.arkcase/custom/node_modules/core-js/library/fn/array/copy-within.js]
[m[36m<TIMESTAMP>,383 [DEBUG] [main] com.armedia.acm.userinterface.angular.AngularResourceCopier - Copying [<HOME>/.arkcase/tmp/node_modules/core-js/library/fn/array/shift.js] to [<HOME>/.arkcase/custom/node_modules/core-js/library/fn/array/shift.js]
[m[36m<TIMESTAMP>,383 [DEBUG] [main] com.armedia.acm.userinterface.angular.AngularResourceCopier - Copying [<HOME>/.arkcase/tmp/node_modules/core-js/library/fn/array/join.js] to [<HOME>/.arkcase/custom/node_modules/core-js/library/fn/array/join.js]
[m[36m<TIMESTAMP>,384 [DEBUG] [main] com.armedia.acm.userinterface.angular.AngularResourceCopier - Copying [<HOME>/.arkcase/tmp/node_modules/core-js/library/fn/array/reduce-right.js] to [<HOME>/.arkcase/custom/node_modules/core-js/library/fn/array/reduce-right.js]
[m[36m<TIMESTAMP>,384 [DEBUG] [main] com.armedia.acm.userinterface.angular.AngularResourceCopier - Copying [<HOME>/.arkcase/tmp/node_modules/core-js/library/fn/array/includes.js] to [<HOME>/.arkcase/custom/node_modules/core-js/library/fn/array/includes.js]
[m[36m<TIMESTAMP>,384 [DEBUG] [main] com.armedia.acm.userinterface.angular.AngularResourceCopier - Copying [<HOME>/.arkcase/tmp/node_modules/core-js/library/fn/array/for-each.js] to [<HOME>/.arkcase/custom/node_modules/core-js/library/fn/array/for-each.js]
[m[36m<TIMESTAMP>,384 [DEBUG] [main] com.armedia.acm.userinterface.angular.AngularResourceCopier - Copying [<HOME>/.arkcase/tmp/node_modules/core-js/library/fn/array/reverse.js] to [<HOME>/.arkcase/custom/node_modules/core-js/library/fn/array/reverse.js]
[m[36m<TIMESTAMP>,384 [DEBUG] [main] com.armedia.acm.userinterface.angular.AngularResourceCopier - Copying [<HOME>/.arkcase/tmp/node_modules/core-js/library/fn/array/virtual/index.js] to [<HOME>/.arkcase/custom/node_modules/core-js/library/fn/array/virtual/index.js]
[m[36m<TIMESTAMP>,384 [DEBUG] [main] com.armedia.acm.userinterface.angular.AngularResourceCopier - Copying [<HOME>/.arkcase/tmp/node_modules/core-js/library/fn/array/virtual/flat-map.js] to [<HOME>/.arkcase/custom/node_modules/core-js/library/fn/array/virtual/flat-map.js]
[m[36m<TIMESTAMP>,384 [DEBUG] [main] com.armedia.acm.userinterface.angular.AngularResourceCopier - Copying [<HOME>/.arkcase/tmp/node_modules/core-js/library/fn/array/virtual/sort.js] to [<HOME>/.arkcase/custom/node_modules/core-js/library/fn/array/virtual/sort.js]
[m[36m<TIMESTAMP>,385 [DEBUG] [main] com.armedia.acm.userinterface.angular.AngularResourceCopier - Copying [<HOME>/.arkcase/tmp/node_modules/core-js/library/fn/array/virtual/find-index.js] to [<HOME>/.arkcase/custom/node_modules/core-js/library/fn/array/virtual/find-index.js]
[m[36m<TIMESTAMP>,385 [DEBUG] [main] com.armedia.acm.userinterface.angular.AngularResourceCopier - Copying [<HOME>/.arkcase/tmp/node_modules/core-js/library/fn/array/virtual/index-of.js] to [<HOME>/.arkcase/custom/node_modules/core-js/library/fn/array/virtual/index-of.js]
[m[36m<TIMESTAMP>,385 [DEBUG] [main] com.armedia.acm.userinterface.angular.AngularResourceCopier - Copying [<HOME>/.arkcase/tmp/node_modules/core-js/library/fn/array/virtual/map.js] to [<HOME>/.arkcase/custom/node_modules/core-js/library/fn/array/virtual/map.js]
[m[36m<TIMESTAMP>,385 [DEBUG] [main] com.armedia.acm.userinterface.angular.AngularResourceCopier - Copying [<HOME>/.arkcase/tmp/node_modules/core-js/library/fn/array/virtual/some.js] to [<HOME>/.arkcase/custom/node_modules/core-js/library/fn/array/virtual/some.js]
[m[36m<TIMESTAMP>,385 [DEBUG] [main] com.armedia.acm.userinterface.angular.AngularResourceCopier - Copying [<HOME>/.arkcase/tmp/node_modules/core-js/library/fn/array/virtual/filter.js] to [<HOME>/.arkcase/custom/node_modules/core-js/library/fn/array/virtual/filter.js]
[m[36m<TIMESTAMP>,385 [DEBUG] [main] com.armedia.acm.userinterface.angular.AngularResourceCopier - Copying [<HOME>/.arkcase/tmp/node_modules/core-js/library/fn/array/virtual/entries.js] to [<HOME>/.arkcase/custom/node_modules/core-js/library/fn/array/virtual/entries.js]
[m[36m<TIMESTAMP>,386 [DEBUG] [main] com.armedia.acm.userinterface.angular.AngularResourceCopier - Copying [<HOME>/.arkcase/tmp/node_modules/core-js/library/fn/array/virtual/copy-within.js] to [<HOME>/.arkcase/custom/node_modules/core-js/library/fn/array/virtual/copy-within.js]
[m[36m<TIMESTAMP>,386 [DEBUG] [main] com.armedia.acm.userinterface.angular.AngularResourceCopier - Copying [<HOME>/.arkcase/tmp/node_modules/core-js/library/fn/array/virtual/join.js] to [<HOME>/.arkcase/custom/node_modules/core-js/library/fn/array/virtual/join.js]
[m[36m<TIMESTAMP>,386 [DEBUG] [main] com.armedia.acm.userinterface.angular.AngularResourceCopier - Copying [<HOME>/.arkcase/tmp/node_modules/core-js/library/fn/array/virtual/reduce-right.js] to [<HOME>/.arkcase/custom/node_modules/core-js/library/fn/array/virtual/reduce-right.js]
[m[36m<TIMESTAMP>,386 [DEBUG] [main] com.armedia.acm.userinterface.angular.AngularResourceCopier - Copying [<HOME>/.arkcase/tmp/node_modules/core-js/library/fn/array/virtual/includes.js] to [<HOME>/.arkcase/custom/node_modules/core-js/library/fn/array/virtual/includes.js]
[m[36m<TIMESTAMP>,386 [DEBUG] [main] com.armedia.acm.userinterface.angular.AngularResourceCopier - Copying [<HOME>/.arkcase/tmp/node_modules/core-js/library/fn/array/virtual/for-each.js] to [<HOME>/.arkcase/custom/node_modules/core-js/library/fn/array/virtual/for-each.js]
[m[36m<TIMESTAMP>,386 [DEBUG] [main] com.armedia.acm.userinterface.angular.AngularResourceCopier - Copying [<HOME>/.arkcase/tmp/node_modules/core-js/library/fn/array/virtual/iterator.js] to [<HOME>/.arkcase/custom/node_modules/core-js/library/fn/array/virtual/iterator.js]
[m[36m<TIMESTAMP>,386 [DEBUG] [main] com.armedia.acm.userinterface.angular.AngularResourceCopier - Copying [<HOME>/.arkcase/tmp/node_modules/core-js/library/fn/array/virtual/values.js] to [<HOME>/.arkcase/custom/node_modules/core-js/library/fn/array/virtual/values.js]
[m[36m<TIMESTAMP>,387 [DEBUG] [main] com.armedia.acm.userinterface.angular.AngularResourceCopier - Copying [<HOME>/.arkcase/tmp/node_modules/core-js/library/fn/array/virtual/slice.js] to [<HOME>/.arkcase/custom/node_modules/core-js/library/fn/array/virtual/slice.js]
[m[36m<TIMESTAMP>,387 [DEBUG] [main] com.armedia.acm.userinterface.angular.AngularResourceCopier - Copying [<HOME>/.arkcase/tmp/node_modules/core-js/library/fn/array/virtual/flatten.js] to [<HOME>/.arkcase/custom/node_modules/core-js/library/fn/array/virtual/flatten.js]
[m[36m<TIMESTAMP>,387 [DEBUG] [main] com.armedia.acm.userinterface.angular.AngularResourceCopier - Copying [<HOME>/.arkcase/tmp/node_modules/core-js/library/fn/array/virtual/every.js] to [<HOME>/.arkcase/custom/node_modules/core-js/library/fn/array/virtual/every.js]
[m[36m<TIMESTAMP>,387 [DEBUG] [main] com.armedia.acm.userinterface.angular.AngularResourceCopier - Copying [<HOME>/.arkcase/tmp/node_modules/core-js/library/fn/array/virtual/reduce.js] to [<HOME>/.arkcase/custom/node_modules/core-js/library/fn/array/virtual/reduce.js]
[m[36m<TIMESTAMP>,387 [DEBUG] [main] com.armedia.acm.userinterface.angular.AngularResourceCopier - Copying [<HOME>/.arkcase/tmp/node_modules/core-js/library/fn/array/virtual/last-index-of.js] to [<HOME>/.arkcase/custom/node_modules/core-js/library/fn/array/virtual/last-index-of.js]
[m[36m<TIMESTAMP>,387 [DEBUG] [main] com.armedia.acm.userinterface.angular.AngularResourceCopier - Copying [<HOME>/.arkcase/tmp/node_modules/core-js/library/fn/array/virtual/find.js] to [<HOME>/.arkcase/custom/node_modules/core-js/library/fn/array/virtual/find.js]
[m[36m<TIMESTAMP>,388 [DEBUG] [main] com.armedia.acm.userinterface.angular.AngularResourceCopier - Copying [<HOME>/.arkcase/tmp/node_modules/core-js/library/fn/array/virtual/fill.js] to [<HOME>/.arkcase/custom/node_modules/core-js/library/fn/array/virtual/fill.js]
[m[36m<TIMESTAMP>,388 [DEBUG] [main] com.armedia.acm.userinterface.angular.AngularResourceCopier - Copying [<HOME>/.arkcase/tmp/node_modules/core-js/library/fn/array/virtual/keys.js] to [<HOME>/.arkcase/custom/node_modules/core-js/library/fn/array/virtual/keys.js]
[m[36m<TIMESTAMP>,388 [DEBUG] [main] com.armedia.acm.userinterface.angular.AngularResourceCopier - Copying [<HOME>/.arkcase/tmp/node_modules/core-js/library/fn/array/iterator.js] to [<HOME>/.arkcase/custom/node_modules/core-js/library/fn/array/iterator.js]
[m[36m<TIMESTAMP>,388 [DEBUG] [main] com.armedia.acm.userinterface.angular.AngularResourceCopier - Copying [<HOME>/.arkcase/tmp/node_modules/core-js/library/fn/array/from.js] to [<HOME>/.arkcase/custom/node_modules/core-js/library/fn/array/from.js]
[m[36m<TIMESTAMP>,388 [DEBUG] [main] com.armedia.acm.userinterface.angular.AngularResourceCopier - Copying [<HOME>/.arkcase/tmp/node_modules/core-js/library/fn/array/values.js] to [<HOME>/.arkcase/custom/node_modules/core-js/library/fn/array/values.js]
[m[36m<TIMESTAMP>,388 [DEBUG] [main] com.armedia.acm.userinterface.angular.AngularResourceCopier - Copying [<HOME>/.arkcase/tmp/node_modules/core-js/library/fn/array/unshift.js] to [<HOME>/.arkcase/custom/node_modules/core-js/library/fn/array/unshift.js]
[m[36m<TIMESTAMP>,388 [DEBUG] [main] com.armedia.acm.userinterface.angular.AngularResourceCopier - Copying [<HOME>/.arkcase/tmp/node_modules/core-js/library/fn/array/slice.js] to [<HOME>/.arkcase/custom/node_modules/core-js/library/fn/array/slice.js]
[m[36m<TIMESTAMP>,388 [DEBUG] [main] com.armedia.acm.userinterface.angular.AngularResourceCopier - Copying [<HOME>/.arkcase/tmp/node_modules/core-js/library/fn/array/flatten.js] to [<HOME>/.arkcase/custom/node_modules/core-js/library/fn/array/flatten.js]
[m[36m<TIMESTAMP>,389 [DEBUG] [main] com.armedia.acm.userinterface.angular.AngularResourceCopier - Copying [<HOME>/.arkcase/tmp/node_modules/core-js/library/fn/array/every.js] to [<HOME>/.arkcase/custom/node_modules/core-js/library/fn/array/every.js]
[m[36m<TIMESTAMP>,389 [DEBUG] [main] com.armedia.acm.userinterface.angular.AngularResourceCopier - Copying [<HOME>/.arkcase/tmp/node_modules/core-js/library/fn/array/reduce.js] to [<HOME>/.arkcase/custom/node_modules/core-js/library/fn/array/reduce.js]
[m[36m<TIMESTAMP>,389 [DEBUG] [main] com.armedia.acm.userinterface.angular.AngularResourceCopier - Copying [<HOME>/.arkcase/tmp/node_modules/core-js/library/fn/array/last-index-of.js] to [<HOME>/.arkcase/custom/node_modules/core-js/library/fn/array/last-index-of.js]
[m[36m<TIMESTAMP>,389 [DEBUG] [main] com.armedia.acm.userinterface.angular.AngularResourceCopier - Copying [<HOME>/.arkcase/tmp/node_modules/core-js/library/fn/array/pop.js] to [<HOME>/.arkcase/custom/node_modules/core-js/library/fn/array/pop.js]
[m[36m<TIMESTAMP>,389 [DEBUG] [main] com.armedia.acm.userinterface.angular.AngularResourceCopier - Copying [<HOME>/.arkcase/tmp/node_modules/core-js/library/fn/array/find.js] to [<HOME>/.arkcase/custom/node_modules/core-js/library/fn/array/find.js]
[m[36m<TIMESTAMP>,389 [DEBUG] [main] com.armedia.acm.userinterface.angular.AngularResourceCopier - Copying [<HOME>/.arkcase/tmp/node_modules/core-js/library/fn/array/fill.js] to [<HOME>/.arkcase/custom/node_modules/core-js/library/fn/array/fill.js]
[m[36m<TIMESTAMP>,389 [DEBUG] [main] com.armedia.acm.userinterface.angular.AngularResourceCopier - Copying [<HOME>/.arkcase/tmp/node_modules/core-js/library/fn/array/keys.js] to [<HOME>/.arkcase/custom/node_modules/core-js/library/fn/array/keys.js]
[m[36m<TIMESTAMP>,390 [DEBUG] [main] com.armedia.acm.userinterface.angular.AngularResourceCopier - Copying [<HOME>/.arkcase/tmp/node_modules/core-js/client/core.js] to [<HOME>/.arkcase/custom/node_modules/core-js/client/core.js]
[m[36m<TIMESTAMP>,390 [DEBUG] [main] com.armedia.acm.userinterface.angular.AngularResourceCopier - Copying [<HOME>/.arkcase/tmp/node_modules/core-js/client/shim.min.js] to [<HOME>/.arkcase/custom/node_modules/core-js/client/shim.min.js]
[m[36m<TIMESTAMP>,390 [DEBUG] [main] com.armedia.acm.userinterface.angular.AngularResourceCopier - Copying [<HOME>/.arkcase/tmp/node_modules/core-js/client/core.min.js.map] to [<HOME>/.arkcase/custom/node_modules/core-js/client/core.min.js.map]
[m[36m<TIMESTAMP>,391 [DEBUG] [main] com.armedia.acm.userinterface.angular.AngularResourceCopier - Copying [<HOME>/.arkcase/tmp/node_modules/core-js/client/core.min.js] to [<HOME>/.arkcase/custom/node_modules/core-js/client/core.min.js]
[m[36m<TIMESTAMP>,392 [DEBUG] [main] com.armedia.acm.userinterface.angular.AngularResourceCopier - Copying [<HOME>/.arkcase/tmp/node_modules/core-js/client/shim.min.js.map] to [<HOME>/.arkcase/custom/node_modules/core-js/client/shim.min.js.map]
[m[36m<TIMESTAMP>,392 [DEBUG] [main] com.armedia.acm.userinterface.angular.AngularResourceCopier - Copying [<HOME>/.arkcase/tmp/node_modules/core-js/client/shim.js] to [<HOME>/.arkcase/custom/node_modules/core-js/client/shim.js]
[m[36m<TIMESTAMP>,394 [DEBUG] [main] com.armedia.acm.userinterface.angular.AngularResourceCopier - Copying [<HOME>/.arkcase/tmp/node_modules/core-js/client/library.js] to [<HOME>/.arkcase/custom/node_modules/core-js/client/library.js]
[m[36m<TIMESTAMP>,395 [DEBUG] [main] com.armedia.acm.userinterface.angular.AngularResourceCopier - Copying [<HOME>/.arkcase/tmp/node_modules/core-js/client/library.min.js] to [<HOME>/.arkcase/custom/node_modules/core-js/client/library.min.js]
[m[36m<TIMESTAMP>,396 [DEBUG] [main] com.armedia.acm.userinterface.angular.AngularResourceCopier - Copying [<HOME>/.arkcase/tmp/node_modules/core-js/client/library.min.js.map] to [<HOME>/.arkcase/custom/node_modules/core-js/client/library.min.js.map]
[m[36m<TIMESTAMP>,397 [DEBUG] [main] com.armedia.acm.userinterface.angular.AngularResourceCopier - Copying [<HOME>/.arkcase/tmp/node_modules/core-js/LICENSE] to [<HOME>/.arkcase/custom/node_modules/core-js/LICENSE]
[m[36m<TIMESTAMP>,398 [DEBUG] [main] com.armedia.acm.userinterface.angular.AngularResourceCopier - Copying [<HOME>/.arkcase/tmp/node_modules/core-js/README.md] to [<HOME>/.arkcase/custom/node_modules/core-js/README.md]
[m[36m<TIMESTAMP>,398 [DEBUG] [main] com.armedia.acm.userinterface.angular.AngularResourceCopier - Copying [<HOME>/.arkcase/tmp/node_modules/core-js/bower.json] to [<HOME>/.arkcase/custom/node_modules/core-js/bower.json]
[m[36m<TIMESTAMP>,398 [DEBUG] [main] com.armedia.acm.userinterface.angular.AngularResourceCopier - Copying [<HOME>/.arkcase/tmp/node_modules/core-js/Gruntfile.js] to [<HOME>/.arkcase/custom/node_modules/core-js/Gruntfile.js]
[m[36m<TIMESTAMP>,399 [DEBUG] [main] com.armedia.acm.userinterface.angular.AngularResourceCopier - Copying [<HOME>/.arkcase/tmp/node_modules/core-js/postinstall.js] to [<HOME>/.arkcase/custom/node_modules/core-js/postinstall.js]
[m[36m<TIMESTAMP>,399 [DEBUG] [main] com.armedia.acm.userinterface.angular.AngularResourceCopier - Copying [<HOME>/.arkcase/tmp/node_modules/core-js/shim.js] to [<HOME>/.arkcase/custom/node_modules/core-js/shim.js]
[m[36m<TIMESTAMP>,399 [DEBUG] [main] com.armedia.acm.userinterface.angular.AngularResourceCopier - Copying [<HOME>/.arkcase/tmp/node_modules/core-js/modules/_parse-float.js] to [<HOME>/.arkcase/custom/node_modules/core-js/modules/_parse-float.js]
[m[36m<TIMESTAMP>,399 [DEBUG] [main] com.armedia.acm.userinterface.angular.AngularResourceCopier - Copying [<HOME>/.arkcase/tmp/node_modules/core-js/modules/es7.array.includes.js] to [<HOME>/.arkcase/custom/node_modules/core-js/modules/es7.array.includes.js]
[m[36m<TIMESTAMP>,399 [DEBUG] [main] com.armedia.acm.userinterface.angular.AngularResourceCopier - Copying [<HOME>/.arkcase/tmp/node_modules/core-js/modules/es6.array.join.js] to [<HOME>/.arkcase/custom/node_modules/core-js/modules/es6.array.join.js]
[m[36m<TIMESTAMP>,400 [DEBUG] [main] com.armedia.acm.userinterface.angular.AngularResourceCopier - Copying [<HOME>/.arkcase/tmp/node_modules/core-js/modules/_hide.js] to [<HOME>/.arkcase/custom/node_modules/core-js/modules/_hide.js]
[m[36m<TIMESTAMP>,400 [DEBUG] [main] com.armedia.acm.userinterface.angular.AngularResourceCopier - Copying [<HOME>/.arkcase/tmp/node_modules/core-js/modules/_ctx.js] to [<HOME>/.arkcase/custom/node_modules/core-js/modules/_ctx.js]
[m[36m<TIMESTAMP>,400 [DEBUG] [main] com.armedia.acm.userinterface.angular.AngularResourceCopier - Copying [<HOME>/.arkcase/tmp/node_modules/core-js/modules/es6.object.is-frozen.js] to [<HOME>/.arkcase/custom/node_modules/core-js/modules/es6.object.is-frozen.js]
[m[36m<TIMESTAMP>,400 [DEBUG] [main] com.armedia.acm.userinterface.angular.AngularResourceCopier - Copying [<HOME>/.arkcase/tmp/node_modules/core-js/modules/_is-array-iter.js] to [<HOME>/.arkcase/custom/node_modules/core-js/modules/_is-array-iter.js]
[m[36m<TIMESTAMP>,400 [DEBUG] [main] com.armedia.acm.userinterface.angular.AngularResourceCopier - Copying [<HOME>/.arkcase/tmp/node_modules/core-js/modules/_object-keys.js] to [<HOME>/.arkcase/custom/node_modules/core-js/modules/_object-keys.js]
[m[36m<TIMESTAMP>,400 [DEBUG] [main] com.armedia.acm.userinterface.angular.AngularResourceCopier - Copying [<HOME>/.arkcase/tmp/node_modules/core-js/modules/es6.reflect.get.js] to [<HOME>/.arkcase/custom/node_modules/core-js/modules/es6.reflect.get.js]
[m[36m<TIMESTAMP>,400 [DEBUG] [main] com.armedia.acm.userinterface.angular.AngularResourceCopier - Copying [<HOME>/.arkcase/tmp/node_modules/core-js/modules/es6.string.iterator.js] to [<HOME>/.arkcase/custom/node_modules/core-js/modules/es6.string.iterator.js]
[m[36m<TIMESTAMP>,400 [DEBUG] [main] com.armedia.acm.userinterface.angular.AngularResourceCopier - Copying [<HOME>/.arkcase/tmp/node_modules/core-js/modules/es6.math.log2.js] to [<HOME>/.arkcase/custom/node_modules/core-js/modules/es6.math.log2.js]
[m[36m<TIMESTAMP>,401 [DEBUG] [main] com.armedia.acm.userinterface.angular.AngularResourceCopier - Copying [<HOME>/.arkcase/tmp/node_modules/core-js/modules/_invoke.js] to [<HOME>/.arkcase/custom/node_modules/core-js/modules/_invoke.js]
[m[36m<TIMESTAMP>,401 [DEBUG] [main] com.armedia.acm.userinterface.angular.AngularResourceCopier - Copying [<HOME>/.arkcase/tmp/node_modules/core-js/modules/_core.js] to [<HOME>/.arkcase/custom/node_modules/core-js/modules/_core.js]
[m[36m<TIMESTAMP>,401 [DEBUG] [main] com.armedia.acm.userinterface.angular.AngularResourceCopier - Copying [<HOME>/.arkcase/tmp/node_modules/core-js/modules/_partial.js] to [<HOME>/.arkcase/custom/node_modules/core-js/modules/_partial.js]
[m[36m<TIMESTAMP>,401 [DEBUG] [main] com.armedia.acm.userinterface.angular.AngularResourceCopier - Copying [<HOME>/.arkcase/tmp/node_modules/core-js/modules/es6.object.seal.js] to [<HOME>/.arkcase/custom/node_modules/core-js/modules/es6.object.seal.js]
[m[36m<TIMESTAMP>,401 [DEBUG] [main] com.armedia.acm.userinterface.angular.AngularResourceCopier - Copying [<HOME>/.arkcase/tmp/node_modules/core-js/modules/_to-index.js] to [<HOME>/.arkcase/custom/node_modules/core-js/modules/_to-index.js]
[m[36m<TIMESTAMP>,401 [DEBUG] [main] com.armedia.acm.userinterface.angular.AngularResourceCopier - Copying [<HOME>/.arkcase/tmp/node_modules/core-js/modules/_for-of.js] to [<HOME>/.arkcase/custom/node_modules/core-js/modules/_for-of.js]
[m[36m<TIMESTAMP>,401 [DEBUG] [main] com.armedia.acm.userinterface.angular.AngularResourceCopier - Copying [<HOME>/.arkcase/tmp/node_modules/core-js/modules/es6.array.filter.js] to [<HOME>/.arkcase/custom/node_modules/core-js/modules/es6.array.filter.js]
[m[36m<TIMESTAMP>,401 [DEBUG] [main] com.armedia.acm.userinterface.angular.AngularResourceCopier - Copying [<HOME>/.arkcase/tmp/node_modules/core-js/modules/_object-gopd.js] to [<HOME>/.arkcase/custom/node_modules/core-js/modules/_object-gopd.js]
[m[36m<TIMESTAMP>,402 [DEBUG] [main] com.armedia.acm.userinterface.angular.AngularResourceCopier - Copying [<HOME>/.arkcase/tmp/node_modules/core-js/modules/es7.reflect.get-metadata.js] to [<HOME>/.arkcase/custom/node_modules/core-js/modules/es7.reflect.get-metadata.js]
[m[36m<TIMESTAMP>,402 [DEBUG] [main] com.armedia.acm.userinterface.angular.AngularResourceCopier - Copying [<HOME>/.arkcase/tmp/node_modules/core-js/modules/_flags.js] to [<HOME>/.arkcase/custom/node_modules/core-js/modules/_flags.js]
[m[36m<TIMESTAMP>,402 [DEBUG] [main] com.armedia.acm.userinterface.angular.AngularResourceCopier - Copying [<HOME>/.arkcase/tmp/node_modules/core-js/modules/es6.reflect.get-own-property-descriptor.js] to [<HOME>/.arkcase/custom/node_modules/core-js/modules/es6.reflect.get-own-property-descriptor.js]
[m[36m<TIMESTAMP>,402 [DEBUG] [main] com.armedia.acm.userinterface.angular.AngularResourceCopier - Copying [<HOME>/.arkcase/tmp/node_modules/core-js/modules/_enum-bug-keys.js] to [<HOME>/.arkcase/custom/node_modules/core-js/modules/_enum-bug-keys.js]
[m[36m<TIMESTAMP>,402 [DEBUG] [main] com.armedia.acm.userinterface.angular.AngularResourceCopier - Copying [<HOME>/.arkcase/tmp/node_modules/core-js/modules/_string-ws.js] to [<HOME>/.arkcase/custom/node_modules/core-js/modules/_string-ws.js]
[m[36m<TIMESTAMP>,402 [DEBUG] [main] com.armedia.acm.userinterface.angular.AngularResourceCopier - Copying [<HOME>/.arkcase/tmp/node_modules/core-js/modules/_typed-buffer.js] to [<HOME>/.arkcase/custom/node_modules/core-js/modules/_typed-buffer.js]
[m[36m<TIMESTAMP>,402 [DEBUG] [main] com.armedia.acm.userinterface.angular.AngularResourceCopier - Copying [<HOME>/.arkcase/tmp/node_modules/core-js/modules/_path.js] to [<HOME>/.arkcase/custom/node_modules/core-js/modules/_path.js]
[m[36m<TIMESTAMP>,402 [DEBUG] [main] com.armedia.acm.userinterface.angular.AngularResourceCopier - Copying [<HOME>/.arkcase/tmp/node_modules/core-js/modules/_cof.js] to [<HOME>/.arkcase/custom/node_modules/core-js/modules/_cof.js]
[m[36m<TIMESTAMP>,403 [DEBUG] [main] com.armedia.acm.userinterface.angular.AngularResourceCopier - Copying [<HOME>/.arkcase/tmp/node_modules/core-js/modules/_wks.js] to [<HOME>/.arkcase/custom/node_modules/core-js/modules/_wks.js]
[m[36m<TIMESTAMP>,403 [DEBUG] [main] com.armedia.acm.userinterface.angular.AngularResourceCopier - Copying [<HOME>/.arkcase/tmp/node_modules/core-js/modules/library/_path.js] to [<HOME>/.arkcase/custom/node_modules/core-js/modules/library/_path.js]
[m[36m<TIMESTAMP>,403 [DEBUG] [main] com.armedia.acm.userinterface.angular.AngularResourceCopier - Copying [<HOME>/.arkcase/tmp/node_modules/core-js/modules/library/_set-species.js] to [<HOME>/.arkcase/custom/node_modules/core-js/modules/library/_set-species.js]
[m[36m<TIMESTAMP>,403 [DEBUG] [main] com.armedia.acm.userinterface.angular.AngularResourceCopier - Copying [<HOME>/.arkcase/tmp/node_modules/core-js/modules/library/es6.regexp.exec.js] to [<HOME>/.arkcase/custom/node_modules/core-js/modules/library/es6.regexp.exec.js]
[m[36m<TIMESTAMP>,403 [DEBUG] [main] com.armedia.acm.userinterface.angular.AngularResourceCopier - Copying [<HOME>/.arkcase/tmp/node_modules/core-js/modules/library/_library.js] to [<HOME>/.arkcase/custom/node_modules/core-js/modules/library/_library.js]
[m[36m<TIMESTAMP>,403 [DEBUG] [main] com.armedia.acm.userinterface.angular.AngularResourceCopier - Copying [<HOME>/.arkcase/tmp/node_modules/core-js/modules/library/_redefine-all.js] to [<HOME>/.arkcase/custom/node_modules/core-js/modules/library/_redefine-all.js]
[m[36m<TIMESTAMP>,403 [DEBUG] [main] com.armedia.acm.userinterface.angular.AngularResourceCopier - Copying [<HOME>/.arkcase/tmp/node_modules/core-js/modules/library/es6.date.to-json.js] to [<HOME>/.arkcase/custom/node_modules/core-js/modules/library/es6.date.to-json.js]
[m[36m<TIMESTAMP>,403 [DEBUG] [main] com.armedia.acm.userinterface.angular.AngularResourceCopier - Copying [<HOME>/.arkcase/tmp/node_modules/core-js/modules/library/_regexp-exec.js] to [<HOME>/.arkcase/custom/node_modules/core-js/modules/library/_regexp-exec.js]
[m[36m<TIMESTAMP>,404 [DEBUG] [main] com.armedia.acm.userinterface.angular.AngularResourceCopier - Copying [<HOME>/.arkcase/tmp/node_modules/core-js/modules/library/es6.date.to-primitive.js] to [<HOME>/.arkcase/custom/node_modules/core-js/modules/library/es6.date.to-primitive.js]
[m[36m<TIMESTAMP>,404 [DEBUG] [main] com.armedia.acm.userinterface.angular.AngularResourceCopier - Copying [<HOME>/.arkcase/tmp/node_modules/core-js/modules/library/_add-to-unscopables.js] to [<HOME>/.arkcase/custom/node_modules/core-js/modules/library/_add-to-unscopables.js]
[m[36m<TIMESTAMP>,404 [DEBUG] [main] com.armedia.acm.userinterface.angular.AngularResourceCopier - Copying [<HOME>/.arkcase/tmp/node_modules/core-js/modules/library/web.dom.iterable.js] to [<HOME>/.arkcase/custom/node_modules/core-js/modules/library/web.dom.iterable.js]
[m[36m<TIMESTAMP>,404 [DEBUG] [main] com.armedia.acm.userinterface.angular.AngularResourceCopier - Copying [<HOME>/.arkcase/tmp/node_modules/core-js/modules/library/es6.function.name.js] to [<HOME>/.arkcase/custom/node_modules/core-js/modules/library/es6.function.name.js]
[m[36m<TIMESTAMP>,404 [DEBUG] [main] com.armedia.acm.userinterface.angular.AngularResourceCopier - Copying [<HOME>/.arkcase/tmp/node_modules/core-js/modules/library/_regexp-exec-abstract.js] to [<HOME>/.arkcase/custom/node_modules/core-js/modules/library/_regexp-exec-abstract.js]
[m[36m<TIMESTAMP>,404 [DEBUG] [main] com.armedia.acm.userinterface.angular.AngularResourceCopier - Copying [<HOME>/.arkcase/tmp/node_modules/core-js/modules/library/es6.object.to-string.js] to [<HOME>/.arkcase/custom/node_modules/core-js/modules/library/es6.object.to-string.js]
[m[36m<TIMESTAMP>,404 [DEBUG] [main] com.armedia.acm.userinterface.angular.AngularResourceCopier - Copying [<HOME>/.arkcase/tmp/node_modules/core-js/modules/library/es6.number.constructor.js] to [<HOME>/.arkcase/custom/node_modules/core-js/modules/library/es6.number.constructor.js]
[m[36m<TIMESTAMP>,405 [DEBUG] [main] com.armedia.acm.userinterface.angular.AngularResourceCopier - Copying [<HOME>/.arkcase/tmp/node_modules/core-js/modules/library/es6.regexp.to-string.js] to [<HOME>/.arkcase/custom/node_modules/core-js/modules/library/es6.regexp.to-string.js]
[m[36m<TIMESTAMP>,405 [DEBUG] [main] com.armedia.acm.userinterface.angular.AngularResourceCopier - Copying [<HOME>/.arkcase/tmp/node_modules/core-js/modules/library/es6.date.to-string.js] to [<HOME>/.arkcase/custom/node_modules/core-js/modules/library/es6.date.to-string.js]
[m[36m<TIMESTAMP>,405 [DEBUG] [main] com.armedia.acm.userinterface.angular.AngularResourceCopier - Copying [<HOME>/.arkcase/tmp/node_modules/core-js/modules/library/es6.regexp.flags.js] to [<HOME>/.arkcase/custom/node_modules/core-js/modules/library/es6.regexp.flags.js]
[m[36m<TIMESTAMP>,405 [DEBUG] [main] com.armedia.acm.userinterface.angular.AngularResourceCopier - Copying [<HOME>/.arkcase/tmp/node_modules/core-js/modules/library/es6.regexp.replace.js] to [<HOME>/.arkcase/custom/node_modules/core-js/modules/library/es6.regexp.replace.js]
[m[36m<TIMESTAMP>,405 [DEBUG] [main] com.armedia.acm.userinterface.angular.AngularResourceCopier - Copying [<HOME>/.arkcase/tmp/node_modules/core-js/modules/library/_collection.js] to [<HOME>/.arkcase/custom/node_modules/core-js/modules/library/_collection.js]
[m[36m<TIMESTAMP>,405 [DEBUG] [main] com.armedia.acm.userinterface.angular.AngularResourceCopier - Copying [<HOME>/.arkcase/tmp/node_modules/core-js/modules/library/es6.regexp.constructor.js] to [<HOME>/.arkcase/custom/node_modules/core-js/modules/library/es6.regexp.constructor.js]
[m[36m<TIMESTAMP>,405 [DEBUG] [main] com.armedia.acm.userinterface.angular.AngularResourceCopier - Copying [<HOME>/.arkcase/tmp/node_modules/core-js/modules/library/es6.regexp.search.js] to [<HOME>/.arkcase/custom/node_modules/core-js/modules/library/es6.regexp.search.js]
[m[36m<TIMESTAMP>,405 [DEBUG] [main] com.armedia.acm.userinterface.angular.AngularResourceCopier - Copying [<HOME>/.arkcase/tmp/node_modules/core-js/modules/library/es6.regexp.match.js] to [<HOME>/.arkcase/custom/node_modules/core-js/modules/library/es6.regexp.match.js]
[m[36m<TIMESTAMP>,405 [DEBUG] [main] com.armedia.acm.userinterface.angular.AngularResourceCopier - Copying [<HOME>/.arkcase/tmp/node_modules/core-js/modules/library/es6.regexp.split.js] to [<HOME>/.arkcase/custom/node_modules/core-js/modules/library/es6.regexp.split.js]
[m[36m<TIMESTAMP>,406 [DEBUG] [main] com.armedia.acm.userinterface.angular.AngularResourceCopier - Copying [<HOME>/.arkcase/tmp/node_modules/core-js/modules/library/_export.js] to [<HOME>/.arkcase/custom/node_modules/core-js/modules/library/_export.js]
[m[36m<TIMESTAMP>,406 [DEBUG] [main] com.armedia.acm.userinterface.angular.AngularResourceCopier - Copying [<HOME>/.arkcase/tmp/node_modules/core-js/modules/library/_redefine.js] to [<HOME>/.arkcase/custom/node_modules/core-js/modules/library/_redefine.js]
[m[36m<TIMESTAMP>,406 [DEBUG] [main] com.armedia.acm.userinterface.angular.AngularResourceCopier - Copying [<HOME>/.arkcase/tmp/node_modules/core-js/modules/_object-dps.js] to [<HOME>/.arkcase/custom/node_modules/core-js/modules/_object-dps.js]
[m[36m<TIMESTAMP>,406 [DEBUG] [main] com.armedia.acm.userinterface.angular.AngularResourceCopier - Copying [<HOME>/.arkcase/tmp/node_modules/core-js/modules/es6.object.get-prototype-of.js] to [<HOME>/.arkcase/custom/node_modules/core-js/modules/es6.object.get-prototype-of.js]
[m[36m<TIMESTAMP>,406 [DEBUG] [main] com.armedia.acm.userinterface.angular.AngularResourceCopier - Copying [<HOME>/.arkcase/tmp/node_modules/core-js/modules/es7.reflect.define-metadata.js] to [<HOME>/.arkcase/custom/node_modules/core-js/modules/es7.reflect.define-metadata.js]
[m[36m<TIMESTAMP>,406 [DEBUG] [main] com.armedia.acm.userinterface.angular.AngularResourceCopier - Copying [<HOME>/.arkcase/tmp/node_modules/core-js/modules/_defined.js] to [<HOME>/.arkcase/custom/node_modules/core-js/modules/_defined.js]
[m[36m<TIMESTAMP>,406 [DEBUG] [main] com.armedia.acm.userinterface.angular.AngularResourceCopier - Copying [<HOME>/.arkcase/tmp/node_modules/core-js/modules/es7.math.imulh.js] to [<HOME>/.arkcase/custom/node_modules/core-js/modules/es7.math.imulh.js]
[m[36m<TIMESTAMP>,406 [DEBUG] [main] com.armedia.acm.userinterface.angular.AngularResourceCopier - Copying [<HOME>/.arkcase/tmp/node_modules/core-js/modules/es7.error.is-error.js] to [<HOME>/.arkcase/custom/node_modules/core-js/modules/es7.error.is-error.js]
[m[36m<TIMESTAMP>,450 [DEBUG] [main] com.armedia.acm.userinterface.angular.AngularResourceCopier - Copying [<HOME>/.arkcase/tmp/node_modules/core-js/modules/es7.string.at.js] to [<HOME>/.arkcase/custom/node_modules/core-js/modules/es7.string.at.js]
[m[36m<TIMESTAMP>,451 [DEBUG] [main] com.armedia.acm.userinterface.angular.AngularResourceCopier - Copying [<HOME>/.arkcase/tmp/node_modules/core-js/modules/_bind.js] to [<HOME>/.arkcase/custom/node_modules/core-js/modules/_bind.js]
[m[36m<TIMESTAMP>,451 [DEBUG] [main] com.armedia.acm.userinterface.angular.AngularResourceCopier - Copying [<HOME>/.arkcase/tmp/node_modules/core-js/modules/es6.array.sort.js] to [<HOME>/.arkcase/custom/node_modules/core-js/modules/es6.array.sort.js]
[m[36m<TIMESTAMP>,452 [DEBUG] [main] com.armedia.acm.userinterface.angular.AngularResourceCopier - Copying [<HOME>/.arkcase/tmp/node_modules/core-js/modules/_set-species.js] to [<HOME>/.arkcase/custom/node_modules/core-js/modules/_set-species.js]
[m[36m<TIMESTAMP>,452 [DEBUG] [main] com.armedia.acm.userinterface.angular.AngularResourceCopier - Copying [<HOME>/.arkcase/tmp/node_modules/core-js/modules/_to-length.js] to [<HOME>/.arkcase/custom/node_modules/core-js/modules/_to-length.js]
[m[36m<TIMESTAMP>,452 [DEBUG] [main] com.armedia.acm.userinterface.angular.AngularResourceCopier - Copying [<HOME>/.arkcase/tmp/node_modules/core-js/modules/es6.math.acosh.js] to [<HOME>/.arkcase/custom/node_modules/core-js/modules/es6.math.acosh.js]
[m[36m<TIMESTAMP>,452 [DEBUG] [main] com.armedia.acm.userinterface.angular.AngularResourceCopier - Copying [<HOME>/.arkcase/tmp/node_modules/core-js/modules/es6.string.repeat.js] to [<HOME>/.arkcase/custom/node_modules/core-js/modules/es6.string.repeat.js]
[m[36m<TIMESTAMP>,453 [DEBUG] [main] com.armedia.acm.userinterface.angular.AngularResourceCopier - Copying [<HOME>/.arkcase/tmp/node_modules/core-js/modules/es7.set.of.js] to [<HOME>/.arkcase/custom/node_modules/core-js/modules/es7.set.of.js]
[m[36m<TIMESTAMP>,453 [DEBUG] [main] com.armedia.acm.userinterface.angular.AngularResourceCopier - Copying [<HOME>/.arkcase/tmp/node_modules/core-js/modules/es6.string.anchor.js] to [<HOME>/.arkcase/custom/node_modules/core-js/modules/es6.string.anchor.js]
[m[36m<TIMESTAMP>,453 [DEBUG] [main] com.armedia.acm.userinterface.angular.AngularResourceCopier - Copying [<HOME>/.arkcase/tmp/node_modules/core-js/modules/_is-integer.js] to [<HOME>/.arkcase/custom/node_modules/core-js/modules/_is-integer.js]
[m[36m<TIMESTAMP>,453 [DEBUG] [main] com.armedia.acm.userinterface.angular.AngularResourceCopier - Copying [<HOME>/.arkcase/tmp/node_modules/core-js/modules/_advance-string-index.js] to [<HOME>/.arkcase/custom/node_modules/core-js/modules/_advance-string-index.js]
[m[36m<TIMESTAMP>,454 [DEBUG] [main] com.armedia.acm.userinterface.angular.AngularResourceCopier - Copying [<HOME>/.arkcase/tmp/node_modules/core-js/modules/es6.math.cosh.js] to [<HOME>/.arkcase/custom/node_modules/core-js/modules/es6.math.cosh.js]
[m[36m<TIMESTAMP>,454 [DEBUG] [main] com.armedia.acm.userinterface.angular.AngularResourceCopier - Copying [<HOME>/.arkcase/tmp/node_modules/core-js/modules/es6.math.atanh.js] to [<HOME>/.arkcase/custom/node_modules/core-js/modules/es6.math.atanh.js]
[m[36m<TIMESTAMP>,454 [DEBUG] [main] com.armedia.acm.userinterface.angular.AngularResourceCopier - Copying [<HOME>/.arkcase/tmp/node_modules/core-js/modules/es6.promise.js] to [<HOME>/.arkcase/custom/node_modules/core-js/modules/es6.promise.js]
[m[36m<TIMESTAMP>,454 [DEBUG] [main] com.armedia.acm.userinterface.angular.AngularResourceCopier - Copying [<HOME>/.arkcase/tmp/node_modules/core-js/modules/es6.reflect.has.js] to [<HOME>/.arkcase/custom/node_modules/core-js/modules/es6.reflect.has.js]
[m[36m<TIMESTAMP>,454 [DEBUG] [main] com.armedia.acm.userinterface.angular.AngularResourceCopier - Copying [<HOME>/.arkcase/tmp/node_modules/core-js/modules/es6.reflect.construct.js] to [<HOME>/.arkcase/custom/node_modules/core-js/modules/es6.reflect.construct.js]
[m[36m<TIMESTAMP>,454 [DEBUG] [main] com.armedia.acm.userinterface.angular.AngularResourceCopier - Copying [<HOME>/.arkcase/tmp/node_modules/core-js/modules/_object-pie.js] to [<HOME>/.arkcase/custom/node_modules/core-js/modules/_object-pie.js]
[m[36m<TIMESTAMP>,455 [DEBUG] [main] com.armedia.acm.userinterface.angular.AngularResourceCopier - Copying [<HOME>/.arkcase/tmp/node_modules/core-js/modules/es6.array.find-index.js] to [<HOME>/.arkcase/custom/node_modules/core-js/modules/es6.array.find-index.js]
[m[36m<TIMESTAMP>,461 [DEBUG] [main] com.armedia.acm.userinterface.angular.AngularResourceCopier - Copying [<HOME>/.arkcase/tmp/node_modules/core-js/modules/_to-integer.js] to [<HOME>/.arkcase/custom/node_modules/core-js/modules/_to-integer.js]
[m[36m<TIMESTAMP>,461 [DEBUG] [main] com.armedia.acm.userinterface.angular.AngularResourceCopier - Copying [<HOME>/.arkcase/tmp/node_modules/core-js/modules/_same-value.js] to [<HOME>/.arkcase/custom/node_modules/core-js/modules/_same-value.js]
[m[36m<TIMESTAMP>,461 [DEBUG] [main] com.armedia.acm.userinterface.angular.AngularResourceCopier - Copying [<HOME>/.arkcase/tmp/node_modules/core-js/modules/es7.weak-set.from.js] to [<HOME>/.arkcase/custom/node_modules/core-js/modules/es7.weak-set.from.js]
[m[36m<TIMESTAMP>,461 [DEBUG] [main] com.armedia.acm.userinterface.angular.AngularResourceCopier - Copying [<HOME>/.arkcase/tmp/node_modules/core-js/modules/es6.regexp.exec.js] to [<HOME>/.arkcase/custom/node_modules/core-js/modules/es6.regexp.exec.js]
[m[36m<TIMESTAMP>,462 [DEBUG] [main] com.armedia.acm.userinterface.angular.AngularResourceCopier - Copying [<HOME>/.arkcase/tmp/node_modules/core-js/modules/_math-log1p.js] to [<HOME>/.arkcase/custom/node_modules/core-js/modules/_math-log1p.js]
[m[36m<TIMESTAMP>,462 [DEBUG] [main] com.armedia.acm.userinterface.angular.AngularResourceCopier - Copying [<HOME>/.arkcase/tmp/node_modules/core-js/modules/es6.string.sup.js] to [<HOME>/.arkcase/custom/node_modules/core-js/modules/es6.string.sup.js]
[m[36m<TIMESTAMP>,462 [DEBUG] [main] com.armedia.acm.userinterface.angular.AngularResourceCopier - Copying [<HOME>/.arkcase/tmp/node_modules/core-js/modules/_array-includes.js] to [<HOME>/.arkcase/custom/node_modules/core-js/modules/_array-includes.js]
[m[36m<TIMESTAMP>,463 [DEBUG] [main] com.armedia.acm.userinterface.angular.AngularResourceCopier - Copying [<HOME>/.arkcase/tmp/node_modules/core-js/modules/es6.reflect.get-prototype-of.js] to [<HOME>/.arkcase/custom/node_modules/core-js/modules/es6.reflect.get-prototype-of.js]
[m[36m<TIMESTAMP>,463 [DEBUG] [main] com.armedia.acm.userinterface.angular.AngularResourceCopier - Copying [<HOME>/.arkcase/tmp/node_modules/core-js/modules/_iter-call.js] to [<HOME>/.arkcase/custom/node_modules/core-js/modules/_iter-call.js]
[m[36m<TIMESTAMP>,463 [DEBUG] [main] com.armedia.acm.userinterface.angular.AngularResourceCopier - Copying [<HOME>/.arkcase/tmp/node_modules/core-js/modules/es6.string.small.js] to [<HOME>/.arkcase/custom/node_modules/core-js/modules/es6.string.small.js]
[m[36m<TIMESTAMP>,464 [DEBUG] [main] com.armedia.acm.userinterface.angular.AngularResourceCopier - Copying [<HOME>/.arkcase/tmp/node_modules/core-js/modules/_array-from-iterable.js] to [<HOME>/.arkcase/custom/node_modules/core-js/modules/_array-from-iterable.js]
[m[36m<TIMESTAMP>,464 [DEBUG] [main] com.armedia.acm.userinterface.angular.AngularResourceCopier - Copying [<HOME>/.arkcase/tmp/node_modules/core-js/modules/es6.array.every.js] to [<HOME>/.arkcase/custom/node_modules/core-js/modules/es6.array.every.js]
[m[36m<TIMESTAMP>,464 [DEBUG] [main] com.armedia.acm.userinterface.angular.AngularResourceCopier - Copying [<HOME>/.arkcase/tmp/node_modules/core-js/modules/core.is-iterable.js] to [<HOME>/.arkcase/custom/node_modules/core-js/modules/core.is-iterable.js]
[m[36m<TIMESTAMP>,464 [DEBUG] [main] com.armedia.acm.userinterface.angular.AngularResourceCopier - Copying [<HOME>/.arkcase/tmp/node_modules/core-js/modules/_promise-resolve.js] to [<HOME>/.arkcase/custom/node_modules/core-js/modules/_promise-resolve.js]
[m[36m<TIMESTAMP>,465 [DEBUG] [main] com.armedia.acm.userinterface.angular.AngularResourceCopier - Copying [<HOME>/.arkcase/tmp/node_modules/core-js/modules/_library.js] to [<HOME>/.arkcase/custom/node_modules/core-js/modules/_library.js]
[m[36m<TIMESTAMP>,465 [DEBUG] [main] com.armedia.acm.userinterface.angular.AngularResourceCopier - Copying [<HOME>/.arkcase/tmp/node_modules/core-js/modules/_species-constructor.js] to [<HOME>/.arkcase/custom/node_modules/core-js/modules/_species-constructor.js]
[m[36m<TIMESTAMP>,465 [DEBUG] [main] com.armedia.acm.userinterface.angular.AngularResourceCopier - Copying [<HOME>/.arkcase/tmp/node_modules/core-js/modules/es6.reflect.apply.js] to [<HOME>/.arkcase/custom/node_modules/core-js/modules/es6.reflect.apply.js]
[m[36m<TIMESTAMP>,466 [DEBUG] [main] com.armedia.acm.userinterface.angular.AngularResourceCopier - Copying [<HOME>/.arkcase/tmp/node_modules/core-js/modules/_redefine-all.js] to [<HOME>/.arkcase/custom/node_modules/core-js/modules/_redefine-all.js]
[m[36m<TIMESTAMP>,466 [DEBUG] [main] com.armedia.acm.userinterface.angular.AngularResourceCopier - Copying [<HOME>/.arkcase/tmp/node_modules/core-js/modules/_string-repeat.js] to [<HOME>/.arkcase/custom/node_modules/core-js/modules/_string-repeat.js]
[m[36m<TIMESTAMP>,466 [DEBUG] [main] com.armedia.acm.userinterface.angular.AngularResourceCopier - Copying [<HOME>/.arkcase/tmp/node_modules/core-js/modules/es6.function.has-instance.js] to [<HOME>/.arkcase/custom/node_modules/core-js/modules/es6.function.has-instance.js]
[m[36m<TIMESTAMP>,466 [DEBUG] [main] com.armedia.acm.userinterface.angular.AngularResourceCopier - Copying [<HOME>/.arkcase/tmp/node_modules/core-js/modules/core.string.escape-html.js] to [<HOME>/.arkcase/custom/node_modules/core-js/modules/core.string.escape-html.js]
[m[36m<TIMESTAMP>,467 [DEBUG] [main] com.armedia.acm.userinterface.angular.AngularResourceCopier - Copying [<HOME>/.arkcase/tmp/node_modules/core-js/modules/es6.symbol.js] to [<HOME>/.arkcase/custom/node_modules/core-js/modules/es6.symbol.js]
[m[36m<TIMESTAMP>,467 [DEBUG] [main] com.armedia.acm.userinterface.angular.AngularResourceCopier - Copying [<HOME>/.arkcase/tmp/node_modules/core-js/modules/es6.string.link.js] to [<HOME>/.arkcase/custom/node_modules/core-js/modules/es6.string.link.js]
[m[36m<TIMESTAMP>,467 [DEBUG] [main] com.armedia.acm.userinterface.angular.AngularResourceCopier - Copying [<HOME>/.arkcase/tmp/node_modules/core-js/modules/es6.object.define-property.js] to [<HOME>/.arkcase/custom/node_modules/core-js/modules/es6.object.define-property.js]
[m[36m<TIMESTAMP>,468 [DEBUG] [main] com.armedia.acm.userinterface.angular.AngularResourceCopier - Copying [<HOME>/.arkcase/tmp/node_modules/core-js/modules/_parse-int.js] to [<HOME>/.arkcase/custom/node_modules/core-js/modules/_parse-int.js]
[m[36m<TIMESTAMP>,468 [DEBUG] [main] com.armedia.acm.userinterface.angular.AngularResourceCopier - Copying [<HOME>/.arkcase/tmp/node_modules/core-js/modules/es6.typed.float64-array.js] to [<HOME>/.arkcase/custom/node_modules/core-js/modules/es6.typed.float64-array.js]
[m[36m<TIMESTAMP>,468 [DEBUG] [main] com.armedia.acm.userinterface.angular.AngularResourceCopier - Copying [<HOME>/.arkcase/tmp/node_modules/core-js/modules/_object-gopn-ext.js] to [<HOME>/.arkcase/custom/node_modules/core-js/modules/_object-gopn-ext.js]
[m[36m<TIMESTAMP>,469 [DEBUG] [main] com.armedia.acm.userinterface.angular.AngularResourceCopier - Copying [<HOME>/.arkcase/tmp/node_modules/core-js/modules/es6.array.of.js] to [<HOME>/.arkcase/custom/node_modules/core-js/modules/es6.array.of.js]
[m[36m<TIMESTAMP>,469 [DEBUG] [main] com.armedia.acm.userinterface.angular.AngularResourceCopier - Copying [<HOME>/.arkcase/tmp/node_modules/core-js/modules/_fix-re-wks.js] to [<HOME>/.arkcase/custom/node_modules/core-js/modules/_fix-re-wks.js]
[m[36m<TIMESTAMP>,469 [DEBUG] [main] com.armedia.acm.userinterface.angular.AngularResourceCopier - Copying [<HOME>/.arkcase/tmp/node_modules/core-js/modules/es7.observable.js] to [<HOME>/.arkcase/custom/node_modules/core-js/modules/es7.observable.js]
[m[36m<TIMESTAMP>,469 [DEBUG] [main] com.armedia.acm.userinterface.angular.AngularResourceCopier - Copying [<HOME>/.arkcase/tmp/node_modules/core-js/modules/es6.math.clz32.js] to [<HOME>/.arkcase/custom/node_modules/core-js/modules/es6.math.clz32.js]
[m[36m<TIMESTAMP>,470 [DEBUG] [main] com.armedia.acm.userinterface.angular.AngularResourceCopier - Copying [<HOME>/.arkcase/tmp/node_modules/core-js/modules/core.get-iterator-method.js] to [<HOME>/.arkcase/custom/node_modules/core-js/modules/core.get-iterator-method.js]
[m[36m<TIMESTAMP>,470 [DEBUG] [main] com.armedia.acm.userinterface.angular.AngularResourceCopier - Copying [<HOME>/.arkcase/tmp/node_modules/core-js/modules/es7.reflect.get-own-metadata-keys.js] to [<HOME>/.arkcase/custom/node_modules/core-js/modules/es7.reflect.get-own-metadata-keys.js]
[m[36m<TIMESTAMP>,470 [DEBUG] [main] com.armedia.acm.userinterface.angular.AngularResourceCopier - Copying [<HOME>/.arkcase/tmp/node_modules/core-js/modules/es6.string.fontsize.js] to [<HOME>/.arkcase/custom/node_modules/core-js/modules/es6.string.fontsize.js]
[m[36m<TIMESTAMP>,470 [DEBUG] [main] com.armedia.acm.userinterface.angular.AngularResourceCopier - Copying [<HOME>/.arkcase/tmp/node_modules/core-js/modules/es6.string.fixed.js] to [<HOME>/.arkcase/custom/node_modules/core-js/modules/es6.string.fixed.js]
[m[36m<TIMESTAMP>,470 [DEBUG] [main] com.armedia.acm.userinterface.angular.AngularResourceCopier - Copying [<HOME>/.arkcase/tmp/node_modules/core-js/modules/_shared-key.js] to [<HOME>/.arkcase/custom/node_modules/core-js/modules/_shared-key.js]
[m[36m<TIMESTAMP>,471 [DEBUG] [main] com.armedia.acm.userinterface.angular.AngularResourceCopier - Copying [<HOME>/.arkcase/tmp/node_modules/core-js/modules/_set-collection-from.js] to [<HOME>/.arkcase/custom/node_modules/core-js/modules/_set-collection-from.js]
[m[36m<TIMESTAMP>,471 [DEBUG] [main] com.armedia.acm.userinterface.angular.AngularResourceCopier - Copying [<HOME>/.arkcase/tmp/node_modules/core-js/modules/_metadata.js] to [<HOME>/.arkcase/custom/node_modules/core-js/modules/_metadata.js]
[m[36m<TIMESTAMP>,471 [DEBUG] [main] com.armedia.acm.userinterface.angular.AngularResourceCopier - Copying [<HOME>/.arkcase/tmp/node_modules/core-js/modules/es6.math.fround.js] to [<HOME>/.arkcase/custom/node_modules/core-js/modules/es6.math.fround.js]
[m[36m<TIMESTAMP>,471 [DEBUG] [main] com.armedia.acm.userinterface.angular.AngularResourceCopier - Copying [<HOME>/.arkcase/tmp/node_modules/core-js/modules/es6.string.ends-with.js] to [<HOME>/.arkcase/custom/node_modules/core-js/modules/es6.string.ends-with.js]
[m[36m<TIMESTAMP>,472 [DEBUG] [main] com.armedia.acm.userinterface.angular.AngularResourceCopier - Copying [<HOME>/.arkcase/tmp/node_modules/core-js/modules/es7.math.radians.js] to [<HOME>/.arkcase/custom/node_modules/core-js/modules/es7.math.radians.js]
[m[36m<TIMESTAMP>,472 [DEBUG] [main] com.armedia.acm.userinterface.angular.AngularResourceCopier - Copying [<HOME>/.arkcase/tmp/node_modules/core-js/modules/es7.math.deg-per-rad.js] to [<HOME>/.arkcase/custom/node_modules/core-js/modules/es7.math.deg-per-rad.js]
[m[36m<TIMESTAMP>,472 [DEBUG] [main] com.armedia.acm.userinterface.angular.AngularResourceCopier - Copying [<HOME>/.arkcase/tmp/node_modules/core-js/modules/es6.string.italics.js] to [<HOME>/.arkcase/custom/node_modules/core-js/modules/es6.string.italics.js]
[m[36m<TIMESTAMP>,472 [DEBUG] [main] com.armedia.acm.userinterface.angular.AngularResourceCopier - Copying [<HOME>/.arkcase/tmp/node_modules/core-js/modules/es7.math.iaddh.js] to [<HOME>/.arkcase/custom/node_modules/core-js/modules/es7.math.iaddh.js]
[m[36m<TIMESTAMP>,473 [DEBUG] [main] com.armedia.acm.userinterface.angular.AngularResourceCopier - Copying [<HOME>/.arkcase/tmp/node_modules/core-js/modules/es6.string.from-code-point.js] to [<HOME>/.arkcase/custom/node_modules/core-js/modules/es6.string.from-code-point.js]
[m[36m<TIMESTAMP>,473 [DEBUG] [main] com.armedia.acm.userinterface.angular.AngularResourceCopier - Copying [<HOME>/.arkcase/tmp/node_modules/core-js/modules/es6.object.is.js] to [<HOME>/.arkcase/custom/node_modules/core-js/modules/es6.object.is.js]
[m[36m<TIMESTAMP>,473 [DEBUG] [main] com.armedia.acm.userinterface.angular.AngularResourceCopier - Copying [<HOME>/.arkcase/tmp/node_modules/core-js/modules/es6.object.get-own-property-descriptor.js] to [<HOME>/.arkcase/custom/node_modules/core-js/modules/es6.object.get-own-property-descriptor.js]
[m[36m<TIMESTAMP>,473 [DEBUG] [main] com.armedia.acm.userinterface.angular.AngularResourceCopier - Copying [<HOME>/.arkcase/tmp/node_modules/core-js/modules/es6.typed.uint16-array.js] to [<HOME>/.arkcase/custom/node_modules/core-js/modules/es6.typed.uint16-array.js]
[m[36m<TIMESTAMP>,474 [DEBUG] [main] com.armedia.acm.userinterface.angular.AngularResourceCopier - Copying [<HOME>/.arkcase/tmp/node_modules/core-js/modules/es6.date.to-json.js] to [<HOME>/.arkcase/custom/node_modules/core-js/modules/es6.date.to-json.js]
[m[36m<TIMESTAMP>,474 [DEBUG] [main] com.armedia.acm.userinterface.angular.AngularResourceCopier - Copying [<HOME>/.arkcase/tmp/node_modules/core-js/modules/es6.string.sub.js] to [<HOME>/.arkcase/custom/node_modules/core-js/modules/es6.string.sub.js]
[m[36m<TIMESTAMP>,474 [DEBUG] [main] com.armedia.acm.userinterface.angular.AngularResourceCopier - Copying [<HOME>/.arkcase/tmp/node_modules/core-js/modules/es6.object.keys.js] to [<HOME>/.arkcase/custom/node_modules/core-js/modules/es6.object.keys.js]
[m[36m<TIMESTAMP>,474 [DEBUG] [main] com.armedia.acm.userinterface.angular.AngularResourceCopier - Copying [<HOME>/.arkcase/tmp/node_modules/core-js/modules/es6.number.max-safe-integer.js] to [<HOME>/.arkcase/custom/node_modules/core-js/modules/es6.number.max-safe-integer.js]
[m[36m<TIMESTAMP>,475 [DEBUG] [main] com.armedia.acm.userinterface.angular.AngularResourceCopier - Copying [<HOME>/.arkcase/tmp/node_modules/core-js/modules/_set-collection-of.js] to [<HOME>/.arkcase/custom/node_modules/core-js/modules/_set-collection-of.js]
[m[36m<TIMESTAMP>,475 [DEBUG] [main] com.armedia.acm.userinterface.angular.AngularResourceCopier - Copying [<HOME>/.arkcase/tmp/node_modules/core-js/modules/es6.array.for-each.js] to [<HOME>/.arkcase/custom/node_modules/core-js/modules/es6.array.for-each.js]
[m[36m<TIMESTAMP>,475 [DEBUG] [main] com.armedia.acm.userinterface.angular.AngularResourceCopier - Copying [<HOME>/.arkcase/tmp/node_modules/core-js/modules/_perform.js] to [<HOME>/.arkcase/custom/node_modules/core-js/modules/_perform.js]
[m[36m<TIMESTAMP>,476 [DEBUG] [main] com.armedia.acm.userinterface.angular.AngularResourceCopier - Copying [<HOME>/.arkcase/tmp/node_modules/core-js/modules/_is-object.js] to [<HOME>/.arkcase/custom/node_modules/core-js/modules/_is-object.js]
[m[36m<TIMESTAMP>,476 [DEBUG] [main] com.armedia.acm.userinterface.angular.AngularResourceCopier - Copying [<HOME>/.arkcase/tmp/node_modules/core-js/modules/core.number.iterator.js] to [<HOME>/.arkcase/custom/node_modules/core-js/modules/core.number.iterator.js]
[m[36m<TIMESTAMP>,476 [DEBUG] [main] com.armedia.acm.userinterface.angular.AngularResourceCopier - Copying [<HOME>/.arkcase/tmp/node_modules/core-js/modules/_regexp-exec.js] to [<HOME>/.arkcase/custom/node_modules/core-js/modules/_regexp-exec.js]
[m[36m<TIMESTAMP>,476 [DEBUG] [main] com.armedia.acm.userinterface.angular.AngularResourceCopier - Copying [<HOME>/.arkcase/tmp/node_modules/core-js/modules/_typed-array.js] to [<HOME>/.arkcase/custom/node_modules/core-js/modules/_typed-array.js]
[m[36m<TIMESTAMP>,477 [DEBUG] [main] com.armedia.acm.userinterface.angular.AngularResourceCopier - Copying [<HOME>/.arkcase/tmp/node_modules/core-js/modules/es7.object.lookup-getter.js] to [<HOME>/.arkcase/custom/node_modules/core-js/modules/es7.object.lookup-getter.js]
[m[36m<TIMESTAMP>,477 [DEBUG] [main] com.armedia.acm.userinterface.angular.AngularResourceCopier - Copying [<HOME>/.arkcase/tmp/node_modules/core-js/modules/es6.array.from.js] to [<HOME>/.arkcase/custom/node_modules/core-js/modules/es6.array.from.js]
[m[36m<TIMESTAMP>,477 [DEBUG] [main] com.armedia.acm.userinterface.angular.AngularResourceCopier - Copying [<HOME>/.arkcase/tmp/node_modules/core-js/modules/es6.number.to-fixed.js] to [<HOME>/.arkcase/custom/node_modules/core-js/modules/es6.number.to-fixed.js]
[m[36m<TIMESTAMP>,478 [DEBUG] [main] com.armedia.acm.userinterface.angular.AngularResourceCopier - Copying [<HOME>/.arkcase/tmp/node_modules/core-js/modules/core.object.make.js] to [<HOME>/.arkcase/custom/node_modules/core-js/modules/core.object.make.js]
[m[36m<TIMESTAMP>,478 [DEBUG] [main] com.armedia.acm.userinterface.angular.AngularResourceCopier - Copying [<HOME>/.arkcase/tmp/node_modules/core-js/modules/web.immediate.js] to [<HOME>/.arkcase/custom/node_modules/core-js/modules/web.immediate.js]
[m[36m<TIMESTAMP>,478 [DEBUG] [main] com.armedia.acm.userinterface.angular.AngularResourceCopier - Copying [<HOME>/.arkcase/tmp/node_modules/core-js/modules/es7.symbol.async-iterator.js] to [<HOME>/.arkcase/custom/node_modules/core-js/modules/es7.symbol.async-iterator.js]
[m[36m<TIMESTAMP>,479 [DEBUG] [main] com.armedia.acm.userinterface.angular.AngularResourceCopier - Copying [<HOME>/.arkcase/tmp/node_modules/core-js/modules/es6.date.to-primitive.js] to [<HOME>/.arkcase/custom/node_modules/core-js/modules/es6.date.to-primitive.js]
[m[36m<TIMESTAMP>,479 [DEBUG] [main] com.armedia.acm.userinterface.angular.AngularResourceCopier - Copying [<HOME>/.arkcase/tmp/node_modules/core-js/modules/es6.math.sinh.js] to [<HOME>/.arkcase/custom/node_modules/core-js/modules/es6.math.sinh.js]
[m[36m<TIMESTAMP>,479 [DEBUG] [main] com.armedia.acm.userinterface.angular.AngularResourceCopier - Copying [<HOME>/.arkcase/tmp/node_modules/core-js/modules/es6.number.is-safe-integer.js] to [<HOME>/.arkcase/custom/node_modules/core-js/modules/es6.number.is-safe-integer.js]
[m[36m<TIMESTAMP>,479 [DEBUG] [main] com.armedia.acm.userinterface.angular.AngularResourceCopier - Copying [<HOME>/.arkcase/tmp/node_modules/core-js/modules/_add-to-unscopables.js] to [<HOME>/.arkcase/custom/node_modules/core-js/modules/_add-to-unscopables.js]
[m[36m<TIMESTAMP>,480 [DEBUG] [main] com.armedia.acm.userinterface.angular.AngularResourceCopier - Copying [<HOME>/.arkcase/tmp/node_modules/core-js/modules/es7.map.from.js] to [<HOME>/.arkcase/custom/node_modules/core-js/modules/es7.map.from.js]
[m[36m<TIMESTAMP>,480 [DEBUG] [main] com.armedia.acm.userinterface.angular.AngularResourceCopier - Copying [<HOME>/.arkcase/tmp/node_modules/core-js/modules/es7.asap.js] to [<HOME>/.arkcase/custom/node_modules/core-js/modules/es7.asap.js]
[m[36m<TIMESTAMP>,480 [DEBUG] [main] com.armedia.acm.userinterface.angular.AngularResourceCopier - Copying [<HOME>/.arkcase/tmp/node_modules/core-js/modules/core.string.unescape-html.js] to [<HOME>/.arkcase/custom/node_modules/core-js/modules/core.string.unescape-html.js]
[m[36m<TIMESTAMP>,480 [DEBUG] [main] com.armedia.acm.userinterface.angular.AngularResourceCopier - Copying [<HOME>/.arkcase/tmp/node_modules/core-js/modules/es6.number.parse-float.js] to [<HOME>/.arkcase/custom/node_modules/core-js/modules/es6.number.parse-float.js]
[m[36m<TIMESTAMP>,481 [DEBUG] [main] com.armedia.acm.userinterface.angular.AngularResourceCopier - Copying [<HOME>/.arkcase/tmp/node_modules/core-js/modules/es6.math.asinh.js] to [<HOME>/.arkcase/custom/node_modules/core-js/modules/es6.math.asinh.js]
[m[36m<TIMESTAMP>,481 [DEBUG] [main] com.armedia.acm.userinterface.angular.AngularResourceCopier - Copying [<HOME>/.arkcase/tmp/node_modules/core-js/modules/es7.object.values.js] to [<HOME>/.arkcase/custom/node_modules/core-js/modules/es7.object.values.js]
[m[36m<TIMESTAMP>,481 [DEBUG] [main] com.armedia.acm.userinterface.angular.AngularResourceCopier - Copying [<HOME>/.arkcase/tmp/node_modules/core-js/modules/_string-pad.js] to [<HOME>/.arkcase/custom/node_modules/core-js/modules/_string-pad.js]
[m[36m<TIMESTAMP>,481 [DEBUG] [main] com.armedia.acm.userinterface.angular.AngularResourceCopier - Copying [<HOME>/.arkcase/tmp/node_modules/core-js/modules/_iterators.js] to [<HOME>/.arkcase/custom/node_modules/core-js/modules/_iterators.js]
[m[36m<TIMESTAMP>,482 [DEBUG] [main] com.armedia.acm.userinterface.angular.AngularResourceCopier - Copying [<HOME>/.arkcase/tmp/node_modules/core-js/modules/_validate-collection.js] to [<HOME>/.arkcase/custom/node_modules/core-js/modules/_validate-collection.js]
[m[36m<TIMESTAMP>,482 [DEBUG] [main] com.armedia.acm.userinterface.angular.AngularResourceCopier - Copying [<HOME>/.arkcase/tmp/node_modules/core-js/modules/es6.array.iterator.js] to [<HOME>/.arkcase/custom/node_modules/core-js/modules/es6.array.iterator.js]
[m[36m<TIMESTAMP>,482 [DEBUG] [main] com.armedia.acm.userinterface.angular.AngularResourceCopier - Copying [<HOME>/.arkcase/tmp/node_modules/core-js/modules/es7.promise.finally.js] to [<HOME>/.arkcase/custom/node_modules/core-js/modules/es7.promise.finally.js]
[m[36m<TIMESTAMP>,482 [DEBUG] [main] com.armedia.acm.userinterface.angular.AngularResourceCopier - Copying [<HOME>/.arkcase/tmp/node_modules/core-js/modules/core.dict.js] to [<HOME>/.arkcase/custom/node_modules/core-js/modules/core.dict.js]
[m[36m<TIMESTAMP>,483 [DEBUG] [main] com.armedia.acm.userinterface.angular.AngularResourceCopier - Copying [<HOME>/.arkcase/tmp/node_modules/core-js/modules/_object-gops.js] to [<HOME>/.arkcase/custom/node_modules/core-js/modules/_object-gops.js]
[m[36m<TIMESTAMP>,483 [DEBUG] [main] com.armedia.acm.userinterface.angular.AngularResourceCopier - Copying [<HOME>/.arkcase/tmp/node_modules/core-js/modules/es6.array.find.js] to [<HOME>/.arkcase/custom/node_modules/core-js/modules/es6.array.find.js]
[m[36m<TIMESTAMP>,483 [DEBUG] [main] com.armedia.acm.userinterface.angular.AngularResourceCopier - Copying [<HOME>/.arkcase/tmp/node_modules/core-js/modules/es7.array.flat-map.js] to [<HOME>/.arkcase/custom/node_modules/core-js/modules/es7.array.flat-map.js]
[m[36m<TIMESTAMP>,484 [DEBUG] [main] com.armedia.acm.userinterface.angular.AngularResourceCopier - Copying [<HOME>/.arkcase/tmp/node_modules/core-js/modules/_entry-virtual.js] to [<HOME>/.arkcase/custom/node_modules/core-js/modules/_entry-virtual.js]
[m[36m<TIMESTAMP>,484 [DEBUG] [main] com.armedia.acm.userinterface.angular.AngularResourceCopier - Copying [<HOME>/.arkcase/tmp/node_modules/core-js/modules/_meta.js] to [<HOME>/.arkcase/custom/node_modules/core-js/modules/_meta.js]
[m[36m<TIMESTAMP>,484 [DEBUG] [main] com.armedia.acm.userinterface.angular.AngularResourceCopier - Copying [<HOME>/.arkcase/tmp/node_modules/core-js/modules/es7.object.entries.js] to [<HOME>/.arkcase/custom/node_modules/core-js/modules/es7.object.entries.js]
[m[36m<TIMESTAMP>,484 [DEBUG] [main] com.armedia.acm.userinterface.angular.AngularResourceCopier - Copying [<HOME>/.arkcase/tmp/node_modules/core-js/modules/es5.js] to [<HOME>/.arkcase/custom/node_modules/core-js/modules/es5.js]
[m[36m<TIMESTAMP>,485 [DEBUG] [main] com.armedia.acm.userinterface.angular.AngularResourceCopier - Copying [<HOME>/.arkcase/tmp/node_modules/core-js/modules/_microtask.js] to [<HOME>/.arkcase/custom/node_modules/core-js/modules/_microtask.js]
[m[36m<TIMESTAMP>,485 [DEBUG] [main] com.armedia.acm.userinterface.angular.AngularResourceCopier - Copying [<HOME>/.arkcase/tmp/node_modules/core-js/modules/_object-create.js] to [<HOME>/.arkcase/custom/node_modules/core-js/modules/_object-create.js]
[m[36m<TIMESTAMP>,485 [DEBUG] [main] com.armedia.acm.userinterface.angular.AngularResourceCopier - Copying [<HOME>/.arkcase/tmp/node_modules/core-js/modules/es6.reflect.own-keys.js] to [<HOME>/.arkcase/custom/node_modules/core-js/modules/es6.reflect.own-keys.js]
[m[36m<TIMESTAMP>,485 [DEBUG] [main] com.armedia.acm.userinterface.angular.AngularResourceCopier - Copying [<HOME>/.arkcase/tmp/node_modules/core-js/modules/_is-regexp.js] to [<HOME>/.arkcase/custom/node_modules/core-js/modules/_is-regexp.js]
[m[36m<TIMESTAMP>,486 [DEBUG] [main] com.armedia.acm.userinterface.angular.AngularResourceCopier - Copying [<HOME>/.arkcase/tmp/node_modules/core-js/modules/es6.typed.uint32-array.js] to [<HOME>/.arkcase/custom/node_modules/core-js/modules/es6.typed.uint32-array.js]
[m[36m<TIMESTAMP>,486 [DEBUG] [main] com.armedia.acm.userinterface.angular.AngularResourceCopier - Copying [<HOME>/.arkcase/tmp/node_modules/core-js/modules/core.object.is-object.js] to [<HOME>/.arkcase/custom/node_modules/core-js/modules/core.object.is-object.js]
[m[36m<TIMESTAMP>,486 [DEBUG] [main] com.armedia.acm.userinterface.angular.AngularResourceCopier - Copying [<HOME>/.arkcase/tmp/node_modules/core-js/modules/web.dom.iterable.js] to [<HOME>/.arkcase/custom/node_modules/core-js/modules/web.dom.iterable.js]
[m[36m<TIMESTAMP>,486 [DEBUG] [main] com.armedia.acm.userinterface.angular.AngularResourceCopier - Copying [<HOME>/.arkcase/tmp/node_modules/core-js/modules/_to-object.js] to [<HOME>/.arkcase/custom/node_modules/core-js/modules/_to-object.js]
[m[36m<TIMESTAMP>,487 [DEBUG] [main] com.armedia.acm.userinterface.angular.AngularResourceCopier - Copying [<HOME>/.arkcase/tmp/node_modules/core-js/modules/_string-at.js] to [<HOME>/.arkcase/custom/node_modules/core-js/modules/_string-at.js]
[m[36m<TIMESTAMP>,487 [DEBUG] [main] com.armedia.acm.userinterface.angular.AngularResourceCopier - Copying [<HOME>/.arkcase/tmp/node_modules/core-js/modules/_collection-weak.js] to [<HOME>/.arkcase/custom/node_modules/core-js/modules/_collection-weak.js]
[m[36m<TIMESTAMP>,487 [DEBUG] [main] com.armedia.acm.userinterface.angular.AngularResourceCopier - Copying [<HOME>/.arkcase/tmp/node_modules/core-js/modules/es6.weak-map.js] to [<HOME>/.arkcase/custom/node_modules/core-js/modules/es6.weak-map.js]
[m[36m<TIMESTAMP>,487 [DEBUG] [main] com.armedia.acm.userinterface.angular.AngularResourceCopier - Copying [<HOME>/.arkcase/tmp/node_modules/core-js/modules/es6.string.raw.js] to [<HOME>/.arkcase/custom/node_modules/core-js/modules/es6.string.raw.js]
[m[36m<TIMESTAMP>,488 [DEBUG] [main] com.armedia.acm.userinterface.angular.AngularResourceCopier - Copying [<HOME>/.arkcase/tmp/node_modules/core-js/modules/es6.math.tanh.js] to [<HOME>/.arkcase/custom/node_modules/core-js/modules/es6.math.tanh.js]
[m[36m<TIMESTAMP>,488 [DEBUG] [main] com.armedia.acm.userinterface.angular.AngularResourceCopier - Copying [<HOME>/.arkcase/tmp/node_modules/core-js/modules/es7.reflect.has-metadata.js] to [<HOME>/.arkcase/custom/node_modules/core-js/modules/es7.reflect.has-metadata.js]
[m[36m<TIMESTAMP>,488 [DEBUG] [main] com.armedia.acm.userinterface.angular.AngularResourceCopier - Copying [<HOME>/.arkcase/tmp/node_modules/core-js/modules/es7.reflect.has-own-metadata.js] to [<HOME>/.arkcase/custom/node_modules/core-js/modules/es7.reflect.has-own-metadata.js]
[m[36m<TIMESTAMP>,488 [DEBUG] [main] com.armedia.acm.userinterface.angular.AngularResourceCopier - Copying [<HOME>/.arkcase/tmp/node_modules/core-js/modules/es6.array.reduce.js] to [<HOME>/.arkcase/custom/node_modules/core-js/modules/es6.array.reduce.js]
[m[36m<TIMESTAMP>,489 [DEBUG] [main] com.armedia.acm.userinterface.angular.AngularResourceCopier - Copying [<HOME>/.arkcase/tmp/node_modules/core-js/modules/_array-reduce.js] to [<HOME>/.arkcase/custom/node_modules/core-js/modules/_array-reduce.js]
[m[36m<TIMESTAMP>,489 [DEBUG] [main] com.armedia.acm.userinterface.angular.AngularResourceCopier - Copying [<HOME>/.arkcase/tmp/node_modules/core-js/modules/es6.string.big.js] to [<HOME>/.arkcase/custom/node_modules/core-js/modules/es6.string.big.js]
[m[36m<TIMESTAMP>,489 [DEBUG] [main] com.armedia.acm.userinterface.angular.AngularResourceCopier - Copying [<HOME>/.arkcase/tmp/node_modules/core-js/modules/core.delay.js] to [<HOME>/.arkcase/custom/node_modules/core-js/modules/core.delay.js]
[m[36m<TIMESTAMP>,489 [DEBUG] [main] com.armedia.acm.userinterface.angular.AngularResourceCopier - Copying [<HOME>/.arkcase/tmp/node_modules/core-js/modules/es6.array.last-index-of.js] to [<HOME>/.arkcase/custom/node_modules/core-js/modules/es6.array.last-index-of.js]
[m[36m<TIMESTAMP>,490 [DEBUG] [main] com.armedia.acm.userinterface.angular.AngularResourceCopier - Copying [<HOME>/.arkcase/tmp/node_modules/core-js/modules/_enum-keys.js] to [<HOME>/.arkcase/custom/node_modules/core-js/modules/_enum-keys.js]
[m[36m<TIMESTAMP>,490 [DEBUG] [main] com.armedia.acm.userinterface.angular.AngularResourceCopier - Copying [<HOME>/.arkcase/tmp/node_modules/core-js/modules/es6.math.cbrt.js] to [<HOME>/.arkcase/custom/node_modules/core-js/modules/es6.math.cbrt.js]
[m[36m<TIMESTAMP>,490 [DEBUG] [main] com.armedia.acm.userinterface.angular.AngularResourceCopier - Copying [<HOME>/.arkcase/tmp/node_modules/core-js/modules/es6.number.epsilon.js] to [<HOME>/.arkcase/custom/node_modules/core-js/modules/es6.number.epsilon.js]
[m[36m<TIMESTAMP>,490 [DEBUG] [main] com.armedia.acm.userinterface.angular.AngularResourceCopier - Copying [<HOME>/.arkcase/tmp/node_modules/core-js/modules/core.function.part.js] to [<HOME>/.arkcase/custom/node_modules/core-js/modules/core.function.part.js]
[m[36m<TIMESTAMP>,490 [DEBUG] [main] com.armedia.acm.userinterface.angular.AngularResourceCopier - Copying [<HOME>/.arkcase/tmp/node_modules/core-js/modules/_math-sign.js] to [<HOME>/.arkcase/custom/node_modules/core-js/modules/_math-sign.js]
[m[36m<TIMESTAMP>,491 [DEBUG] [main] com.armedia.acm.userinterface.angular.AngularResourceCopier - Copying [<HOME>/.arkcase/tmp/node_modules/core-js/modules/_html.js] to [<HOME>/.arkcase/custom/node_modules/core-js/modules/_html.js]
[m[36m<TIMESTAMP>,491 [DEBUG] [main] com.armedia.acm.userinterface.angular.AngularResourceCopier - Copying [<HOME>/.arkcase/tmp/node_modules/core-js/modules/es6.function.name.js] to [<HOME>/.arkcase/custom/node_modules/core-js/modules/es6.function.name.js]
[m[36m<TIMESTAMP>,491 [DEBUG] [main] com.armedia.acm.userinterface.angular.AngularResourceCopier - Copying [<HOME>/.arkcase/tmp/node_modules/core-js/modules/es6.map.js] to [<HOME>/.arkcase/custom/node_modules/core-js/modules/es6.map.js]
[m[36m<TIMESTAMP>,491 [DEBUG] [main] com.armedia.acm.userinterface.angular.AngularResourceCopier - Copying [<HOME>/.arkcase/tmp/node_modules/core-js/modules/es6.string.code-point-at.js] to [<HOME>/.arkcase/custom/node_modules/core-js/modules/es6.string.code-point-at.js]
[m[36m<TIMESTAMP>,492 [DEBUG] [main] com.armedia.acm.userinterface.angular.AngularResourceCopier - Copying [<HOME>/.arkcase/tmp/node_modules/core-js/modules/_fails-is-regexp.js] to [<HOME>/.arkcase/custom/node_modules/core-js/modules/_fails-is-regexp.js]
[m[36m<TIMESTAMP>,492 [DEBUG] [main] com.armedia.acm.userinterface.angular.AngularResourceCopier - Copying [<HOME>/.arkcase/tmp/node_modules/core-js/modules/_object-dp.js] to [<HOME>/.arkcase/custom/node_modules/core-js/modules/_object-dp.js]
[m[36m<TIMESTAMP>,492 [DEBUG] [main] com.armedia.acm.userinterface.angular.AngularResourceCopier - Copying [<HOME>/.arkcase/tmp/node_modules/core-js/modules/_collection-to-json.js] to [<HOME>/.arkcase/custom/node_modules/core-js/modules/_collection-to-json.js]
[m[36m<TIMESTAMP>,492 [DEBUG] [main] com.armedia.acm.userinterface.angular.AngularResourceCopier - Copying [<HOME>/.arkcase/tmp/node_modules/core-js/modules/es6.reflect.enumerate.js] to [<HOME>/.arkcase/custom/node_modules/core-js/modules/es6.reflect.enumerate.js]
[m[36m<TIMESTAMP>,493 [DEBUG] [main] com.armedia.acm.userinterface.angular.AngularResourceCopier - Copying [<HOME>/.arkcase/tmp/node_modules/core-js/modules/es6.number.is-nan.js] to [<HOME>/.arkcase/custom/node_modules/core-js/modules/es6.number.is-nan.js]
[m[36m<TIMESTAMP>,493 [DEBUG] [main] com.armedia.acm.userinterface.angular.AngularResourceCopier - Copying [<HOME>/.arkcase/tmp/node_modules/core-js/modules/es7.object.get-own-property-descriptors.js] to [<HOME>/.arkcase/custom/node_modules/core-js/modules/es7.object.get-own-property-descriptors.js]
[m[36m<TIMESTAMP>,493 [DEBUG] [main] com.armedia.acm.userinterface.angular.AngularResourceCopier - Copying [<HOME>/.arkcase/tmp/node_modules/core-js/modules/es6.math.imul.js] to [<HOME>/.arkcase/custom/node_modules/core-js/modules/es6.math.imul.js]
[m[36m<TIMESTAMP>,493 [DEBUG] [main] com.armedia.acm.userinterface.angular.AngularResourceCopier - Copying [<HOME>/.arkcase/tmp/node_modules/core-js/modules/_iter-step.js] to [<HOME>/.arkcase/custom/node_modules/core-js/modules/_iter-step.js]
[m[36m<TIMESTAMP>,494 [DEBUG] [main] com.armedia.acm.userinterface.angular.AngularResourceCopier - Copying [<HOME>/.arkcase/tmp/node_modules/core-js/modules/es6.number.is-finite.js] to [<HOME>/.arkcase/custom/node_modules/core-js/modules/es6.number.is-finite.js]
[m[36m<TIMESTAMP>,494 [DEBUG] [main] com.armedia.acm.userinterface.angular.AngularResourceCopier - Copying [<HOME>/.arkcase/tmp/node_modules/core-js/modules/_a-number-value.js] to [<HOME>/.arkcase/custom/node_modules/core-js/modules/_a-number-value.js]
[m[36m<TIMESTAMP>,494 [DEBUG] [main] com.armedia.acm.userinterface.angular.AngularResourceCopier - Copying [<HOME>/.arkcase/tmp/node_modules/core-js/modules/_object-define.js] to [<HOME>/.arkcase/custom/node_modules/core-js/modules/_object-define.js]
[m[36m<TIMESTAMP>,494 [DEBUG] [main] com.armedia.acm.userinterface.angular.AngularResourceCopier - Copying [<HOME>/.arkcase/tmp/node_modules/core-js/modules/es7.symbol.observable.js] to [<HOME>/.arkcase/custom/node_modules/core-js/modules/es7.symbol.observable.js]
[m[36m<TIMESTAMP>,495 [DEBUG] [main] com.armedia.acm.userinterface.angular.AngularResourceCopier - Copying [<HOME>/.arkcase/tmp/node_modules/core-js/modules/es6.string.blink.js] to [<HOME>/.arkcase/custom/node_modules/core-js/modules/es6.string.blink.js]
[m[36m<TIMESTAMP>,495 [DEBUG] [main] com.armedia.acm.userinterface.angular.AngularResourceCopier - Copying [<HOME>/.arkcase/tmp/node_modules/core-js/modules/_regexp-exec-abstract.js] to [<HOME>/.arkcase/custom/node_modules/core-js/modules/_regexp-exec-abstract.js]
[m[36m<TIMESTAMP>,495 [DEBUG] [main] com.armedia.acm.userinterface.angular.AngularResourceCopier - Copying [<HOME>/.arkcase/tmp/node_modules/core-js/modules/_an-object.js] to [<HOME>/.arkcase/custom/node_modules/core-js/modules/_an-object.js]
[m[36m<TIMESTAMP>,496 [DEBUG] [main] com.armedia.acm.userinterface.angular.AngularResourceCopier - Copying [<HOME>/.arkcase/tmp/node_modules/core-js/modules/_object-to-array.js] to [<HOME>/.arkcase/custom/node_modules/core-js/modules/_object-to-array.js]
[m[36m<TIMESTAMP>,496 [DEBUG] [main] com.armedia.acm.userinterface.angular.AngularResourceCopier - Copying [<HOME>/.arkcase/tmp/node_modules/core-js/modules/es7.math.fscale.js] to [<HOME>/.arkcase/custom/node_modules/core-js/modules/es7.math.fscale.js]
[m[36m<TIMESTAMP>,496 [DEBUG] [main] com.armedia.acm.userinterface.angular.AngularResourceCopier - Copying [<HOME>/.arkcase/tmp/node_modules/core-js/modules/_set-to-string-tag.js] to [<HOME>/.arkcase/custom/node_modules/core-js/modules/_set-to-string-tag.js]
[m[36m<TIMESTAMP>,496 [DEBUG] [main] com.armedia.acm.userinterface.angular.AngularResourceCopier - Copying [<HOME>/.arkcase/tmp/node_modules/core-js/modules/es6.array.is-array.js] to [<HOME>/.arkcase/custom/node_modules/core-js/modules/es6.array.is-array.js]
[m[36m<TIMESTAMP>,496 [DEBUG] [main] com.armedia.acm.userinterface.angular.AngularResourceCopier - Copying [<HOME>/.arkcase/tmp/node_modules/core-js/modules/es6.object.to-string.js] to [<HOME>/.arkcase/custom/node_modules/core-js/modules/es6.object.to-string.js]
[m[36m<TIMESTAMP>,496 [DEBUG] [main] com.armedia.acm.userinterface.angular.AngularResourceCopier - Copying [<HOME>/.arkcase/tmp/node_modules/core-js/modules/es6.typed.uint8-array.js] to [<HOME>/.arkcase/custom/node_modules/core-js/modules/es6.typed.uint8-array.js]
[m[36m<TIMESTAMP>,496 [DEBUG] [main] com.armedia.acm.userinterface.angular.AngularResourceCopier - Copying [<HOME>/.arkcase/tmp/node_modules/core-js/modules/core.get-iterator.js] to [<HOME>/.arkcase/custom/node_modules/core-js/modules/core.get-iterator.js]
[m[36m<TIMESTAMP>,496 [DEBUG] [main] com.armedia.acm.userinterface.angular.AngularResourceCopier - Copying [<HOME>/.arkcase/tmp/node_modules/core-js/modules/es6.reflect.set.js] to [<HOME>/.arkcase/custom/node_modules/core-js/modules/es6.reflect.set.js]
[m[36m<TIMESTAMP>,497 [DEBUG] [main] com.armedia.acm.userinterface.angular.AngularResourceCopier - Copying [<HOME>/.arkcase/tmp/node_modules/core-js/modules/_create-property.js] to [<HOME>/.arkcase/custom/node_modules/core-js/modules/_create-property.js]
[m[36m<TIMESTAMP>,497 [DEBUG] [main] com.armedia.acm.userinterface.angular.AngularResourceCopier - Copying [<HOME>/.arkcase/tmp/node_modules/core-js/modules/es6.number.to-precision.js] to [<HOME>/.arkcase/custom/node_modules/core-js/modules/es6.number.to-precision.js]
[m[36m<TIMESTAMP>,497 [DEBUG] [main] com.armedia.acm.userinterface.angular.AngularResourceCopier - Copying [<HOME>/.arkcase/tmp/node_modules/core-js/modules/es6.parse-float.js] to [<HOME>/.arkcase/custom/node_modules/core-js/modules/es6.parse-float.js]
[m[36m<TIMESTAMP>,497 [DEBUG] [main] com.armedia.acm.userinterface.angular.AngularResourceCopier - Copying [<HOME>/.arkcase/tmp/node_modules/core-js/modules/es7.weak-map.of.js] to [<HOME>/.arkcase/custom/node_modules/core-js/modules/es7.weak-map.of.js]
[m[36m<TIMESTAMP>,497 [DEBUG] [main] com.armedia.acm.userinterface.angular.AngularResourceCopier - Copying [<HOME>/.arkcase/tmp/node_modules/core-js/modules/_inherit-if-required.js] to [<HOME>/.arkcase/custom/node_modules/core-js/modules/_inherit-if-required.js]
[m[36m<TIMESTAMP>,497 [DEBUG] [main] com.armedia.acm.userinterface.angular.AngularResourceCopier - Copying [<HOME>/.arkcase/tmp/node_modules/core-js/modules/es7.reflect.metadata.js] to [<HOME>/.arkcase/custom/node_modules/core-js/modules/es7.reflect.metadata.js]
[m[36m<TIMESTAMP>,497 [DEBUG] [main] com.armedia.acm.userinterface.angular.AngularResourceCopier - Copying [<HOME>/.arkcase/tmp/node_modules/core-js/modules/es6.object.is-sealed.js] to [<HOME>/.arkcase/custom/node_modules/core-js/modules/es6.object.is-sealed.js]
[m[36m<TIMESTAMP>,497 [DEBUG] [main] com.armedia.acm.userinterface.angular.AngularResourceCopier - Copying [<HOME>/.arkcase/tmp/node_modules/core-js/modules/es6.string.starts-with.js] to [<HOME>/.arkcase/custom/node_modules/core-js/modules/es6.string.starts-with.js]
[m[36m<TIMESTAMP>,498 [DEBUG] [main] com.armedia.acm.userinterface.angular.AngularResourceCopier - Copying [<HOME>/.arkcase/tmp/node_modules/core-js/modules/_iobject.js] to [<HOME>/.arkcase/custom/node_modules/core-js/modules/_iobject.js]
[m[36m<TIMESTAMP>,498 [DEBUG] [main] com.armedia.acm.userinterface.angular.AngularResourceCopier - Copying [<HOME>/.arkcase/tmp/node_modules/core-js/modules/es7.string.trim-right.js] to [<HOME>/.arkcase/custom/node_modules/core-js/modules/es7.string.trim-right.js]
[m[36m<TIMESTAMP>,498 [DEBUG] [main] com.armedia.acm.userinterface.angular.AngularResourceCopier - Copying [<HOME>/.arkcase/tmp/node_modules/core-js/modules/es7.reflect.get-own-metadata.js] to [<HOME>/.arkcase/custom/node_modules/core-js/modules/es7.reflect.get-own-metadata.js]
[m[36m<TIMESTAMP>,498 [DEBUG] [main] com.armedia.acm.userinterface.angular.AngularResourceCopier - Copying [<HOME>/.arkcase/tmp/node_modules/core-js/modules/es6.number.constructor.js] to [<HOME>/.arkcase/custom/node_modules/core-js/modules/es6.number.constructor.js]
[m[36m<TIMESTAMP>,498 [DEBUG] [main] com.armedia.acm.userinterface.angular.AngularResourceCopier - Copying [<HOME>/.arkcase/tmp/node_modules/core-js/modules/_collection-strong.js] to [<HOME>/.arkcase/custom/node_modules/core-js/modules/_collection-strong.js]
[m[36m<TIMESTAMP>,498 [DEBUG] [main] com.armedia.acm.userinterface.angular.AngularResourceCopier - Copying [<HOME>/.arkcase/tmp/node_modules/core-js/modules/es7.object.define-getter.js] to [<HOME>/.arkcase/custom/node_modules/core-js/modules/es7.object.define-getter.js]
[m[36m<TIMESTAMP>,498 [DEBUG] [main] com.armedia.acm.userinterface.angular.AngularResourceCopier - Copying [<HOME>/.arkcase/tmp/node_modules/core-js/modules/es7.math.rad-per-deg.js] to [<HOME>/.arkcase/custom/node_modules/core-js/modules/es7.math.rad-per-deg.js]
[m[36m<TIMESTAMP>,499 [DEBUG] [main] com.armedia.acm.userinterface.angular.AngularResourceCopier - Copying [<HOME>/.arkcase/tmp/node_modules/core-js/modules/es7.map.of.js] to [<HOME>/.arkcase/custom/node_modules/core-js/modules/es7.map.of.js]
[m[36m<TIMESTAMP>,499 [DEBUG] [main] com.armedia.acm.userinterface.angular.AngularResourceCopier - Copying [<HOME>/.arkcase/tmp/node_modules/core-js/modules/_array-species-create.js] to [<HOME>/.arkcase/custom/node_modules/core-js/modules/_array-species-create.js]
[m[36m<TIMESTAMP>,499 [DEBUG] [main] com.armedia.acm.userinterface.angular.AngularResourceCopier - Copying [<HOME>/.arkcase/tmp/node_modules/core-js/modules/es6.regexp.to-string.js] to [<HOME>/.arkcase/custom/node_modules/core-js/modules/es6.regexp.to-string.js]
[m[36m<TIMESTAMP>,499 [DEBUG] [main] com.armedia.acm.userinterface.angular.AngularResourceCopier - Copying [<HOME>/.arkcase/tmp/node_modules/core-js/modules/_a-function.js] to [<HOME>/.arkcase/custom/node_modules/core-js/modules/_a-function.js]
[m[36m<TIMESTAMP>,499 [DEBUG] [main] com.armedia.acm.userinterface.angular.AngularResourceCopier - Copying [<HOME>/.arkcase/tmp/node_modules/core-js/modules/_object-assign.js] to [<HOME>/.arkcase/custom/node_modules/core-js/modules/_object-assign.js]
[m[36m<TIMESTAMP>,499 [DEBUG] [main] com.armedia.acm.userinterface.angular.AngularResourceCopier - Copying [<HOME>/.arkcase/tmp/node_modules/core-js/modules/es6.object.get-own-property-names.js] to [<HOME>/.arkcase/custom/node_modules/core-js/modules/es6.object.get-own-property-names.js]
[m[36m<TIMESTAMP>,499 [DEBUG] [main] com.armedia.acm.userinterface.angular.AngularResourceCopier - Copying [<HOME>/.arkcase/tmp/node_modules/core-js/modules/es6.reflect.define-property.js] to [<HOME>/.arkcase/custom/node_modules/core-js/modules/es6.reflect.define-property.js]
[m[36m<TIMESTAMP>,500 [DEBUG] [main] com.armedia.acm.userinterface.angular.AngularResourceCopier - Copying [<HOME>/.arkcase/tmp/node_modules/core-js/modules/_to-primitive.js] to [<HOME>/.arkcase/custom/node_modules/core-js/modules/_to-primitive.js]
[m[36m<TIMESTAMP>,500 [DEBUG] [main] com.armedia.acm.userinterface.angular.AngularResourceCopier - Copying [<HOME>/.arkcase/tmp/node_modules/core-js/modules/es6.parse-int.js] to [<HOME>/.arkcase/custom/node_modules/core-js/modules/es6.parse-int.js]
[m[36m<TIMESTAMP>,500 [DEBUG] [main] com.armedia.acm.userinterface.angular.AngularResourceCopier - Copying [<HOME>/.arkcase/tmp/node_modules/core-js/modules/es6.array.species.js] to [<HOME>/.arkcase/custom/node_modules/core-js/modules/es6.array.species.js]
[m[36m<TIMESTAMP>,500 [DEBUG] [main] com.armedia.acm.userinterface.angular.AngularResourceCopier - Copying [<HOME>/.arkcase/tmp/node_modules/core-js/modules/_string-html.js] to [<HOME>/.arkcase/custom/node_modules/core-js/modules/_string-html.js]
[m[36m<TIMESTAMP>,500 [DEBUG] [main] com.armedia.acm.userinterface.angular.AngularResourceCopier - Copying [<HOME>/.arkcase/tmp/node_modules/core-js/modules/_own-keys.js] to [<HOME>/.arkcase/custom/node_modules/core-js/modules/_own-keys.js]
[m[36m<TIMESTAMP>,500 [DEBUG] [main] com.armedia.acm.userinterface.angular.AngularResourceCopier - Copying [<HOME>/.arkcase/tmp/node_modules/core-js/modules/es6.date.to-string.js] to [<HOME>/.arkcase/custom/node_modules/core-js/modules/es6.date.to-string.js]
[m[36m<TIMESTAMP>,500 [DEBUG] [main] com.armedia.acm.userinterface.angular.AngularResourceCopier - Copying [<HOME>/.arkcase/tmp/node_modules/core-js/modules/es6.math.sign.js] to [<HOME>/.arkcase/custom/node_modules/core-js/modules/es6.math.sign.js]
[m[36m<TIMESTAMP>,500 [DEBUG] [main] com.armedia.acm.userinterface.angular.AngularResourceCopier - Copying [<HOME>/.arkcase/tmp/node_modules/core-js/modules/_object-keys-internal.js] to [<HOME>/.arkcase/custom/node_modules/core-js/modules/_object-keys-internal.js]
[m[36m<TIMESTAMP>,500 [DEBUG] [main] com.armedia.acm.userinterface.angular.AngularResourceCopier - Copying [<HOME>/.arkcase/tmp/node_modules/core-js/modules/es6.object.set-prototype-of.js] to [<HOME>/.arkcase/custom/node_modules/core-js/modules/es6.object.set-prototype-of.js]
[m[36m<TIMESTAMP>,501 [DEBUG] [main] com.armedia.acm.userinterface.angular.AngularResourceCopier - Copying [<HOME>/.arkcase/tmp/node_modules/core-js/modules/es7.object.lookup-setter.js] to [<HOME>/.arkcase/custom/node_modules/core-js/modules/es7.object.lookup-setter.js]
[m[36m<TIMESTAMP>,501 [DEBUG] [main] com.armedia.acm.userinterface.angular.AngularResourceCopier - Copying [<HOME>/.arkcase/tmp/node_modules/core-js/modules/_wks-ext.js] to [<HOME>/.arkcase/custom/node_modules/core-js/modules/_wks-ext.js]
[m[36m<TIMESTAMP>,501 [DEBUG] [main] com.armedia.acm.userinterface.angular.AngularResourceCopier - Copying [<HOME>/.arkcase/tmp/node_modules/core-js/modules/es6.math.log10.js] to [<HOME>/.arkcase/custom/node_modules/core-js/modules/es6.math.log10.js]
[m[36m<TIMESTAMP>,501 [DEBUG] [main] com.armedia.acm.userinterface.angular.AngularResourceCopier - Copying [<HOME>/.arkcase/tmp/node_modules/core-js/modules/es6.object.freeze.js] to [<HOME>/.arkcase/custom/node_modules/core-js/modules/es6.object.freeze.js]
[m[36m<TIMESTAMP>,501 [DEBUG] [main] com.armedia.acm.userinterface.angular.AngularResourceCopier - Copying [<HOME>/.arkcase/tmp/node_modules/core-js/modules/_uid.js] to [<HOME>/.arkcase/custom/node_modules/core-js/modules/_uid.js]
[m[36m<TIMESTAMP>,501 [DEBUG] [main] com.armedia.acm.userinterface.angular.AngularResourceCopier - Copying [<HOME>/.arkcase/tmp/node_modules/core-js/modules/es6.number.parse-int.js] to [<HOME>/.arkcase/custom/node_modules/core-js/modules/es6.number.parse-int.js]
[m[36m<TIMESTAMP>,501 [DEBUG] [main] com.armedia.acm.userinterface.angular.AngularResourceCopier - Copying [<HOME>/.arkcase/tmp/node_modules/core-js/modules/_replacer.js] to [<HOME>/.arkcase/custom/node_modules/core-js/modules/_replacer.js]
[m[36m<TIMESTAMP>,501 [DEBUG] [main] com.armedia.acm.userinterface.angular.AngularResourceCopier - Copying [<HOME>/.arkcase/tmp/node_modules/core-js/modules/web.timers.js] to [<HOME>/.arkcase/custom/node_modules/core-js/modules/web.timers.js]
[m[36m<TIMESTAMP>,502 [DEBUG] [main] com.armedia.acm.userinterface.angular.AngularResourceCopier - Copying [<HOME>/.arkcase/tmp/node_modules/core-js/modules/es6.string.includes.js] to [<HOME>/.arkcase/custom/node_modules/core-js/modules/es6.string.includes.js]
[m[36m<TIMESTAMP>,502 [DEBUG] [main] com.armedia.acm.userinterface.angular.AngularResourceCopier - Copying [<HOME>/.arkcase/tmp/node_modules/core-js/modules/es7.string.pad-end.js] to [<HOME>/.arkcase/custom/node_modules/core-js/modules/es7.string.pad-end.js]
[m[36m<TIMESTAMP>,502 [DEBUG] [main] com.armedia.acm.userinterface.angular.AngularResourceCopier - Copying [<HOME>/.arkcase/tmp/node_modules/core-js/modules/es7.weak-set.of.js] to [<HOME>/.arkcase/custom/node_modules/core-js/modules/es7.weak-set.of.js]
[m[36m<TIMESTAMP>,502 [DEBUG] [main] com.armedia.acm.userinterface.angular.AngularResourceCopier - Copying [<HOME>/.arkcase/tmp/node_modules/core-js/modules/es6.number.min-safe-integer.js] to [<HOME>/.arkcase/custom/node_modules/core-js/modules/es6.number.min-safe-integer.js]
[m[36m<TIMESTAMP>,502 [DEBUG] [main] com.armedia.acm.userinterface.angular.AngularResourceCopier - Copying [<HOME>/.arkcase/tmp/node_modules/core-js/modules/es7.global.js] to [<HOME>/.arkcase/custom/node_modules/core-js/modules/es7.global.js]
[m[36m<TIMESTAMP>,502 [DEBUG] [main] com.armedia.acm.userinterface.angular.AngularResourceCopier - Copying [<HOME>/.arkcase/tmp/node_modules/core-js/modules/_object-forced-pam.js] to [<HOME>/.arkcase/custom/node_modules/core-js/modules/_object-forced-pam.js]
[m[36m<TIMESTAMP>,502 [DEBUG] [main] com.armedia.acm.userinterface.angular.AngularResourceCopier - Copying [<HOME>/.arkcase/tmp/node_modules/core-js/modules/es6.reflect.set-prototype-of.js] to [<HOME>/.arkcase/custom/node_modules/core-js/modules/es6.reflect.set-prototype-of.js]
[m[36m<TIMESTAMP>,502 [DEBUG] [main] com.armedia.acm.userinterface.angular.AngularResourceCopier - Copying [<HOME>/.arkcase/tmp/node_modules/core-js/modules/es6.object.assign.js] to [<HOME>/.arkcase/custom/node_modules/core-js/modules/es6.object.assign.js]
[m[36m<TIMESTAMP>,503 [DEBUG] [main] com.armedia.acm.userinterface.angular.AngularResourceCopier - Copying [<HOME>/.arkcase/tmp/node_modules/core-js/modules/_keyof.js] to [<HOME>/.arkcase/custom/node_modules/core-js/modules/_keyof.js]
[m[36m<TIMESTAMP>,503 [DEBUG] [main] com.armedia.acm.userinterface.angular.AngularResourceCopier - Copying [<HOME>/.arkcase/tmp/node_modules/core-js/modules/_function-to-string.js] to [<HOME>/.arkcase/custom/node_modules/core-js/modules/_function-to-string.js]
[m[36m<TIMESTAMP>,503 [DEBUG] [main] com.armedia.acm.userinterface.angular.AngularResourceCopier - Copying [<HOME>/.arkcase/tmp/node_modules/core-js/modules/es6.array.fill.js] to [<HOME>/.arkcase/custom/node_modules/core-js/modules/es6.array.fill.js]
[m[36m<TIMESTAMP>,503 [DEBUG] [main] com.armedia.acm.userinterface.angular.AngularResourceCopier - Copying [<HOME>/.arkcase/tmp/node_modules/core-js/modules/_flatten-into-array.js] to [<HOME>/.arkcase/custom/node_modules/core-js/modules/_flatten-into-array.js]
[m[36m<TIMESTAMP>,551 [DEBUG] [main] com.armedia.acm.userinterface.angular.AngularResourceCopier - Copying [<HOME>/.arkcase/tmp/node_modules/core-js/modules/es6.weak-set.js] to [<HOME>/.arkcase/custom/node_modules/core-js/modules/es6.weak-set.js]
[m[36m<TIMESTAMP>,551 [DEBUG] [main] com.armedia.acm.userinterface.angular.AngularResourceCopier - Copying [<HOME>/.arkcase/tmp/node_modules/core-js/modules/es6.regexp.flags.js] to [<HOME>/.arkcase/custom/node_modules/core-js/modules/es6.regexp.flags.js]
[m[36m<TIMESTAMP>,551 [DEBUG] [main] com.armedia.acm.userinterface.angular.AngularResourceCopier - Copying [<HOME>/.arkcase/tmp/node_modules/core-js/modules/_string-trim.js] to [<HOME>/.arkcase/custom/node_modules/core-js/modules/_string-trim.js]
[m[36m<TIMESTAMP>,552 [DEBUG] [main] com.armedia.acm.userinterface.angular.AngularResourceCopier - Copying [<HOME>/.arkcase/tmp/node_modules/core-js/modules/_array-species-constructor.js] to [<HOME>/.arkcase/custom/node_modules/core-js/modules/_array-species-constructor.js]
[m[36m<TIMESTAMP>,552 [DEBUG] [main] com.armedia.acm.userinterface.angular.AngularResourceCopier - Copying [<HOME>/.arkcase/tmp/node_modules/core-js/modules/es6.string.bold.js] to [<HOME>/.arkcase/custom/node_modules/core-js/modules/es6.string.bold.js]
[m[36m<TIMESTAMP>,561 [DEBUG] [main] com.armedia.acm.userinterface.angular.AngularResourceCopier - Copying [<HOME>/.arkcase/tmp/node_modules/core-js/modules/es7.math.umulh.js] to [<HOME>/.arkcase/custom/node_modules/core-js/modules/es7.math.umulh.js]
[m[36m<TIMESTAMP>,561 [DEBUG] [main] com.armedia.acm.userinterface.angular.AngularResourceCopier - Copying [<HOME>/.arkcase/tmp/node_modules/core-js/modules/_math-fround.js] to [<HOME>/.arkcase/custom/node_modules/core-js/modules/_math-fround.js]
[m[36m<TIMESTAMP>,562 [DEBUG] [main] com.armedia.acm.userinterface.angular.AngularResourceCopier - Copying [<HOME>/.arkcase/tmp/node_modules/core-js/modules/es6.reflect.is-extensible.js] to [<HOME>/.arkcase/custom/node_modules/core-js/modules/es6.reflect.is-extensible.js]
[m[36m<TIMESTAMP>,562 [DEBUG] [main] com.armedia.acm.userinterface.angular.AngularResourceCopier - Copying [<HOME>/.arkcase/tmp/node_modules/core-js/modules/es7.string.pad-start.js] to [<HOME>/.arkcase/custom/node_modules/core-js/modules/es7.string.pad-start.js]
[m[36m<TIMESTAMP>,562 [DEBUG] [main] com.armedia.acm.userinterface.angular.AngularResourceCopier - Copying [<HOME>/.arkcase/tmp/node_modules/core-js/modules/_task.js] to [<HOME>/.arkcase/custom/node_modules/core-js/modules/_task.js]
[m[36m<TIMESTAMP>,563 [DEBUG] [main] com.armedia.acm.userinterface.angular.AngularResourceCopier - Copying [<HOME>/.arkcase/tmp/node_modules/core-js/modules/_classof.js] to [<HOME>/.arkcase/custom/node_modules/core-js/modules/_classof.js]
[m[36m<TIMESTAMP>,563 [DEBUG] [main] com.armedia.acm.userinterface.angular.AngularResourceCopier - Copying [<HOME>/.arkcase/tmp/node_modules/core-js/modules/es6.object.prevent-extensions.js] to [<HOME>/.arkcase/custom/node_modules/core-js/modules/es6.object.prevent-extensions.js]
[m[36m<TIMESTAMP>,563 [DEBUG] [main] com.armedia.acm.userinterface.angular.AngularResourceCopier - Copying [<HOME>/.arkcase/tmp/node_modules/core-js/modules/es7.reflect.get-metadata-keys.js] to [<HOME>/.arkcase/custom/node_modules/core-js/modules/es7.reflect.get-metadata-keys.js]
[m[36m<TIMESTAMP>,564 [DEBUG] [main] com.armedia.acm.userinterface.angular.AngularResourceCopier - Copying [<HOME>/.arkcase/tmp/node_modules/core-js/modules/_date-to-iso-string.js] to [<HOME>/.arkcase/custom/node_modules/core-js/modules/_date-to-iso-string.js]
[m[36m<TIMESTAMP>,564 [DEBUG] [main] com.armedia.acm.userinterface.angular.AngularResourceCopier - Copying [<HOME>/.arkcase/tmp/node_modules/core-js/modules/_object-gopn.js] to [<HOME>/.arkcase/custom/node_modules/core-js/modules/_object-gopn.js]
[m[36m<TIMESTAMP>,564 [DEBUG] [main] com.armedia.acm.userinterface.angular.AngularResourceCopier - Copying [<HOME>/.arkcase/tmp/node_modules/core-js/modules/es6.typed.data-view.js] to [<HOME>/.arkcase/custom/node_modules/core-js/modules/es6.typed.data-view.js]
[m[36m<TIMESTAMP>,565 [DEBUG] [main] com.armedia.acm.userinterface.angular.AngularResourceCopier - Copying [<HOME>/.arkcase/tmp/node_modules/core-js/modules/es7.math.scale.js] to [<HOME>/.arkcase/custom/node_modules/core-js/modules/es7.math.scale.js]
[m[36m<TIMESTAMP>,565 [DEBUG] [main] com.armedia.acm.userinterface.angular.AngularResourceCopier - Copying [<HOME>/.arkcase/tmp/node_modules/core-js/modules/es7.math.clamp.js] to [<HOME>/.arkcase/custom/node_modules/core-js/modules/es7.math.clamp.js]
[m[36m<TIMESTAMP>,565 [DEBUG] [main] com.armedia.acm.userinterface.angular.AngularResourceCopier - Copying [<HOME>/.arkcase/tmp/node_modules/core-js/modules/_array-copy-within.js] to [<HOME>/.arkcase/custom/node_modules/core-js/modules/_array-copy-within.js]
[m[36m<TIMESTAMP>,565 [DEBUG] [main] com.armedia.acm.userinterface.angular.AngularResourceCopier - Copying [<HOME>/.arkcase/tmp/node_modules/core-js/modules/es6.regexp.replace.js] to [<HOME>/.arkcase/custom/node_modules/core-js/modules/es6.regexp.replace.js]
[m[36m<TIMESTAMP>,566 [DEBUG] [main] com.armedia.acm.userinterface.angular.AngularResourceCopier - Copying [<HOME>/.arkcase/tmp/node_modules/core-js/modules/_descriptors.js] to [<HOME>/.arkcase/custom/node_modules/core-js/modules/_descriptors.js]
[m[36m<TIMESTAMP>,566 [DEBUG] [main] com.armedia.acm.userinterface.angular.AngularResourceCopier - Copying [<HOME>/.arkcase/tmp/node_modules/core-js/modules/_shared.js] to [<HOME>/.arkcase/custom/node_modules/core-js/modules/_shared.js]
[m[36m<TIMESTAMP>,566 [DEBUG] [main] com.armedia.acm.userinterface.angular.AngularResourceCopier - Copying [<HOME>/.arkcase/tmp/node_modules/core-js/modules/es7.math.isubh.js] to [<HOME>/.arkcase/custom/node_modules/core-js/modules/es7.math.isubh.js]
[m[36m<TIMESTAMP>,566 [DEBUG] [main] com.armedia.acm.userinterface.angular.AngularResourceCopier - Copying [<HOME>/.arkcase/tmp/node_modules/core-js/modules/es6.function.bind.js] to [<HOME>/.arkcase/custom/node_modules/core-js/modules/es6.function.bind.js]
[m[36m<TIMESTAMP>,566 [DEBUG] [main] com.armedia.acm.userinterface.angular.AngularResourceCopier - Copying [<HOME>/.arkcase/tmp/node_modules/core-js/modules/es7.math.signbit.js] to [<HOME>/.arkcase/custom/node_modules/core-js/modules/es7.math.signbit.js]
[m[36m<TIMESTAMP>,566 [DEBUG] [main] com.armedia.acm.userinterface.angular.AngularResourceCopier - Copying [<HOME>/.arkcase/tmp/node_modules/core-js/modules/es7.promise.try.js] to [<HOME>/.arkcase/custom/node_modules/core-js/modules/es7.promise.try.js]
[m[36m<TIMESTAMP>,566 [DEBUG] [main] com.armedia.acm.userinterface.angular.AngularResourceCopier - Copying [<HOME>/.arkcase/tmp/node_modules/core-js/modules/_dom-create.js] to [<HOME>/.arkcase/custom/node_modules/core-js/modules/_dom-create.js]
[m[36m<TIMESTAMP>,566 [DEBUG] [main] com.armedia.acm.userinterface.angular.AngularResourceCopier - Copying [<HOME>/.arkcase/tmp/node_modules/core-js/modules/es6.math.log1p.js] to [<HOME>/.arkcase/custom/node_modules/core-js/modules/es6.math.log1p.js]
[m[36m<TIMESTAMP>,567 [DEBUG] [main] com.armedia.acm.userinterface.angular.AngularResourceCopier - Copying [<HOME>/.arkcase/tmp/node_modules/core-js/modules/_object-sap.js] to [<HOME>/.arkcase/custom/node_modules/core-js/modules/_object-sap.js]
[m[36m<TIMESTAMP>,567 [DEBUG] [main] com.armedia.acm.userinterface.angular.AngularResourceCopier - Copying [<HOME>/.arkcase/tmp/node_modules/core-js/modules/es6.array.index-of.js] to [<HOME>/.arkcase/custom/node_modules/core-js/modules/es6.array.index-of.js]
[m[36m<TIMESTAMP>,567 [DEBUG] [main] com.armedia.acm.userinterface.angular.AngularResourceCopier - Copying [<HOME>/.arkcase/tmp/node_modules/core-js/modules/es7.string.match-all.js] to [<HOME>/.arkcase/custom/node_modules/core-js/modules/es7.string.match-all.js]
[m[36m<TIMESTAMP>,567 [DEBUG] [main] com.armedia.acm.userinterface.angular.AngularResourceCopier - Copying [<HOME>/.arkcase/tmp/node_modules/core-js/modules/es6.string.fontcolor.js] to [<HOME>/.arkcase/custom/node_modules/core-js/modules/es6.string.fontcolor.js]
[m[36m<TIMESTAMP>,567 [DEBUG] [main] com.armedia.acm.userinterface.angular.AngularResourceCopier - Copying [<HOME>/.arkcase/tmp/node_modules/core-js/modules/_collection.js] to [<HOME>/.arkcase/custom/node_modules/core-js/modules/_collection.js]
[m[36m<TIMESTAMP>,567 [DEBUG] [main] com.armedia.acm.userinterface.angular.AngularResourceCopier - Copying [<HOME>/.arkcase/tmp/node_modules/core-js/modules/es7.set.to-json.js] to [<HOME>/.arkcase/custom/node_modules/core-js/modules/es7.set.to-json.js]
[m[36m<TIMESTAMP>,567 [DEBUG] [main] com.armedia.acm.userinterface.angular.AngularResourceCopier - Copying [<HOME>/.arkcase/tmp/node_modules/core-js/modules/es6.reflect.delete-property.js] to [<HOME>/.arkcase/custom/node_modules/core-js/modules/es6.reflect.delete-property.js]
[m[36m<TIMESTAMP>,567 [DEBUG] [main] com.armedia.acm.userinterface.angular.AngularResourceCopier - Copying [<HOME>/.arkcase/tmp/node_modules/core-js/modules/es7.system.global.js] to [<HOME>/.arkcase/custom/node_modules/core-js/modules/es7.system.global.js]
[m[36m<TIMESTAMP>,567 [DEBUG] [main] com.armedia.acm.userinterface.angular.AngularResourceCopier - Copying [<HOME>/.arkcase/tmp/node_modules/core-js/modules/es6.date.now.js] to [<HOME>/.arkcase/custom/node_modules/core-js/modules/es6.date.now.js]
[m[36m<TIMESTAMP>,568 [DEBUG] [main] com.armedia.acm.userinterface.angular.AngularResourceCopier - Copying [<HOME>/.arkcase/tmp/node_modules/core-js/modules/_new-promise-capability.js] to [<HOME>/.arkcase/custom/node_modules/core-js/modules/_new-promise-capability.js]
[m[36m<TIMESTAMP>,568 [DEBUG] [main] com.armedia.acm.userinterface.angular.AngularResourceCopier - Copying [<HOME>/.arkcase/tmp/node_modules/core-js/modules/_object-gpo.js] to [<HOME>/.arkcase/custom/node_modules/core-js/modules/_object-gpo.js]
[m[36m<TIMESTAMP>,568 [DEBUG] [main] com.armedia.acm.userinterface.angular.AngularResourceCopier - Copying [<HOME>/.arkcase/tmp/node_modules/core-js/modules/es7.math.degrees.js] to [<HOME>/.arkcase/custom/node_modules/core-js/modules/es7.math.degrees.js]
[m[36m<TIMESTAMP>,568 [DEBUG] [main] com.armedia.acm.userinterface.angular.AngularResourceCopier - Copying [<HOME>/.arkcase/tmp/node_modules/core-js/modules/_has.js] to [<HOME>/.arkcase/custom/node_modules/core-js/modules/_has.js]
[m[36m<TIMESTAMP>,568 [DEBUG] [main] com.armedia.acm.userinterface.angular.AngularResourceCopier - Copying [<HOME>/.arkcase/tmp/node_modules/core-js/modules/es6.math.trunc.js] to [<HOME>/.arkcase/custom/node_modules/core-js/modules/es6.math.trunc.js]
[m[36m<TIMESTAMP>,568 [DEBUG] [main] com.armedia.acm.userinterface.angular.AngularResourceCopier - Copying [<HOME>/.arkcase/tmp/node_modules/core-js/modules/es7.array.flatten.js] to [<HOME>/.arkcase/custom/node_modules/core-js/modules/es7.array.flatten.js]
[m[36m<TIMESTAMP>,568 [DEBUG] [main] com.armedia.acm.userinterface.angular.AngularResourceCopier - Copying [<HOME>/.arkcase/tmp/node_modules/core-js/modules/_fails.js] to [<HOME>/.arkcase/custom/node_modules/core-js/modules/_fails.js]
[m[36m<TIMESTAMP>,568 [DEBUG] [main] com.armedia.acm.userinterface.angular.AngularResourceCopier - Copying [<HOME>/.arkcase/tmp/node_modules/core-js/modules/es6.regexp.constructor.js] to [<HOME>/.arkcase/custom/node_modules/core-js/modules/es6.regexp.constructor.js]
[m[36m<TIMESTAMP>,569 [DEBUG] [main] com.armedia.acm.userinterface.angular.AngularResourceCopier - Copying [<HOME>/.arkcase/tmp/node_modules/core-js/modules/_iter-create.js] to [<HOME>/.arkcase/custom/node_modules/core-js/modules/_iter-create.js]
[m[36m<TIMESTAMP>,569 [DEBUG] [main] com.armedia.acm.userinterface.angular.AngularResourceCopier - Copying [<HOME>/.arkcase/tmp/node_modules/core-js/modules/es6.string.trim.js] to [<HOME>/.arkcase/custom/node_modules/core-js/modules/es6.string.trim.js]
[m[36m<TIMESTAMP>,569 [DEBUG] [main] com.armedia.acm.userinterface.angular.AngularResourceCopier - Copying [<HOME>/.arkcase/tmp/node_modules/core-js/modules/es6.reflect.prevent-extensions.js] to [<HOME>/.arkcase/custom/node_modules/core-js/modules/es6.reflect.prevent-extensions.js]
[m[36m<TIMESTAMP>,569 [DEBUG] [main] com.armedia.acm.userinterface.angular.AngularResourceCopier - Copying [<HOME>/.arkcase/tmp/node_modules/core-js/modules/es6.regexp.search.js] to [<HOME>/.arkcase/custom/node_modules/core-js/modules/es6.regexp.search.js]
[m[36m<TIMESTAMP>,569 [DEBUG] [main] com.armedia.acm.userinterface.angular.AngularResourceCopier - Copying [<HOME>/.arkcase/tmp/node_modules/core-js/modules/es6.typed.int8-array.js] to [<HOME>/.arkcase/custom/node_modules/core-js/modules/es6.typed.int8-array.js]
[m[36m<TIMESTAMP>,569 [DEBUG] [main] com.armedia.acm.userinterface.angular.AngularResourceCopier - Copying [<HOME>/.arkcase/tmp/node_modules/core-js/modules/es6.regexp.match.js] to [<HOME>/.arkcase/custom/node_modules/core-js/modules/es6.regexp.match.js]
[m[36m<TIMESTAMP>,570 [DEBUG] [main] com.armedia.acm.userinterface.angular.AngularResourceCopier - Copying [<HOME>/.arkcase/tmp/node_modules/core-js/modules/es6.number.is-integer.js] to [<HOME>/.arkcase/custom/node_modules/core-js/modules/es6.number.is-integer.js]
[m[36m<TIMESTAMP>,570 [DEBUG] [main] com.armedia.acm.userinterface.angular.AngularResourceCopier - Copying [<HOME>/.arkcase/tmp/node_modules/core-js/modules/_to-absolute-index.js] to [<HOME>/.arkcase/custom/node_modules/core-js/modules/_to-absolute-index.js]
[m[36m<TIMESTAMP>,570 [DEBUG] [main] com.armedia.acm.userinterface.angular.AngularResourceCopier - Copying [<HOME>/.arkcase/tmp/node_modules/core-js/modules/es6.object.is-extensible.js] to [<HOME>/.arkcase/custom/node_modules/core-js/modules/es6.object.is-extensible.js]
[m[36m<TIMESTAMP>,570 [DEBUG] [main] com.armedia.acm.userinterface.angular.AngularResourceCopier - Copying [<HOME>/.arkcase/tmp/node_modules/core-js/modules/es6.array.slice.js] to [<HOME>/.arkcase/custom/node_modules/core-js/modules/es6.array.slice.js]
[m[36m<TIMESTAMP>,570 [DEBUG] [main] com.armedia.acm.userinterface.angular.AngularResourceCopier - Copying [<HOME>/.arkcase/tmp/node_modules/core-js/modules/_property-desc.js] to [<HOME>/.arkcase/custom/node_modules/core-js/modules/_property-desc.js]
[m[36m<TIMESTAMP>,570 [DEBUG] [main] com.armedia.acm.userinterface.angular.AngularResourceCopier - Copying [<HOME>/.arkcase/tmp/node_modules/core-js/modules/core.regexp.escape.js] to [<HOME>/.arkcase/custom/node_modules/core-js/modules/core.regexp.escape.js]
[m[36m<TIMESTAMP>,570 [DEBUG] [main] com.armedia.acm.userinterface.angular.AngularResourceCopier - Copying [<HOME>/.arkcase/tmp/node_modules/core-js/modules/_global.js] to [<HOME>/.arkcase/custom/node_modules/core-js/modules/_global.js]
[m[36m<TIMESTAMP>,570 [DEBUG] [main] com.armedia.acm.userinterface.angular.AngularResourceCopier - Copying [<HOME>/.arkcase/tmp/node_modules/core-js/modules/es6.object.create.js] to [<HOME>/.arkcase/custom/node_modules/core-js/modules/es6.object.create.js]
[m[36m<TIMESTAMP>,571 [DEBUG] [main] com.armedia.acm.userinterface.angular.AngularResourceCopier - Copying [<HOME>/.arkcase/tmp/node_modules/core-js/modules/es7.set.from.js] to [<HOME>/.arkcase/custom/node_modules/core-js/modules/es7.set.from.js]
[m[36m<TIMESTAMP>,571 [DEBUG] [main] com.armedia.acm.userinterface.angular.AngularResourceCopier - Copying [<HOME>/.arkcase/tmp/node_modules/core-js/modules/_is-array.js] to [<HOME>/.arkcase/custom/node_modules/core-js/modules/_is-array.js]
[m[36m<TIMESTAMP>,571 [DEBUG] [main] com.armedia.acm.userinterface.angular.AngularResourceCopier - Copying [<HOME>/.arkcase/tmp/node_modules/core-js/modules/es6.date.to-iso-string.js] to [<HOME>/.arkcase/custom/node_modules/core-js/modules/es6.date.to-iso-string.js]
[m[36m<TIMESTAMP>,571 [DEBUG] [main] com.armedia.acm.userinterface.angular.AngularResourceCopier - Copying [<HOME>/.arkcase/tmp/node_modules/core-js/modules/_array-methods.js] to [<HOME>/.arkcase/custom/node_modules/core-js/modules/_array-methods.js]
[m[36m<TIMESTAMP>,571 [DEBUG] [main] com.armedia.acm.userinterface.angular.AngularResourceCopier - Copying [<HOME>/.arkcase/tmp/node_modules/core-js/modules/es7.map.to-json.js] to [<HOME>/.arkcase/custom/node_modules/core-js/modules/es7.map.to-json.js]
[m[36m<TIMESTAMP>,571 [DEBUG] [main] com.armedia.acm.userinterface.angular.AngularResourceCopier - Copying [<HOME>/.arkcase/tmp/node_modules/core-js/modules/_set-proto.js] to [<HOME>/.arkcase/custom/node_modules/core-js/modules/_set-proto.js]
[m[36m<TIMESTAMP>,571 [DEBUG] [main] com.armedia.acm.userinterface.angular.AngularResourceCopier - Copying [<HOME>/.arkcase/tmp/node_modules/core-js/modules/_iter-define.js] to [<HOME>/.arkcase/custom/node_modules/core-js/modules/_iter-define.js]
[m[36m<TIMESTAMP>,571 [DEBUG] [main] com.armedia.acm.userinterface.angular.AngularResourceCopier - Copying [<HOME>/.arkcase/tmp/node_modules/core-js/modules/es7.reflect.delete-metadata.js] to [<HOME>/.arkcase/custom/node_modules/core-js/modules/es7.reflect.delete-metadata.js]
[m[36m<TIMESTAMP>,572 [DEBUG] [main] com.armedia.acm.userinterface.angular.AngularResourceCopier - Copying [<HOME>/.arkcase/tmp/node_modules/core-js/modules/_an-instance.js] to [<HOME>/.arkcase/custom/node_modules/core-js/modules/_an-instance.js]
[m[36m<TIMESTAMP>,572 [DEBUG] [main] com.armedia.acm.userinterface.angular.AngularResourceCopier - Copying [<HOME>/.arkcase/tmp/node_modules/core-js/modules/core.object.define.js] to [<HOME>/.arkcase/custom/node_modules/core-js/modules/core.object.define.js]
[m[36m<TIMESTAMP>,572 [DEBUG] [main] com.armedia.acm.userinterface.angular.AngularResourceCopier - Copying [<HOME>/.arkcase/tmp/node_modules/core-js/modules/_date-to-primitive.js] to [<HOME>/.arkcase/custom/node_modules/core-js/modules/_date-to-primitive.js]
[m[36m<TIMESTAMP>,572 [DEBUG] [main] com.armedia.acm.userinterface.angular.AngularResourceCopier - Copying [<HOME>/.arkcase/tmp/node_modules/core-js/modules/_ie8-dom-define.js] to [<HOME>/.arkcase/custom/node_modules/core-js/modules/_ie8-dom-define.js]
[m[36m<TIMESTAMP>,572 [DEBUG] [main] com.armedia.acm.userinterface.angular.AngularResourceCopier - Copying [<HOME>/.arkcase/tmp/node_modules/core-js/modules/es6.math.hypot.js] to [<HOME>/.arkcase/custom/node_modules/core-js/modules/es6.math.hypot.js]
[m[36m<TIMESTAMP>,572 [DEBUG] [main] com.armedia.acm.userinterface.angular.AngularResourceCopier - Copying [<HOME>/.arkcase/tmp/node_modules/core-js/modules/es6.array.copy-within.js] to [<HOME>/.arkcase/custom/node_modules/core-js/modules/es6.array.copy-within.js]
[m[36m<TIMESTAMP>,572 [DEBUG] [main] com.armedia.acm.userinterface.angular.AngularResourceCopier - Copying [<HOME>/.arkcase/tmp/node_modules/core-js/modules/_math-expm1.js] to [<HOME>/.arkcase/custom/node_modules/core-js/modules/_math-expm1.js]
[m[36m<TIMESTAMP>,573 [DEBUG] [main] com.armedia.acm.userinterface.angular.AngularResourceCopier - Copying [<HOME>/.arkcase/tmp/node_modules/core-js/modules/_math-scale.js] to [<HOME>/.arkcase/custom/node_modules/core-js/modules/_math-scale.js]
[m[36m<TIMESTAMP>,573 [DEBUG] [main] com.armedia.acm.userinterface.angular.AngularResourceCopier - Copying [<HOME>/.arkcase/tmp/node_modules/core-js/modules/es6.array.map.js] to [<HOME>/.arkcase/custom/node_modules/core-js/modules/es6.array.map.js]
[m[36m<TIMESTAMP>,573 [DEBUG] [main] com.armedia.acm.userinterface.angular.AngularResourceCopier - Copying [<HOME>/.arkcase/tmp/node_modules/core-js/modules/es6.typed.int16-array.js] to [<HOME>/.arkcase/custom/node_modules/core-js/modules/es6.typed.int16-array.js]
[m[36m<TIMESTAMP>,573 [DEBUG] [main] com.armedia.acm.userinterface.angular.AngularResourceCopier - Copying [<HOME>/.arkcase/tmp/node_modules/core-js/modules/es6.array.reduce-right.js] to [<HOME>/.arkcase/custom/node_modules/core-js/modules/es6.array.reduce-right.js]
[m[36m<TIMESTAMP>,573 [DEBUG] [main] com.armedia.acm.userinterface.angular.AngularResourceCopier - Copying [<HOME>/.arkcase/tmp/node_modules/core-js/modules/es6.typed.array-buffer.js] to [<HOME>/.arkcase/custom/node_modules/core-js/modules/es6.typed.array-buffer.js]
[m[36m<TIMESTAMP>,573 [DEBUG] [main] com.armedia.acm.userinterface.angular.AngularResourceCopier - Copying [<HOME>/.arkcase/tmp/node_modules/core-js/modules/es6.string.strike.js] to [<HOME>/.arkcase/custom/node_modules/core-js/modules/es6.string.strike.js]
[m[36m<TIMESTAMP>,573 [DEBUG] [main] com.armedia.acm.userinterface.angular.AngularResourceCopier - Copying [<HOME>/.arkcase/tmp/node_modules/core-js/modules/es6.set.js] to [<HOME>/.arkcase/custom/node_modules/core-js/modules/es6.set.js]
[m[36m<TIMESTAMP>,573 [DEBUG] [main] com.armedia.acm.userinterface.angular.AngularResourceCopier - Copying [<HOME>/.arkcase/tmp/node_modules/core-js/modules/es6.typed.int32-array.js] to [<HOME>/.arkcase/custom/node_modules/core-js/modules/es6.typed.int32-array.js]
[m[36m<TIMESTAMP>,574 [DEBUG] [main] com.armedia.acm.userinterface.angular.AngularResourceCopier - Copying [<HOME>/.arkcase/tmp/node_modules/core-js/modules/es7.weak-map.from.js] to [<HOME>/.arkcase/custom/node_modules/core-js/modules/es7.weak-map.from.js]
[m[36m<TIMESTAMP>,574 [DEBUG] [main] com.armedia.acm.userinterface.angular.AngularResourceCopier - Copying [<HOME>/.arkcase/tmp/node_modules/core-js/modules/_strict-method.js] to [<HOME>/.arkcase/custom/node_modules/core-js/modules/_strict-method.js]
[m[36m<TIMESTAMP>,574 [DEBUG] [main] com.armedia.acm.userinterface.angular.AngularResourceCopier - Copying [<HOME>/.arkcase/tmp/node_modules/core-js/modules/_to-iobject.js] to [<HOME>/.arkcase/custom/node_modules/core-js/modules/_to-iobject.js]
[m[36m<TIMESTAMP>,574 [DEBUG] [main] com.armedia.acm.userinterface.angular.AngularResourceCopier - Copying [<HOME>/.arkcase/tmp/node_modules/core-js/modules/es6.typed.float32-array.js] to [<HOME>/.arkcase/custom/node_modules/core-js/modules/es6.typed.float32-array.js]
[m[36m<TIMESTAMP>,574 [DEBUG] [main] com.armedia.acm.userinterface.angular.AngularResourceCopier - Copying [<HOME>/.arkcase/tmp/node_modules/core-js/modules/core.object.classof.js] to [<HOME>/.arkcase/custom/node_modules/core-js/modules/core.object.classof.js]
[m[36m<TIMESTAMP>,574 [DEBUG] [main] com.armedia.acm.userinterface.angular.AngularResourceCopier - Copying [<HOME>/.arkcase/tmp/node_modules/core-js/modules/es6.object.define-properties.js] to [<HOME>/.arkcase/custom/node_modules/core-js/modules/es6.object.define-properties.js]
[m[36m<TIMESTAMP>,574 [DEBUG] [main] com.armedia.acm.userinterface.angular.AngularResourceCopier - Copying [<HOME>/.arkcase/tmp/node_modules/core-js/modules/es6.math.expm1.js] to [<HOME>/.arkcase/custom/node_modules/core-js/modules/es6.math.expm1.js]
[m[36m<TIMESTAMP>,574 [DEBUG] [main] com.armedia.acm.userinterface.angular.AngularResourceCopier - Copying [<HOME>/.arkcase/tmp/node_modules/core-js/modules/_native-weak-map.js] to [<HOME>/.arkcase/custom/node_modules/core-js/modules/_native-weak-map.js]
[m[36m<TIMESTAMP>,574 [DEBUG] [main] com.armedia.acm.userinterface.angular.AngularResourceCopier - Copying [<HOME>/.arkcase/tmp/node_modules/core-js/modules/_wks-define.js] to [<HOME>/.arkcase/custom/node_modules/core-js/modules/_wks-define.js]
[m[36m<TIMESTAMP>,575 [DEBUG] [main] com.armedia.acm.userinterface.angular.AngularResourceCopier - Copying [<HOME>/.arkcase/tmp/node_modules/core-js/modules/_user-agent.js] to [<HOME>/.arkcase/custom/node_modules/core-js/modules/_user-agent.js]
[m[36m<TIMESTAMP>,575 [DEBUG] [main] com.armedia.acm.userinterface.angular.AngularResourceCopier - Copying [<HOME>/.arkcase/tmp/node_modules/core-js/modules/es7.object.define-setter.js] to [<HOME>/.arkcase/custom/node_modules/core-js/modules/es7.object.define-setter.js]
[m[36m<TIMESTAMP>,575 [DEBUG] [main] com.armedia.acm.userinterface.angular.AngularResourceCopier - Copying [<HOME>/.arkcase/tmp/node_modules/core-js/modules/_iter-detect.js] to [<HOME>/.arkcase/custom/node_modules/core-js/modules/_iter-detect.js]
[m[36m<TIMESTAMP>,575 [DEBUG] [main] com.armedia.acm.userinterface.angular.AngularResourceCopier - Copying [<HOME>/.arkcase/tmp/node_modules/core-js/modules/es6.array.some.js] to [<HOME>/.arkcase/custom/node_modules/core-js/modules/es6.array.some.js]
[m[36m<TIMESTAMP>,575 [DEBUG] [main] com.armedia.acm.userinterface.angular.AngularResourceCopier - Copying [<HOME>/.arkcase/tmp/node_modules/core-js/modules/_array-fill.js] to [<HOME>/.arkcase/custom/node_modules/core-js/modules/_array-fill.js]
[m[36m<TIMESTAMP>,575 [DEBUG] [main] com.armedia.acm.userinterface.angular.AngularResourceCopier - Copying [<HOME>/.arkcase/tmp/node_modules/core-js/modules/es6.regexp.split.js] to [<HOME>/.arkcase/custom/node_modules/core-js/modules/es6.regexp.split.js]
[m[36m<TIMESTAMP>,575 [DEBUG] [main] com.armedia.acm.userinterface.angular.AngularResourceCopier - Copying [<HOME>/.arkcase/tmp/node_modules/core-js/modules/_string-context.js] to [<HOME>/.arkcase/custom/node_modules/core-js/modules/_string-context.js]
[m[36m<TIMESTAMP>,575 [DEBUG] [main] com.armedia.acm.userinterface.angular.AngularResourceCopier - Copying [<HOME>/.arkcase/tmp/node_modules/core-js/modules/_typed.js] to [<HOME>/.arkcase/custom/node_modules/core-js/modules/_typed.js]
[m[36m<TIMESTAMP>,576 [DEBUG] [main] com.armedia.acm.userinterface.angular.AngularResourceCopier - Copying [<HOME>/.arkcase/tmp/node_modules/core-js/modules/_export.js] to [<HOME>/.arkcase/custom/node_modules/core-js/modules/_export.js]
[m[36m<TIMESTAMP>,576 [DEBUG] [main] com.armedia.acm.userinterface.angular.AngularResourceCopier - Copying [<HOME>/.arkcase/tmp/node_modules/core-js/modules/es6.typed.uint8-clamped-array.js] to [<HOME>/.arkcase/custom/node_modules/core-js/modules/es6.typed.uint8-clamped-array.js]
[m[36m<TIMESTAMP>,576 [DEBUG] [main] com.armedia.acm.userinterface.angular.AngularResourceCopier - Copying [<HOME>/.arkcase/tmp/node_modules/core-js/modules/_redefine.js] to [<HOME>/.arkcase/custom/node_modules/core-js/modules/_redefine.js]
[m[36m<TIMESTAMP>,576 [DEBUG] [main] com.armedia.acm.userinterface.angular.AngularResourceCopier - Copying [<HOME>/.arkcase/tmp/node_modules/core-js/modules/es7.string.trim-left.js] to [<HOME>/.arkcase/custom/node_modules/core-js/modules/es7.string.trim-left.js]
[m[36m<TIMESTAMP>,576 [DEBUG] [main] com.armedia.acm.userinterface.angular.AngularResourceCopier - Copying [<HOME>/.arkcase/tmp/node_modules/core-js/CHANGELOG.md] to [<HOME>/.arkcase/custom/node_modules/core-js/CHANGELOG.md]
[m[36m<TIMESTAMP>,576 [DEBUG] [main] com.armedia.acm.userinterface.angular.AngularResourceCopier - Copying [<HOME>/.arkcase/tmp/node_modules/core-js/core/_.js] to [<HOME>/.arkcase/custom/node_modules/core-js/core/_.js]
[m[36m<TIMESTAMP>,576 [DEBUG] [main] com.armedia.acm.userinterface.angular.AngularResourceCopier - Copying [<HOME>/.arkcase/tmp/node_modules/core-js/core/index.js] to [<HOME>/.arkcase/custom/node_modules/core-js/core/index.js]
[m[36m<TIMESTAMP>,576 [DEBUG] [main] com.armedia.acm.userinterface.angular.AngularResourceCopier - Copying [<HOME>/.arkcase/tmp/node_modules/core-js/core/function.js] to [<HOME>/.arkcase/custom/node_modules/core-js/core/function.js]
[m[36m<TIMESTAMP>,577 [DEBUG] [main] com.armedia.acm.userinterface.angular.AngularResourceCopier - Copying [<HOME>/.arkcase/tmp/node_modules/core-js/core/number.js] to [<HOME>/.arkcase/custom/node_modules/core-js/core/number.js]
[m[36m<TIMESTAMP>,577 [DEBUG] [main] com.armedia.acm.userinterface.angular.AngularResourceCopier - Copying [<HOME>/.arkcase/tmp/node_modules/core-js/core/string.js] to [<HOME>/.arkcase/custom/node_modules/core-js/core/string.js]
[m[36m<TIMESTAMP>,577 [DEBUG] [main] com.armedia.acm.userinterface.angular.AngularResourceCopier - Copying [<HOME>/.arkcase/tmp/node_modules/core-js/core/regexp.js] to [<HOME>/.arkcase/custom/node_modules/core-js/core/regexp.js]
[m[36m<TIMESTAMP>,577 [DEBUG] [main] com.armedia.acm.userinterface.angular.AngularResourceCopier - Copying [<HOME>/.arkcase/tmp/node_modules/core-js/core/object.js] to [<HOME>/.arkcase/custom/node_modules/core-js/core/object.js]
[m[36m<TIMESTAMP>,577 [DEBUG] [main] com.armedia.acm.userinterface.angular.AngularResourceCopier - Copying [<HOME>/.arkcase/tmp/node_modules/core-js/core/dict.js] to [<HOME>/.arkcase/custom/node_modules/core-js/core/dict.js]
[m[36m<TIMESTAMP>,577 [DEBUG] [main] com.armedia.acm.userinterface.angular.AngularResourceCopier - Copying [<HOME>/.arkcase/tmp/node_modules/core-js/core/delay.js] to [<HOME>/.arkcase/custom/node_modules/core-js/core/delay.js]
[m[36m<TIMESTAMP>,577 [DEBUG] [main] com.armedia.acm.userinterface.angular.AngularResourceCopier - Copying [<HOME>/.arkcase/tmp/node_modules/core-js/es6/index.js] to [<HOME>/.arkcase/custom/node_modules/core-js/es6/index.js]
[m[36m<TIMESTAMP>,578 [DEBUG] [main] com.armedia.acm.userinterface.angular.AngularResourceCopier - Copying [<HOME>/.arkcase/tmp/node_modules/core-js/es6/promise.js] to [<HOME>/.arkcase/custom/node_modules/core-js/es6/promise.js]
[m[36m<TIMESTAMP>,578 [DEBUG] [main] com.armedia.acm.userinterface.angular.AngularResourceCopier - Copying [<HOME>/.arkcase/tmp/node_modules/core-js/es6/reflect.js] to [<HOME>/.arkcase/custom/node_modules/core-js/es6/reflect.js]
[m[36m<TIMESTAMP>,578 [DEBUG] [main] com.armedia.acm.userinterface.angular.AngularResourceCopier - Copying [<HOME>/.arkcase/tmp/node_modules/core-js/es6/function.js] to [<HOME>/.arkcase/custom/node_modules/core-js/es6/function.js]
[m[36m<TIMESTAMP>,578 [DEBUG] [main] com.armedia.acm.userinterface.angular.AngularResourceCopier - Copying [<HOME>/.arkcase/tmp/node_modules/core-js/es6/number.js] to [<HOME>/.arkcase/custom/node_modules/core-js/es6/number.js]
[m[36m<TIMESTAMP>,578 [DEBUG] [main] com.armedia.acm.userinterface.angular.AngularResourceCopier - Copying [<HOME>/.arkcase/tmp/node_modules/core-js/es6/map.js] to [<HOME>/.arkcase/custom/node_modules/core-js/es6/map.js]
[m[36m<TIMESTAMP>,578 [DEBUG] [main] com.armedia.acm.userinterface.angular.AngularResourceCopier - Copying [<HOME>/.arkcase/tmp/node_modules/core-js/es6/string.js] to [<HOME>/.arkcase/custom/node_modules/core-js/es6/string.js]
[m[36m<TIMESTAMP>,578 [DEBUG] [main] com.armedia.acm.userinterface.angular.AngularResourceCopier - Copying [<HOME>/.arkcase/tmp/node_modules/core-js/es6/regexp.js] to [<HOME>/.arkcase/custom/node_modules/core-js/es6/regexp.js]
[m[36m<TIMESTAMP>,578 [DEBUG] [main] com.armedia.acm.userinterface.angular.AngularResourceCopier - Copying [<HOME>/.arkcase/tmp/node_modules/core-js/es6/parse-float.js] to [<HOME>/.arkcase/custom/node_modules/core-js/es6/parse-float.js]
[m[36m<TIMESTAMP>,579 [DEBUG] [main] com.armedia.acm.userinterface.angular.AngularResourceCopier - Copying [<HOME>/.arkcase/tmp/node_modules/core-js/es6/array.js] to [<HOME>/.arkcase/custom/node_modules/core-js/es6/array.js]
[m[36m<TIMESTAMP>,579 [DEBUG] [main] com.armedia.acm.userinterface.angular.AngularResourceCopier - Copying [<HOME>/.arkcase/tmp/node_modules/core-js/es6/object.js] to [<HOME>/.arkcase/custom/node_modules/core-js/es6/object.js]
[m[36m<TIMESTAMP>,579 [DEBUG] [main] com.armedia.acm.userinterface.angular.AngularResourceCopier - Copying [<HOME>/.arkcase/tmp/node_modules/core-js/es6/weak-map.js] to [<HOME>/.arkcase/custom/node_modules/core-js/es6/weak-map.js]
[m[36m<TIMESTAMP>,579 [DEBUG] [main] com.armedia.acm.userinterface.angular.AngularResourceCopier - Copying [<HOME>/.arkcase/tmp/node_modules/core-js/es6/symbol.js] to [<HOME>/.arkcase/custom/node_modules/core-js/es6/symbol.js]
[m[36m<TIMESTAMP>,579 [DEBUG] [main] com.armedia.acm.userinterface.angular.AngularResourceCopier - Copying [<HOME>/.arkcase/tmp/node_modules/core-js/es6/math.js] to [<HOME>/.arkcase/custom/node_modules/core-js/es6/math.js]
[m[36m<TIMESTAMP>,579 [DEBUG] [main] com.armedia.acm.userinterface.angular.AngularResourceCopier - Copying [<HOME>/.arkcase/tmp/node_modules/core-js/es6/parse-int.js] to [<HOME>/.arkcase/custom/node_modules/core-js/es6/parse-int.js]
[m[36m<TIMESTAMP>,579 [DEBUG] [main] com.armedia.acm.userinterface.angular.AngularResourceCopier - Copying [<HOME>/.arkcase/tmp/node_modules/core-js/es6/weak-set.js] to [<HOME>/.arkcase/custom/node_modules/core-js/es6/weak-set.js]
[m[36m<TIMESTAMP>,580 [DEBUG] [main] com.armedia.acm.userinterface.angular.AngularResourceCopier - Copying [<HOME>/.arkcase/tmp/node_modules/core-js/es6/date.js] to [<HOME>/.arkcase/custom/node_modules/core-js/es6/date.js]
[m[36m<TIMESTAMP>,580 [DEBUG] [main] com.armedia.acm.userinterface.angular.AngularResourceCopier - Copying [<HOME>/.arkcase/tmp/node_modules/core-js/es6/set.js] to [<HOME>/.arkcase/custom/node_modules/core-js/es6/set.js]
[m[36m<TIMESTAMP>,580 [DEBUG] [main] com.armedia.acm.userinterface.angular.AngularResourceCopier - Copying [<HOME>/.arkcase/tmp/node_modules/core-js/es6/typed.js] to [<HOME>/.arkcase/custom/node_modules/core-js/es6/typed.js]
[m[36m<TIMESTAMP>,580 [DEBUG] [main] com.armedia.acm.userinterface.angular.AngularResourceCopier - Copying [<HOME>/.arkcase/tmp/node_modules/core-js/es5/index.js] to [<HOME>/.arkcase/custom/node_modules/core-js/es5/index.js]
[m[36m<TIMESTAMP>,580 [DEBUG] [main] com.armedia.acm.userinterface.angular.AngularResourceCopier - Copying [<HOME>/.arkcase/tmp/node_modules/core-js/stage/index.js] to [<HOME>/.arkcase/custom/node_modules/core-js/stage/index.js]
[m[36m<TIMESTAMP>,581 [DEBUG] [main] com.armedia.acm.userinterface.angular.AngularResourceCopier - Copying [<HOME>/.arkcase/tmp/node_modules/core-js/stage/0.js] to [<HOME>/.arkcase/custom/node_modules/core-js/stage/0.js]
[m[36m<TIMESTAMP>,581 [DEBUG] [main] com.armedia.acm.userinterface.angular.AngularResourceCopier - Copying [<HOME>/.arkcase/tmp/node_modules/core-js/stage/pre.js] to [<HOME>/.arkcase/custom/node_modules/core-js/stage/pre.js]
[m[36m<TIMESTAMP>,581 [DEBUG] [main] com.armedia.acm.userinterface.angular.AngularResourceCopier - Copying [<HOME>/.arkcase/tmp/node_modules/core-js/stage/1.js] to [<HOME>/.arkcase/custom/node_modules/core-js/stage/1.js]
[m[36m<TIMESTAMP>,581 [DEBUG] [main] com.armedia.acm.userinterface.angular.AngularResourceCopier - Copying [<HOME>/.arkcase/tmp/node_modules/core-js/stage/2.js] to [<HOME>/.arkcase/custom/node_modules/core-js/stage/2.js]
[m[36m<TIMESTAMP>,581 [DEBUG] [main] com.armedia.acm.userinterface.angular.AngularResourceCopier - Copying [<HOME>/.arkcase/tmp/node_modules/core-js/stage/3.js] to [<HOME>/.arkcase/custom/node_modules/core-js/stage/3.js]
[m[36m<TIMESTAMP>,582 [DEBUG] [main] com.armedia.acm.userinterface.angular.AngularResourceCopier - Copying [<HOME>/.arkcase/tmp/node_modules/core-js/stage/4.js] to [<HOME>/.arkcase/custom/node_modules/core-js/stage/4.js]
[m[36m<TIMESTAMP>,582 [DEBUG] [main] com.armedia.acm.userinterface.angular.AngularResourceCopier - Copying [<HOME>/.arkcase/tmp/node_modules/core-js/fn/_.js] to [<HOME>/.arkcase/custom/node_modules/core-js/fn/_.js]
[m[36m<TIMESTAMP>,582 [DEBUG] [main] com.armedia.acm.userinterface.angular.AngularResourceCopier - Copying [<HOME>/.arkcase/tmp/node_modules/core-js/fn/promise.js] to [<HOME>/.arkcase/custom/node_modules/core-js/fn/promise.js]
[m[36m<TIMESTAMP>,582 [DEBUG] [main] com.armedia.acm.userinterface.angular.AngularResourceCopier - Copying [<HOME>/.arkcase/tmp/node_modules/core-js/fn/clear-immediate.js] to [<HOME>/.arkcase/custom/node_modules/core-js/fn/clear-immediate.js]
[m[36m<TIMESTAMP>,582 [DEBUG] [main] com.armedia.acm.userinterface.angular.AngularResourceCopier - Copying [<HOME>/.arkcase/tmp/node_modules/core-js/fn/asap.js] to [<HOME>/.arkcase/custom/node_modules/core-js/fn/asap.js]
[m[36m<TIMESTAMP>,582 [DEBUG] [main] com.armedia.acm.userinterface.angular.AngularResourceCopier - Copying [<HOME>/.arkcase/tmp/node_modules/core-js/fn/function/part.js] to [<HOME>/.arkcase/custom/node_modules/core-js/fn/function/part.js]
[m[36m<TIMESTAMP>,583 [DEBUG] [main] com.armedia.acm.userinterface.angular.AngularResourceCopier - Copying [<HOME>/.arkcase/tmp/node_modules/core-js/fn/function/index.js] to [<HOME>/.arkcase/custom/node_modules/core-js/fn/function/index.js]
[m[36m<TIMESTAMP>,583 [DEBUG] [main] com.armedia.acm.userinterface.angular.AngularResourceCopier - Copying [<HOME>/.arkcase/tmp/node_modules/core-js/fn/function/bind.js] to [<HOME>/.arkcase/custom/node_modules/core-js/fn/function/bind.js]
[m[36m<TIMESTAMP>,583 [DEBUG] [main] com.armedia.acm.userinterface.angular.AngularResourceCopier - Copying [<HOME>/.arkcase/tmp/node_modules/core-js/fn/function/has-instance.js] to [<HOME>/.arkcase/custom/node_modules/core-js/fn/function/has-instance.js]
[m[36m<TIMESTAMP>,583 [DEBUG] [main] com.armedia.acm.userinterface.angular.AngularResourceCopier - Copying [<HOME>/.arkcase/tmp/node_modules/core-js/fn/function/virtual/part.js] to [<HOME>/.arkcase/custom/node_modules/core-js/fn/function/virtual/part.js]
[m[36m<TIMESTAMP>,583 [DEBUG] [main] com.armedia.acm.userinterface.angular.AngularResourceCopier - Copying [<HOME>/.arkcase/tmp/node_modules/core-js/fn/function/virtual/index.js] to [<HOME>/.arkcase/custom/node_modules/core-js/fn/function/virtual/index.js]
[m[36m<TIMESTAMP>,584 [DEBUG] [main] com.armedia.acm.userinterface.angular.AngularResourceCopier - Copying [<HOME>/.arkcase/tmp/node_modules/core-js/fn/function/virtual/bind.js] to [<HOME>/.arkcase/custom/node_modules/core-js/fn/function/virtual/bind.js]
[m[36m<TIMESTAMP>,584 [DEBUG] [main] com.armedia.acm.userinterface.angular.AngularResourceCopier - Copying [<HOME>/.arkcase/tmp/node_modules/core-js/fn/function/name.js] to [<HOME>/.arkcase/custom/node_modules/core-js/fn/function/name.js]
[m[36m<TIMESTAMP>,584 [DEBUG] [main] com.armedia.acm.userinterface.angular.AngularResourceCopier - Copying [<HOME>/.arkcase/tmp/node_modules/core-js/fn/weak-set/index.js] to [<HOME>/.arkcase/custom/node_modules/core-js/fn/weak-set/index.js]
[m[36m<TIMESTAMP>,584 [DEBUG] [main] com.armedia.acm.userinterface.angular.AngularResourceCopier - Copying [<HOME>/.arkcase/tmp/node_modules/core-js/fn/weak-set/of.js] to [<HOME>/.arkcase/custom/node_modules/core-js/fn/weak-set/of.js]
[m[36m<TIMESTAMP>,584 [DEBUG] [main] com.armedia.acm.userinterface.angular.AngularResourceCopier - Copying [<HOME>/.arkcase/tmp/node_modules/core-js/fn/weak-set/from.js] to [<HOME>/.arkcase/custom/node_modules/core-js/fn/weak-set/from.js]
[m[36m<TIMESTAMP>,585 [DEBUG] [main] com.armedia.acm.userinterface.angular.AngularResourceCopier - Copying [<HOME>/.arkcase/tmp/node_modules/core-js/fn/observable.js] to [<HOME>/.arkcase/custom/node_modules/core-js/fn/observable.js]
[m[36m<TIMESTAMP>,585 [DEBUG] [main] com.armedia.acm.userinterface.angular.AngularResourceCopier - Copying [<HOME>/.arkcase/tmp/node_modules/core-js/fn/dom-collections/index.js] to [<HOME>/.arkcase/custom/node_modules/core-js/fn/dom-collections/index.js]
[m[36m<TIMESTAMP>,585 [DEBUG] [main] com.armedia.acm.userinterface.angular.AngularResourceCopier - Copying [<HOME>/.arkcase/tmp/node_modules/core-js/fn/dom-collections/iterator.js] to [<HOME>/.arkcase/custom/node_modules/core-js/fn/dom-collections/iterator.js]
[m[36m<TIMESTAMP>,585 [DEBUG] [main] com.armedia.acm.userinterface.angular.AngularResourceCopier - Copying [<HOME>/.arkcase/tmp/node_modules/core-js/fn/map.js] to [<HOME>/.arkcase/custom/node_modules/core-js/fn/map.js]
[m[36m<TIMESTAMP>,585 [DEBUG] [main] com.armedia.acm.userinterface.angular.AngularResourceCopier - Copying [<HOME>/.arkcase/tmp/node_modules/core-js/fn/string/trim-start.js] to [<HOME>/.arkcase/custom/node_modules/core-js/fn/string/trim-start.js]
[m[36m<TIMESTAMP>,586 [DEBUG] [main] com.armedia.acm.userinterface.angular.AngularResourceCopier - Copying [<HOME>/.arkcase/tmp/node_modules/core-js/fn/string/small.js] to [<HOME>/.arkcase/custom/node_modules/core-js/fn/string/small.js]
[m[36m<TIMESTAMP>,586 [DEBUG] [main] com.armedia.acm.userinterface.angular.AngularResourceCopier - Copying [<HOME>/.arkcase/tmp/node_modules/core-js/fn/string/index.js] to [<HOME>/.arkcase/custom/node_modules/core-js/fn/string/index.js]
[m[36m<TIMESTAMP>,586 [DEBUG] [main] com.armedia.acm.userinterface.angular.AngularResourceCopier - Copying [<HOME>/.arkcase/tmp/node_modules/core-js/fn/string/trim-end.js] to [<HOME>/.arkcase/custom/node_modules/core-js/fn/string/trim-end.js]
[m[36m<TIMESTAMP>,586 [DEBUG] [main] com.armedia.acm.userinterface.angular.AngularResourceCopier - Copying [<HOME>/.arkcase/tmp/node_modules/core-js/fn/string/strike.js] to [<HOME>/.arkcase/custom/node_modules/core-js/fn/string/strike.js]
[m[36m<TIMESTAMP>,586 [DEBUG] [main] com.armedia.acm.userinterface.angular.AngularResourceCopier - Copying [<HOME>/.arkcase/tmp/node_modules/core-js/fn/string/sub.js] to [<HOME>/.arkcase/custom/node_modules/core-js/fn/string/sub.js]
[m[36m<TIMESTAMP>,587 [DEBUG] [main] com.armedia.acm.userinterface.angular.AngularResourceCopier - Copying [<HOME>/.arkcase/tmp/node_modules/core-js/fn/string/trim-right.js] to [<HOME>/.arkcase/custom/node_modules/core-js/fn/string/trim-right.js]
[m[36m<TIMESTAMP>,587 [DEBUG] [main] com.armedia.acm.userinterface.angular.AngularResourceCopier - Copying [<HOME>/.arkcase/tmp/node_modules/core-js/fn/string/italics.js] to [<HOME>/.arkcase/custom/node_modules/core-js/fn/string/italics.js]
[m[36m<TIMESTAMP>,587 [DEBUG] [main] com.armedia.acm.userinterface.angular.AngularResourceCopier - Copying [<HOME>/.arkcase/tmp/node_modules/core-js/fn/string/at.js] to [<HOME>/.arkcase/custom/node_modules/core-js/fn/string/at.js]
[m[36m<TIMESTAMP>,587 [DEBUG] [main] com.armedia.acm.userinterface.angular.AngularResourceCopier - Copying [<HOME>/.arkcase/tmp/node_modules/core-js/fn/string/trim.js] to [<HOME>/.arkcase/custom/node_modules/core-js/fn/string/trim.js]
[m[36m<TIMESTAMP>,587 [DEBUG] [main] com.armedia.acm.userinterface.angular.AngularResourceCopier - Copying [<HOME>/.arkcase/tmp/node_modules/core-js/fn/string/from-code-point.js] to [<HOME>/.arkcase/custom/node_modules/core-js/fn/string/from-code-point.js]
[m[36m<TIMESTAMP>,587 [DEBUG] [main] com.armedia.acm.userinterface.angular.AngularResourceCopier - Copying [<HOME>/.arkcase/tmp/node_modules/core-js/fn/string/raw.js] to [<HOME>/.arkcase/custom/node_modules/core-js/fn/string/raw.js]
[m[36m<TIMESTAMP>,587 [DEBUG] [main] com.armedia.acm.userinterface.angular.AngularResourceCopier - Copying [<HOME>/.arkcase/tmp/node_modules/core-js/fn/string/link.js] to [<HOME>/.arkcase/custom/node_modules/core-js/fn/string/link.js]
[m[36m<TIMESTAMP>,588 [DEBUG] [main] com.armedia.acm.userinterface.angular.AngularResourceCopier - Copying [<HOME>/.arkcase/tmp/node_modules/core-js/fn/string/fontcolor.js] to [<HOME>/.arkcase/custom/node_modules/core-js/fn/string/fontcolor.js]
[m[36m<TIMESTAMP>,588 [DEBUG] [main] com.armedia.acm.userinterface.angular.AngularResourceCopier - Copying [<HOME>/.arkcase/tmp/node_modules/core-js/fn/string/fontsize.js] to [<HOME>/.arkcase/custom/node_modules/core-js/fn/string/fontsize.js]
[m[36m<TIMESTAMP>,588 [DEBUG] [main] com.armedia.acm.userinterface.angular.AngularResourceCopier - Copying [<HOME>/.arkcase/tmp/node_modules/core-js/fn/string/anchor.js] to [<HOME>/.arkcase/custom/node_modules/core-js/fn/string/anchor.js]
[m[36m<TIMESTAMP>,588 [DEBUG] [main] com.armedia.acm.userinterface.angular.AngularResourceCopier - Copying [<HOME>/.arkcase/tmp/node_modules/core-js/fn/string/repeat.js] to [<HOME>/.arkcase/custom/node_modules/core-js/fn/string/repeat.js]
[m[36m<TIMESTAMP>,588 [DEBUG] [main] com.armedia.acm.userinterface.angular.AngularResourceCopier - Copying [<HOME>/.arkcase/tmp/node_modules/core-js/fn/string/fixed.js] to [<HOME>/.arkcase/custom/node_modules/core-js/fn/string/fixed.js]
[m[36m<TIMESTAMP>,589 [DEBUG] [main] com.armedia.acm.userinterface.angular.AngularResourceCopier - Copying [<HOME>/.arkcase/tmp/node_modules/core-js/fn/string/pad-end.js] to [<HOME>/.arkcase/custom/node_modules/core-js/fn/string/pad-end.js]
[m[36m<TIMESTAMP>,589 [DEBUG] [main] com.armedia.acm.userinterface.angular.AngularResourceCopier - Copying [<HOME>/.arkcase/tmp/node_modules/core-js/fn/string/unescape-html.js] to [<HOME>/.arkcase/custom/node_modules/core-js/fn/string/unescape-html.js]
[m[36m<TIMESTAMP>,589 [DEBUG] [main] com.armedia.acm.userinterface.angular.AngularResourceCopier - Copying [<HOME>/.arkcase/tmp/node_modules/core-js/fn/string/bold.js] to [<HOME>/.arkcase/custom/node_modules/core-js/fn/string/bold.js]
[m[36m<TIMESTAMP>,589 [DEBUG] [main] com.armedia.acm.userinterface.angular.AngularResourceCopier - Copying [<HOME>/.arkcase/tmp/node_modules/core-js/fn/string/big.js] to [<HOME>/.arkcase/custom/node_modules/core-js/fn/string/big.js]
[m[36m<TIMESTAMP>,589 [DEBUG] [main] com.armedia.acm.userinterface.angular.AngularResourceCopier - Copying [<HOME>/.arkcase/tmp/node_modules/core-js/fn/string/includes.js] to [<HOME>/.arkcase/custom/node_modules/core-js/fn/string/includes.js]
[m[36m<TIMESTAMP>,590 [DEBUG] [main] com.armedia.acm.userinterface.angular.AngularResourceCopier - Copying [<HOME>/.arkcase/tmp/node_modules/core-js/fn/string/trim-left.js] to [<HOME>/.arkcase/custom/node_modules/core-js/fn/string/trim-left.js]
[m[36m<TIMESTAMP>,590 [DEBUG] [main] com.armedia.acm.userinterface.angular.AngularResourceCopier - Copying [<HOME>/.arkcase/tmp/node_modules/core-js/fn/string/starts-with.js] to [<HOME>/.arkcase/custom/node_modules/core-js/fn/string/starts-with.js]
[m[36m<TIMESTAMP>,590 [DEBUG] [main] com.armedia.acm.userinterface.angular.AngularResourceCopier - Copying [<HOME>/.arkcase/tmp/node_modules/core-js/fn/string/ends-with.js] to [<HOME>/.arkcase/custom/node_modules/core-js/fn/string/ends-with.js]
[m[36m<TIMESTAMP>,590 [DEBUG] [main] com.armedia.acm.userinterface.angular.AngularResourceCopier - Copying [<HOME>/.arkcase/tmp/node_modules/core-js/fn/string/match-all.js] to [<HOME>/.arkcase/custom/node_modules/core-js/fn/string/match-all.js]
[m[36m<TIMESTAMP>,590 [DEBUG] [main] com.armedia.acm.userinterface.angular.AngularResourceCopier - Copying [<HOME>/.arkcase/tmp/node_modules/core-js/fn/string/virtual/trim-start.js] to [<HOME>/.arkcase/custom/node_modules/core-js/fn/string/virtual/trim-start.js]
[m[36m<TIMESTAMP>,590 [DEBUG] [main] com.armedia.acm.userinterface.angular.AngularResourceCopier - Copying [<HOME>/.arkcase/tmp/node_modules/core-js/fn/string/virtual/small.js] to [<HOME>/.arkcase/custom/node_modules/core-js/fn/string/virtual/small.js]
[m[36m<TIMESTAMP>,590 [DEBUG] [main] com.armedia.acm.userinterface.angular.AngularResourceCopier - Copying [<HOME>/.arkcase/tmp/node_modules/core-js/fn/string/virtual/index.js] to [<HOME>/.arkcase/custom/node_modules/core-js/fn/string/virtual/index.js]
[m[36m<TIMESTAMP>,591 [DEBUG] [main] com.armedia.acm.userinterface.angular.AngularResourceCopier - Copying [<HOME>/.arkcase/tmp/node_modules/core-js/fn/string/virtual/trim-end.js] to [<HOME>/.arkcase/custom/node_modules/core-js/fn/string/virtual/trim-end.js]
[m[36m<TIMESTAMP>,591 [DEBUG] [main] com.armedia.acm.userinterface.angular.AngularResourceCopier - Copying [<HOME>/.arkcase/tmp/node_modules/core-js/fn/string/virtual/strike.js] to [<HOME>/.arkcase/custom/node_modules/core-js/fn/string/virtual/strike.js]
[m[36m<TIMESTAMP>,591 [DEBUG] [main] com.armedia.acm.userinterface.angular.AngularResourceCopier - Copying [<HOME>/.arkcase/tmp/node_modules/core-js/fn/string/virtual/sub.js] to [<HOME>/.arkcase/custom/node_modules/core-js/fn/string/virtual/sub.js]
[m[36m<TIMESTAMP>,591 [DEBUG] [main] com.armedia.acm.userinterface.angular.AngularResourceCopier - Copying [<HOME>/.arkcase/tmp/node_modules/core-js/fn/string/virtual/trim-right.js] to [<HOME>/.arkcase/custom/node_modules/core-js/fn/string/virtual/trim-right.js]
[m[36m<TIMESTAMP>,591 [DEBUG] [main] com.armedia.acm.userinterface.angular.AngularResourceCopier - Copying [<HOME>/.arkcase/tmp/node_modules/core-js/fn/string/virtual/italics.js] to [<HOME>/.arkcase/custom/node_modules/core-js/fn/string/virtual/italics.js]
[m[36m<TIMESTAMP>,591 [DEBUG] [main] com.armedia.acm.userinterface.angular.AngularResourceCopier - Copying [<HOME>/.arkcase/tmp/node_modules/core-js/fn/string/virtual/at.js] to [<HOME>/.arkcase/custom/node_modules/core-js/fn/string/virtual/at.js]
[m[36m<TIMESTAMP>,591 [DEBUG] [main] com.armedia.acm.userinterface.angular.AngularResourceCopier - Copying [<HOME>/.arkcase/tmp/node_modules/core-js/fn/string/virtual/trim.js] to [<HOME>/.arkcase/custom/node_modules/core-js/fn/string/virtual/trim.js]
[m[36m<TIMESTAMP>,591 [DEBUG] [main] com.armedia.acm.userinterface.angular.AngularResourceCopier - Copying [<HOME>/.arkcase/tmp/node_modules/core-js/fn/string/virtual/link.js] to [<HOME>/.arkcase/custom/node_modules/core-js/fn/string/virtual/link.js]
[m[36m<TIMESTAMP>,592 [DEBUG] [main] com.armedia.acm.userinterface.angular.AngularResourceCopier - Copying [<HOME>/.arkcase/tmp/node_modules/core-js/fn/string/virtual/fontcolor.js] to [<HOME>/.arkcase/custom/node_modules/core-js/fn/string/virtual/fontcolor.js]
[m[36m<TIMESTAMP>,592 [DEBUG] [main] com.armedia.acm.userinterface.angular.AngularResourceCopier - Copying [<HOME>/.arkcase/tmp/node_modules/core-js/fn/string/virtual/fontsize.js] to [<HOME>/.arkcase/custom/node_modules/core-js/fn/string/virtual/fontsize.js]
[m[36m<TIMESTAMP>,592 [DEBUG] [main] com.armedia.acm.userinterface.angular.AngularResourceCopier - Copying [<HOME>/.arkcase/tmp/node_modules/core-js/fn/string/virtual/anchor.js] to [<HOME>/.arkcase/custom/node_modules/core-js/fn/string/virtual/anchor.js]
[m[36m<TIMESTAMP>,592 [DEBUG] [main] com.armedia.acm.userinterface.angular.AngularResourceCopier - Copying [<HOME>/.arkcase/tmp/node_modules/core-js/fn/string/virtual/repeat.js] to [<HOME>/.arkcase/custom/node_modules/core-js/fn/string/virtual/repeat.js]
[m[36m<TIMESTAMP>,592 [DEBUG] [main] com.armedia.acm.userinterface.angular.AngularResourceCopier - Copying [<HOME>/.arkcase/tmp/node_modules/core-js/fn/string/virtual/fixed.js] to [<HOME>/.arkcase/custom/node_modules/core-js/fn/string/virtual/fixed.js]
[m[36m<TIMESTAMP>,592 [DEBUG] [main] com.armedia.acm.userinterface.angular.AngularResourceCopier - Copying [<HOME>/.arkcase/tmp/node_modules/core-js/fn/string/virtual/pad-end.js] to [<HOME>/.arkcase/custom/node_modules/core-js/fn/string/virtual/pad-end.js]
[m[36m<TIMESTAMP>,592 [DEBUG] [main] com.armedia.acm.userinterface.angular.AngularResourceCopier - Copying [<HOME>/.arkcase/tmp/node_modules/core-js/fn/string/virtual/unescape-html.js] to [<HOME>/.arkcase/custom/node_modules/core-js/fn/string/virtual/unescape-html.js]
[m[36m<TIMESTAMP>,593 [DEBUG] [main] com.armedia.acm.userinterface.angular.AngularResourceCopier - Copying [<HOME>/.arkcase/tmp/node_modules/core-js/fn/string/virtual/bold.js] to [<HOME>/.arkcase/custom/node_modules/core-js/fn/string/virtual/bold.js]
[m[36m<TIMESTAMP>,593 [DEBUG] [main] com.armedia.acm.userinterface.angular.AngularResourceCopier - Copying [<HOME>/.arkcase/tmp/node_modules/core-js/fn/string/virtual/big.js] to [<HOME>/.arkcase/custom/node_modules/core-js/fn/string/virtual/big.js]
[m[36m<TIMESTAMP>,614 [DEBUG] [main] com.armedia.acm.userinterface.angular.AngularResourceCopier - Copying [<HOME>/.arkcase/tmp/node_modules/core-js/fn/string/virtual/includes.js] to [<HOME>/.arkcase/custom/node_modules/core-js/fn/string/virtual/includes.js]
[m[36m<TIMESTAMP>,614 [DEBUG] [main] com.armedia.acm.userinterface.angular.AngularResourceCopier - Copying [<HOME>/.arkcase/tmp/node_modules/core-js/fn/string/virtual/trim-left.js] to [<HOME>/.arkcase/custom/node_modules/core-js/fn/string/virtual/trim-left.js]
[m[36m<TIMESTAMP>,614 [DEBUG] [main] com.armedia.acm.userinterface.angular.AngularResourceCopier - Copying [<HOME>/.arkcase/tmp/node_modules/core-js/fn/string/virtual/starts-with.js] to [<HOME>/.arkcase/custom/node_modules/core-js/fn/string/virtual/starts-with.js]
[m[36m<TIMESTAMP>,614 [DEBUG] [main] com.armedia.acm.userinterface.angular.AngularResourceCopier - Copying [<HOME>/.arkcase/tmp/node_modules/core-js/fn/string/virtual/ends-with.js] to [<HOME>/.arkcase/custom/node_modules/core-js/fn/string/virtual/ends-with.js]
[m[36m<TIMESTAMP>,614 [DEBUG] [main] com.armedia.acm.userinterface.angular.AngularResourceCopier - Copying [<HOME>/.arkcase/tmp/node_modules/core-js/fn/string/virtual/match-all.js] to [<HOME>/.arkcase/custom/node_modules/core-js/fn/string/virtual/match-all.js]
[m[36m<TIMESTAMP>,614 [DEBUG] [main] com.armedia.acm.userinterface.angular.AngularResourceCopier - Copying [<HOME>/.arkcase/tmp/node_modules/core-js/fn/string/virtual/iterator.js] to [<HOME>/.arkcase/custom/node_modules/core-js/fn/string/virtual/iterator.js]
[m[36m<TIMESTAMP>,615 [DEBUG] [main] com.armedia.acm.userinterface.angular.AngularResourceCopier - Copying [<HOME>/.arkcase/tmp/node_modules/core-js/fn/string/virtual/sup.js] to [<HOME>/.arkcase/custom/node_modules/core-js/fn/string/virtual/sup.js]
[m[36m<TIMESTAMP>,650 [DEBUG] [main] com.armedia.acm.userinterface.angular.AngularResourceCopier - Copying [<HOME>/.arkcase/tmp/node_modules/core-js/fn/string/virtual/pad-start.js] to [<HOME>/.arkcase/custom/node_modules/core-js/fn/string/virtual/pad-start.js]
[m[36m<TIMESTAMP>,651 [DEBUG] [main] com.armedia.acm.userinterface.angular.AngularResourceCopier - Copying [<HOME>/.arkcase/tmp/node_modules/core-js/fn/string/virtual/code-point-at.js] to [<HOME>/.arkcase/custom/node_modules/core-js/fn/string/virtual/code-point-at.js]
[m[36m<TIMESTAMP>,651 [DEBUG] [main] com.armedia.acm.userinterface.angular.AngularResourceCopier - Copying [<HOME>/.arkcase/tmp/node_modules/core-js/fn/string/virtual/escape-html.js] to [<HOME>/.arkcase/custom/node_modules/core-js/fn/string/virtual/escape-html.js]
[m[36m<TIMESTAMP>,651 [DEBUG] [main] com.armedia.acm.userinterface.angular.AngularResourceCopier - Copying [<HOME>/.arkcase/tmp/node_modules/core-js/fn/string/virtual/blink.js] to [<HOME>/.arkcase/custom/node_modules/core-js/fn/string/virtual/blink.js]
[m[36m<TIMESTAMP>,651 [DEBUG] [main] com.armedia.acm.userinterface.angular.AngularResourceCopier - Copying [<HOME>/.arkcase/tmp/node_modules/core-js/fn/string/iterator.js] to [<HOME>/.arkcase/custom/node_modules/core-js/fn/string/iterator.js]
[m[36m<TIMESTAMP>,652 [DEBUG] [main] com.armedia.acm.userinterface.angular.AngularResourceCopier - Copying [<HOME>/.arkcase/tmp/node_modules/core-js/fn/string/sup.js] to [<HOME>/.arkcase/custom/node_modules/core-js/fn/string/sup.js]
[m[36m<TIMESTAMP>,653 [DEBUG] [main] com.armedia.acm.userinterface.angular.AngularResourceCopier - Copying [<HOME>/.arkcase/tmp/node_modules/core-js/fn/string/pad-start.js] to [<HOME>/.arkcase/custom/node_modules/core-js/fn/string/pad-start.js]
[m[36m<TIMESTAMP>,653 [DEBUG] [main] com.armedia.acm.userinterface.angular.AngularResourceCopier - Copying [<HOME>/.arkcase/tmp/node_modules/core-js/fn/string/code-point-at.js] to [<HOME>/.arkcase/custom/node_modules/core-js/fn/string/code-point-at.js]
[m[36m<TIMESTAMP>,654 [DEBUG] [main] com.armedia.acm.userinterface.angular.AngularResourceCopier - Copying [<HOME>/.arkcase/tmp/node_modules/core-js/fn/string/escape-html.js] to [<HOME>/.arkcase/custom/node_modules/core-js/fn/string/escape-html.js]
[m[36m<TIMESTAMP>,654 [DEBUG] [main] com.armedia.acm.userinterface.angular.AngularResourceCopier - Copying [<HOME>/.arkcase/tmp/node_modules/core-js/fn/string/blink.js] to [<HOME>/.arkcase/custom/node_modules/core-js/fn/string/blink.js]
[m[36m<TIMESTAMP>,654 [DEBUG] [main] com.armedia.acm.userinterface.angular.AngularResourceCopier - Copying [<HOME>/.arkcase/tmp/node_modules/core-js/fn/promise/index.js] to [<HOME>/.arkcase/custom/node_modules/core-js/fn/promise/index.js]
[m[36m<TIMESTAMP>,654 [DEBUG] [main] com.armedia.acm.userinterface.angular.AngularResourceCopier - Copying [<HOME>/.arkcase/tmp/node_modules/core-js/fn/promise/finally.js] to [<HOME>/.arkcase/custom/node_modules/core-js/fn/promise/finally.js]
[m[36m<TIMESTAMP>,654 [DEBUG] [main] com.armedia.acm.userinterface.angular.AngularResourceCopier - Copying [<HOME>/.arkcase/tmp/node_modules/core-js/fn/promise/try.js] to [<HOME>/.arkcase/custom/node_modules/core-js/fn/promise/try.js]
[m[36m<TIMESTAMP>,654 [DEBUG] [main] com.armedia.acm.userinterface.angular.AngularResourceCopier - Copying [<HOME>/.arkcase/tmp/node_modules/core-js/fn/typed/data-view.js] to [<HOME>/.arkcase/custom/node_modules/core-js/fn/typed/data-view.js]
[m[36m<TIMESTAMP>,654 [DEBUG] [main] com.armedia.acm.userinterface.angular.AngularResourceCopier - Copying [<HOME>/.arkcase/tmp/node_modules/core-js/fn/typed/index.js] to [<HOME>/.arkcase/custom/node_modules/core-js/fn/typed/index.js]
[m[36m<TIMESTAMP>,654 [DEBUG] [main] com.armedia.acm.userinterface.angular.AngularResourceCopier - Copying [<HOME>/.arkcase/tmp/node_modules/core-js/fn/typed/int16-array.js] to [<HOME>/.arkcase/custom/node_modules/core-js/fn/typed/int16-array.js]
[m[36m<TIMESTAMP>,654 [DEBUG] [main] com.armedia.acm.userinterface.angular.AngularResourceCopier - Copying [<HOME>/.arkcase/tmp/node_modules/core-js/fn/typed/array-buffer.js] to [<HOME>/.arkcase/custom/node_modules/core-js/fn/typed/array-buffer.js]
[m[36m<TIMESTAMP>,655 [DEBUG] [main] com.armedia.acm.userinterface.angular.AngularResourceCopier - Copying [<HOME>/.arkcase/tmp/node_modules/core-js/fn/typed/int32-array.js] to [<HOME>/.arkcase/custom/node_modules/core-js/fn/typed/int32-array.js]
[m[36m<TIMESTAMP>,661 [DEBUG] [main] com.armedia.acm.userinterface.angular.AngularResourceCopier - Copying [<HOME>/.arkcase/tmp/node_modules/core-js/fn/typed/float32-array.js] to [<HOME>/.arkcase/custom/node_modules/core-js/fn/typed/float32-array.js]
[m[36m<TIMESTAMP>,661 [DEBUG] [main] com.armedia.acm.userinterface.angular.AngularResourceCopier - Copying [<HOME>/.arkcase/tmp/node_modules/core-js/fn/typed/int8-array.js] to [<HOME>/.arkcase/custom/node_modules/core-js/fn/typed/int8-array.js]
[m[36m<TIMESTAMP>,661 [DEBUG] [main] com.armedia.acm.userinterface.angular.AngularResourceCopier - Copying [<HOME>/.arkcase/tmp/node_modules/core-js/fn/typed/uint8-clamped-array.js] to [<HOME>/.arkcase/custom/node_modules/core-js/fn/typed/uint8-clamped-array.js]
[m[36m<TIMESTAMP>,661 [DEBUG] [main] com.armedia.acm.userinterface.angular.AngularResourceCopier - Copying [<HOME>/.arkcase/tmp/node_modules/core-js/fn/typed/uint32-array.js] to [<HOME>/.arkcase/custom/node_modules/core-js/fn/typed/uint32-array.js]
[m[36m<TIMESTAMP>,662 [DEBUG] [main] com.armedia.acm.userinterface.angular.AngularResourceCopier - Copying [<HOME>/.arkcase/tmp/node_modules/core-js/fn/typed/float64-array.js] to [<HOME>/.arkcase/custom/node_modules/core-js/fn/typed/float64-array.js]
[m[36m<TIMESTAMP>,662 [DEBUG] [main] com.armedia.acm.userinterface.angular.AngularResourceCopier - Copying [<HOME>/.arkcase/tmp/node_modules/core-js/fn/typed/uint16-array.js] to [<HOME>/.arkcase/custom/node_modules/core-js/fn/typed/uint16-array.js]
[m[36m<TIMESTAMP>,662 [DEBUG] [main] com.armedia.acm.userinterface.angular.AngularResourceCopier - Copying [<HOME>/.arkcase/tmp/node_modules/core-js/fn/typed/uint8-array.js] to [<HOME>/.arkcase/custom/node_modules/core-js/fn/typed/uint8-array.js]
[m[36m<TIMESTAMP>,662 [DEBUG] [main] com.armedia.acm.userinterface.angular.AngularResourceCopier - Copying [<HOME>/.arkcase/tmp/node_modules/core-js/fn/parse-float.js] to [<HOME>/.arkcase/custom/node_modules/core-js/fn/parse-float.js]
[m[36m<TIMESTAMP>,662 [DEBUG] [main] com.armedia.acm.userinterface.angular.AngularResourceCopier - Copying [<HOME>/.arkcase/tmp/node_modules/core-js/fn/symbol/index.js] to [<HOME>/.arkcase/custom/node_modules/core-js/fn/symbol/index.js]
[m[36m<TIMESTAMP>,662 [DEBUG] [main] com.armedia.acm.userinterface.angular.AngularResourceCopier - Copying [<HOME>/.arkcase/tmp/node_modules/core-js/fn/symbol/observable.js] to [<HOME>/.arkcase/custom/node_modules/core-js/fn/symbol/observable.js]
[m[36m<TIMESTAMP>,662 [DEBUG] [main] com.armedia.acm.userinterface.angular.AngularResourceCopier - Copying [<HOME>/.arkcase/tmp/node_modules/core-js/fn/symbol/search.js] to [<HOME>/.arkcase/custom/node_modules/core-js/fn/symbol/search.js]
[m[36m<TIMESTAMP>,662 [DEBUG] [main] com.armedia.acm.userinterface.angular.AngularResourceCopier - Copying [<HOME>/.arkcase/tmp/node_modules/core-js/fn/symbol/to-string-tag.js] to [<HOME>/.arkcase/custom/node_modules/core-js/fn/symbol/to-string-tag.js]
[m[36m<TIMESTAMP>,662 [DEBUG] [main] com.armedia.acm.userinterface.angular.AngularResourceCopier - Copying [<HOME>/.arkcase/tmp/node_modules/core-js/fn/symbol/split.js] to [<HOME>/.arkcase/custom/node_modules/core-js/fn/symbol/split.js]
[m[36m<TIMESTAMP>,663 [DEBUG] [main] com.armedia.acm.userinterface.angular.AngularResourceCopier - Copying [<HOME>/.arkcase/tmp/node_modules/core-js/fn/symbol/unscopables.js] to [<HOME>/.arkcase/custom/node_modules/core-js/fn/symbol/unscopables.js]
[m[36m<TIMESTAMP>,663 [DEBUG] [main] com.armedia.acm.userinterface.angular.AngularResourceCopier - Copying [<HOME>/.arkcase/tmp/node_modules/core-js/fn/symbol/match.js] to [<HOME>/.arkcase/custom/node_modules/core-js/fn/symbol/match.js]
[m[36m<TIMESTAMP>,663 [DEBUG] [main] com.armedia.acm.userinterface.angular.AngularResourceCopier - Copying [<HOME>/.arkcase/tmp/node_modules/core-js/fn/symbol/async-iterator.js] to [<HOME>/.arkcase/custom/node_modules/core-js/fn/symbol/async-iterator.js]
[m[36m<TIMESTAMP>,663 [DEBUG] [main] com.armedia.acm.userinterface.angular.AngularResourceCopier - Copying [<HOME>/.arkcase/tmp/node_modules/core-js/fn/symbol/has-instance.js] to [<HOME>/.arkcase/custom/node_modules/core-js/fn/symbol/has-instance.js]
[m[36m<TIMESTAMP>,663 [DEBUG] [main] com.armedia.acm.userinterface.angular.AngularResourceCopier - Copying [<HOME>/.arkcase/tmp/node_modules/core-js/fn/symbol/species.js] to [<HOME>/.arkcase/custom/node_modules/core-js/fn/symbol/species.js]
[m[36m<TIMESTAMP>,663 [DEBUG] [main] com.armedia.acm.userinterface.angular.AngularResourceCopier - Copying [<HOME>/.arkcase/tmp/node_modules/core-js/fn/symbol/iterator.js] to [<HOME>/.arkcase/custom/node_modules/core-js/fn/symbol/iterator.js]
[m[36m<TIMESTAMP>,663 [DEBUG] [main] com.armedia.acm.userinterface.angular.AngularResourceCopier - Copying [<HOME>/.arkcase/tmp/node_modules/core-js/fn/symbol/to-primitive.js] to [<HOME>/.arkcase/custom/node_modules/core-js/fn/symbol/to-primitive.js]
[m[36m<TIMESTAMP>,663 [DEBUG] [main] com.armedia.acm.userinterface.angular.AngularResourceCopier - Copying [<HOME>/.arkcase/tmp/node_modules/core-js/fn/symbol/replace.js] to [<HOME>/.arkcase/custom/node_modules/core-js/fn/symbol/replace.js]
[m[36m<TIMESTAMP>,664 [DEBUG] [main] com.armedia.acm.userinterface.angular.AngularResourceCopier - Copying [<HOME>/.arkcase/tmp/node_modules/core-js/fn/symbol/key-for.js] to [<HOME>/.arkcase/custom/node_modules/core-js/fn/symbol/key-for.js]
[m[36m<TIMESTAMP>,664 [DEBUG] [main] com.armedia.acm.userinterface.angular.AngularResourceCopier - Copying [<HOME>/.arkcase/tmp/node_modules/core-js/fn/symbol/is-concat-spreadable.js] to [<HOME>/.arkcase/custom/node_modules/core-js/fn/symbol/is-concat-spreadable.js]
[m[36m<TIMESTAMP>,664 [DEBUG] [main] com.armedia.acm.userinterface.angular.AngularResourceCopier - Copying [<HOME>/.arkcase/tmp/node_modules/core-js/fn/symbol/for.js] to [<HOME>/.arkcase/custom/node_modules/core-js/fn/symbol/for.js]
[m[36m<TIMESTAMP>,664 [DEBUG] [main] com.armedia.acm.userinterface.angular.AngularResourceCopier - Copying [<HOME>/.arkcase/tmp/node_modules/core-js/fn/is-iterable.js] to [<HOME>/.arkcase/custom/node_modules/core-js/fn/is-iterable.js]
[m[36m<TIMESTAMP>,664 [DEBUG] [main] com.armedia.acm.userinterface.angular.AngularResourceCopier - Copying [<HOME>/.arkcase/tmp/node_modules/core-js/fn/get-iterator.js] to [<HOME>/.arkcase/custom/node_modules/core-js/fn/get-iterator.js]
[m[36m<TIMESTAMP>,664 [DEBUG] [main] com.armedia.acm.userinterface.angular.AngularResourceCopier - Copying [<HOME>/.arkcase/tmp/node_modules/core-js/fn/weak-map.js] to [<HOME>/.arkcase/custom/node_modules/core-js/fn/weak-map.js]
[m[36m<TIMESTAMP>,664 [DEBUG] [main] com.armedia.acm.userinterface.angular.AngularResourceCopier - Copying [<HOME>/.arkcase/tmp/node_modules/core-js/fn/math/trunc.js] to [<HOME>/.arkcase/custom/node_modules/core-js/fn/math/trunc.js]
[m[36m<TIMESTAMP>,664 [DEBUG] [main] com.armedia.acm.userinterface.angular.AngularResourceCopier - Copying [<HOME>/.arkcase/tmp/node_modules/core-js/fn/math/index.js] to [<HOME>/.arkcase/custom/node_modules/core-js/fn/math/index.js]
[m[36m<TIMESTAMP>,664 [DEBUG] [main] com.armedia.acm.userinterface.angular.AngularResourceCopier - Copying [<HOME>/.arkcase/tmp/node_modules/core-js/fn/math/atanh.js] to [<HOME>/.arkcase/custom/node_modules/core-js/fn/math/atanh.js]
[m[36m<TIMESTAMP>,665 [DEBUG] [main] com.armedia.acm.userinterface.angular.AngularResourceCopier - Copying [<HOME>/.arkcase/tmp/node_modules/core-js/fn/math/scale.js] to [<HOME>/.arkcase/custom/node_modules/core-js/fn/math/scale.js]
[m[36m<TIMESTAMP>,665 [DEBUG] [main] com.armedia.acm.userinterface.angular.AngularResourceCopier - Copying [<HOME>/.arkcase/tmp/node_modules/core-js/fn/math/tanh.js] to [<HOME>/.arkcase/custom/node_modules/core-js/fn/math/tanh.js]
[m[36m<TIMESTAMP>,665 [DEBUG] [main] com.armedia.acm.userinterface.angular.AngularResourceCopier - Copying [<HOME>/.arkcase/tmp/node_modules/core-js/fn/math/rad-per-deg.js] to [<HOME>/.arkcase/custom/node_modules/core-js/fn/math/rad-per-deg.js]
[m[36m<TIMESTAMP>,665 [DEBUG] [main] com.armedia.acm.userinterface.angular.AngularResourceCopier - Copying [<HOME>/.arkcase/tmp/node_modules/core-js/fn/math/cbrt.js] to [<HOME>/.arkcase/custom/node_modules/core-js/fn/math/cbrt.js]
[m[36m<TIMESTAMP>,665 [DEBUG] [main] com.armedia.acm.userinterface.angular.AngularResourceCopier - Copying [<HOME>/.arkcase/tmp/node_modules/core-js/fn/math/cosh.js] to [<HOME>/.arkcase/custom/node_modules/core-js/fn/math/cosh.js]
[m[36m<TIMESTAMP>,667 [DEBUG] [main] com.armedia.acm.userinterface.angular.AngularResourceCopier - Copying [<HOME>/.arkcase/tmp/node_modules/core-js/fn/math/acosh.js] to [<HOME>/.arkcase/custom/node_modules/core-js/fn/math/acosh.js]
[m[36m<TIMESTAMP>,667 [DEBUG] [main] com.armedia.acm.userinterface.angular.AngularResourceCopier - Copying [<HOME>/.arkcase/tmp/node_modules/core-js/fn/math/clamp.js] to [<HOME>/.arkcase/custom/node_modules/core-js/fn/math/clamp.js]
[m[36m<TIMESTAMP>,667 [DEBUG] [main] com.armedia.acm.userinterface.angular.AngularResourceCopier - Copying [<HOME>/.arkcase/tmp/node_modules/core-js/fn/math/log2.js] to [<HOME>/.arkcase/custom/node_modules/core-js/fn/math/log2.js]
[m[36m<TIMESTAMP>,667 [DEBUG] [main] com.armedia.acm.userinterface.angular.AngularResourceCopier - Copying [<HOME>/.arkcase/tmp/node_modules/core-js/fn/math/asinh.js] to [<HOME>/.arkcase/custom/node_modules/core-js/fn/math/asinh.js]
[m[36m<TIMESTAMP>,667 [DEBUG] [main] com.armedia.acm.userinterface.angular.AngularResourceCopier - Copying [<HOME>/.arkcase/tmp/node_modules/core-js/fn/math/radians.js] to [<HOME>/.arkcase/custom/node_modules/core-js/fn/math/radians.js]
[m[36m<TIMESTAMP>,667 [DEBUG] [main] com.armedia.acm.userinterface.angular.AngularResourceCopier - Copying [<HOME>/.arkcase/tmp/node_modules/core-js/fn/math/fround.js] to [<HOME>/.arkcase/custom/node_modules/core-js/fn/math/fround.js]
[m[36m<TIMESTAMP>,667 [DEBUG] [main] com.armedia.acm.userinterface.angular.AngularResourceCopier - Copying [<HOME>/.arkcase/tmp/node_modules/core-js/fn/math/iaddh.js] to [<HOME>/.arkcase/custom/node_modules/core-js/fn/math/iaddh.js]
[m[36m<TIMESTAMP>,668 [DEBUG] [main] com.armedia.acm.userinterface.angular.AngularResourceCopier - Copying [<HOME>/.arkcase/tmp/node_modules/core-js/fn/math/clz32.js] to [<HOME>/.arkcase/custom/node_modules/core-js/fn/math/clz32.js]
[m[36m<TIMESTAMP>,668 [DEBUG] [main] com.armedia.acm.userinterface.angular.AngularResourceCopier - Copying [<HOME>/.arkcase/tmp/node_modules/core-js/fn/math/degrees.js] to [<HOME>/.arkcase/custom/node_modules/core-js/fn/math/degrees.js]
[m[36m<TIMESTAMP>,668 [DEBUG] [main] com.armedia.acm.userinterface.angular.AngularResourceCopier - Copying [<HOME>/.arkcase/tmp/node_modules/core-js/fn/math/imul.js] to [<HOME>/.arkcase/custom/node_modules/core-js/fn/math/imul.js]
[m[36m<TIMESTAMP>,668 [DEBUG] [main] com.armedia.acm.userinterface.angular.AngularResourceCopier - Copying [<HOME>/.arkcase/tmp/node_modules/core-js/fn/math/fscale.js] to [<HOME>/.arkcase/custom/node_modules/core-js/fn/math/fscale.js]
[m[36m<TIMESTAMP>,668 [DEBUG] [main] com.armedia.acm.userinterface.angular.AngularResourceCopier - Copying [<HOME>/.arkcase/tmp/node_modules/core-js/fn/math/log1p.js] to [<HOME>/.arkcase/custom/node_modules/core-js/fn/math/log1p.js]
[m[36m<TIMESTAMP>,668 [DEBUG] [main] com.armedia.acm.userinterface.angular.AngularResourceCopier - Copying [<HOME>/.arkcase/tmp/node_modules/core-js/fn/math/sign.js] to [<HOME>/.arkcase/custom/node_modules/core-js/fn/math/sign.js]
[m[36m<TIMESTAMP>,668 [DEBUG] [main] com.armedia.acm.userinterface.angular.AngularResourceCopier - Copying [<HOME>/.arkcase/tmp/node_modules/core-js/fn/math/imulh.js] to [<HOME>/.arkcase/custom/node_modules/core-js/fn/math/imulh.js]
[m[36m<TIMESTAMP>,668 [DEBUG] [main] com.armedia.acm.userinterface.angular.AngularResourceCopier - Copying [<HOME>/.arkcase/tmp/node_modules/core-js/fn/math/hypot.js] to [<HOME>/.arkcase/custom/node_modules/core-js/fn/math/hypot.js]
[m[36m<TIMESTAMP>,669 [DEBUG] [main] com.armedia.acm.userinterface.angular.AngularResourceCopier - Copying [<HOME>/.arkcase/tmp/node_modules/core-js/fn/math/expm1.js] to [<HOME>/.arkcase/custom/node_modules/core-js/fn/math/expm1.js]
[m[36m<TIMESTAMP>,669 [DEBUG] [main] com.armedia.acm.userinterface.angular.AngularResourceCopier - Copying [<HOME>/.arkcase/tmp/node_modules/core-js/fn/math/log10.js] to [<HOME>/.arkcase/custom/node_modules/core-js/fn/math/log10.js]
[m[36m<TIMESTAMP>,669 [DEBUG] [main] com.armedia.acm.userinterface.angular.AngularResourceCopier - Copying [<HOME>/.arkcase/tmp/node_modules/core-js/fn/math/umulh.js] to [<HOME>/.arkcase/custom/node_modules/core-js/fn/math/umulh.js]
[m[36m<TIMESTAMP>,669 [DEBUG] [main] com.armedia.acm.userinterface.angular.AngularResourceCopier - Copying [<HOME>/.arkcase/tmp/node_modules/core-js/fn/math/deg-per-rad.js] to [<HOME>/.arkcase/custom/node_modules/core-js/fn/math/deg-per-rad.js]
[m[36m<TIMESTAMP>,669 [DEBUG] [main] com.armedia.acm.userinterface.angular.AngularResourceCopier - Copying [<HOME>/.arkcase/tmp/node_modules/core-js/fn/math/sinh.js] to [<HOME>/.arkcase/custom/node_modules/core-js/fn/math/sinh.js]
[m[36m<TIMESTAMP>,669 [DEBUG] [main] com.armedia.acm.userinterface.angular.AngularResourceCopier - Copying [<HOME>/.arkcase/tmp/node_modules/core-js/fn/math/isubh.js] to [<HOME>/.arkcase/custom/node_modules/core-js/fn/math/isubh.js]
[m[36m<TIMESTAMP>,670 [DEBUG] [main] com.armedia.acm.userinterface.angular.AngularResourceCopier - Copying [<HOME>/.arkcase/tmp/node_modules/core-js/fn/math/signbit.js] to [<HOME>/.arkcase/custom/node_modules/core-js/fn/math/signbit.js]
[m[36m<TIMESTAMP>,670 [DEBUG] [main] com.armedia.acm.userinterface.angular.AngularResourceCopier - Copying [<HOME>/.arkcase/tmp/node_modules/core-js/fn/set/index.js] to [<HOME>/.arkcase/custom/node_modules/core-js/fn/set/index.js]
[m[36m<TIMESTAMP>,670 [DEBUG] [main] com.armedia.acm.userinterface.angular.AngularResourceCopier - Copying [<HOME>/.arkcase/tmp/node_modules/core-js/fn/set/of.js] to [<HOME>/.arkcase/custom/node_modules/core-js/fn/set/of.js]
[m[36m<TIMESTAMP>,670 [DEBUG] [main] com.armedia.acm.userinterface.angular.AngularResourceCopier - Copying [<HOME>/.arkcase/tmp/node_modules/core-js/fn/set/from.js] to [<HOME>/.arkcase/custom/node_modules/core-js/fn/set/from.js]
[m[36m<TIMESTAMP>,670 [DEBUG] [main] com.armedia.acm.userinterface.angular.AngularResourceCopier - Copying [<HOME>/.arkcase/tmp/node_modules/core-js/fn/global.js] to [<HOME>/.arkcase/custom/node_modules/core-js/fn/global.js]
[m[36m<TIMESTAMP>,670 [DEBUG] [main] com.armedia.acm.userinterface.angular.AngularResourceCopier - Copying [<HOME>/.arkcase/tmp/node_modules/core-js/fn/set-interval.js] to [<HOME>/.arkcase/custom/node_modules/core-js/fn/set-interval.js]
[m[36m<TIMESTAMP>,670 [DEBUG] [main] com.armedia.acm.userinterface.angular.AngularResourceCopier - Copying [<HOME>/.arkcase/tmp/node_modules/core-js/fn/date/now.js] to [<HOME>/.arkcase/custom/node_modules/core-js/fn/date/now.js]
[m[36m<TIMESTAMP>,670 [DEBUG] [main] com.armedia.acm.userinterface.angular.AngularResourceCopier - Copying [<HOME>/.arkcase/tmp/node_modules/core-js/fn/date/index.js] to [<HOME>/.arkcase/custom/node_modules/core-js/fn/date/index.js]
[m[36m<TIMESTAMP>,671 [DEBUG] [main] com.armedia.acm.userinterface.angular.AngularResourceCopier - Copying [<HOME>/.arkcase/tmp/node_modules/core-js/fn/date/to-string.js] to [<HOME>/.arkcase/custom/node_modules/core-js/fn/date/to-string.js]
[m[36m<TIMESTAMP>,671 [DEBUG] [main] com.armedia.acm.userinterface.angular.AngularResourceCopier - Copying [<HOME>/.arkcase/tmp/node_modules/core-js/fn/date/to-json.js] to [<HOME>/.arkcase/custom/node_modules/core-js/fn/date/to-json.js]
[m[36m<TIMESTAMP>,671 [DEBUG] [main] com.armedia.acm.userinterface.angular.AngularResourceCopier - Copying [<HOME>/.arkcase/tmp/node_modules/core-js/fn/date/to-primitive.js] to [<HOME>/.arkcase/custom/node_modules/core-js/fn/date/to-primitive.js]
[m[36m<TIMESTAMP>,671 [DEBUG] [main] com.armedia.acm.userinterface.angular.AngularResourceCopier - Copying [<HOME>/.arkcase/tmp/node_modules/core-js/fn/date/to-iso-string.js] to [<HOME>/.arkcase/custom/node_modules/core-js/fn/date/to-iso-string.js]
[m[36m<TIMESTAMP>,671 [DEBUG] [main] com.armedia.acm.userinterface.angular.AngularResourceCopier - Copying [<HOME>/.arkcase/tmp/node_modules/core-js/fn/set-timeout.js] to [<HOME>/.arkcase/custom/node_modules/core-js/fn/set-timeout.js]
[m[36m<TIMESTAMP>,671 [DEBUG] [main] com.armedia.acm.userinterface.angular.AngularResourceCopier - Copying [<HOME>/.arkcase/tmp/node_modules/core-js/fn/reflect/get-metadata-keys.js] to [<HOME>/.arkcase/custom/node_modules/core-js/fn/reflect/get-metadata-keys.js]
[m[36m<TIMESTAMP>,671 [DEBUG] [main] com.armedia.acm.userinterface.angular.AngularResourceCopier - Copying [<HOME>/.arkcase/tmp/node_modules/core-js/fn/reflect/get-prototype-of.js] to [<HOME>/.arkcase/custom/node_modules/core-js/fn/reflect/get-prototype-of.js]
[m[36m<TIMESTAMP>,671 [DEBUG] [main] com.armedia.acm.userinterface.angular.AngularResourceCopier - Copying [<HOME>/.arkcase/tmp/node_modules/core-js/fn/reflect/index.js] to [<HOME>/.arkcase/custom/node_modules/core-js/fn/reflect/index.js]
[m[36m<TIMESTAMP>,672 [DEBUG] [main] com.armedia.acm.userinterface.angular.AngularResourceCopier - Copying [<HOME>/.arkcase/tmp/node_modules/core-js/fn/reflect/has.js] to [<HOME>/.arkcase/custom/node_modules/core-js/fn/reflect/has.js]
[m[36m<TIMESTAMP>,672 [DEBUG] [main] com.armedia.acm.userinterface.angular.AngularResourceCopier - Copying [<HOME>/.arkcase/tmp/node_modules/core-js/fn/reflect/get.js] to [<HOME>/.arkcase/custom/node_modules/core-js/fn/reflect/get.js]
[m[36m<TIMESTAMP>,673 [DEBUG] [main] com.armedia.acm.userinterface.angular.AngularResourceCopier - Copying [<HOME>/.arkcase/tmp/node_modules/core-js/fn/reflect/get-own-metadata-keys.js] to [<HOME>/.arkcase/custom/node_modules/core-js/fn/reflect/get-own-metadata-keys.js]
[m[36m<TIMESTAMP>,673 [DEBUG] [main] com.armedia.acm.userinterface.angular.AngularResourceCopier - Copying [<HOME>/.arkcase/tmp/node_modules/core-js/fn/reflect/define-metadata.js] to [<HOME>/.arkcase/custom/node_modules/core-js/fn/reflect/define-metadata.js]
[m[36m<TIMESTAMP>,673 [DEBUG] [main] com.armedia.acm.userinterface.angular.AngularResourceCopier - Copying [<HOME>/.arkcase/tmp/node_modules/core-js/fn/reflect/set-prototype-of.js] to [<HOME>/.arkcase/custom/node_modules/core-js/fn/reflect/set-prototype-of.js]
[m[36m<TIMESTAMP>,674 [DEBUG] [main] com.armedia.acm.userinterface.angular.AngularResourceCopier - Copying [<HOME>/.arkcase/tmp/node_modules/core-js/fn/reflect/own-keys.js] to [<HOME>/.arkcase/custom/node_modules/core-js/fn/reflect/own-keys.js]
[m[36m<TIMESTAMP>,674 [DEBUG] [main] com.armedia.acm.userinterface.angular.AngularResourceCopier - Copying [<HOME>/.arkcase/tmp/node_modules/core-js/fn/reflect/apply.js] to [<HOME>/.arkcase/custom/node_modules/core-js/fn/reflect/apply.js]
[m[36m<TIMESTAMP>,674 [DEBUG] [main] com.armedia.acm.userinterface.angular.AngularResourceCopier - Copying [<HOME>/.arkcase/tmp/node_modules/core-js/fn/reflect/prevent-extensions.js] to [<HOME>/.arkcase/custom/node_modules/core-js/fn/reflect/prevent-extensions.js]
[m[36m<TIMESTAMP>,674 [DEBUG] [main] com.armedia.acm.userinterface.angular.AngularResourceCopier - Copying [<HOME>/.arkcase/tmp/node_modules/core-js/fn/reflect/has-own-metadata.js] to [<HOME>/.arkcase/custom/node_modules/core-js/fn/reflect/has-own-metadata.js]
[m[36m<TIMESTAMP>,675 [DEBUG] [main] com.armedia.acm.userinterface.angular.AngularResourceCopier - Copying [<HOME>/.arkcase/tmp/node_modules/core-js/fn/reflect/has-metadata.js] to [<HOME>/.arkcase/custom/node_modules/core-js/fn/reflect/has-metadata.js]
[m[36m<TIMESTAMP>,675 [DEBUG] [main] com.armedia.acm.userinterface.angular.AngularResourceCopier - Copying [<HOME>/.arkcase/tmp/node_modules/core-js/fn/reflect/delete-property.js] to [<HOME>/.arkcase/custom/node_modules/core-js/fn/reflect/delete-property.js]
[m[36m<TIMESTAMP>,675 [DEBUG] [main] com.armedia.acm.userinterface.angular.AngularResourceCopier - Copying [<HOME>/.arkcase/tmp/node_modules/core-js/fn/reflect/delete-metadata.js] to [<HOME>/.arkcase/custom/node_modules/core-js/fn/reflect/delete-metadata.js]
[m[36m<TIMESTAMP>,675 [DEBUG] [main] com.armedia.acm.userinterface.angular.AngularResourceCopier - Copying [<HOME>/.arkcase/tmp/node_modules/core-js/fn/reflect/get-own-property-descriptor.js] to [<HOME>/.arkcase/custom/node_modules/core-js/fn/reflect/get-own-property-descriptor.js]
[m[36m<TIMESTAMP>,675 [DEBUG] [main] com.armedia.acm.userinterface.angular.AngularResourceCopier - Copying [<HOME>/.arkcase/tmp/node_modules/core-js/fn/reflect/metadata.js] to [<HOME>/.arkcase/custom/node_modules/core-js/fn/reflect/metadata.js]
[m[36m<TIMESTAMP>,675 [DEBUG] [main] com.armedia.acm.userinterface.angular.AngularResourceCopier - Copying [<HOME>/.arkcase/tmp/node_modules/core-js/fn/reflect/construct.js] to [<HOME>/.arkcase/custom/node_modules/core-js/fn/reflect/construct.js]
[m[36m<TIMESTAMP>,677 [DEBUG] [main] com.armedia.acm.userinterface.angular.AngularResourceCopier - Copying [<HOME>/.arkcase/tmp/node_modules/core-js/fn/reflect/enumerate.js] to [<HOME>/.arkcase/custom/node_modules/core-js/fn/reflect/enumerate.js]
[m[36m<TIMESTAMP>,677 [DEBUG] [main] com.armedia.acm.userinterface.angular.AngularResourceCopier - Copying [<HOME>/.arkcase/tmp/node_modules/core-js/fn/reflect/get-metadata.js] to [<HOME>/.arkcase/custom/node_modules/core-js/fn/reflect/get-metadata.js]
[m[36m<TIMESTAMP>,677 [DEBUG] [main] com.armedia.acm.userinterface.angular.AngularResourceCopier - Copying [<HOME>/.arkcase/tmp/node_modules/core-js/fn/reflect/is-extensible.js] to [<HOME>/.arkcase/custom/node_modules/core-js/fn/reflect/is-extensible.js]
[m[36m<TIMESTAMP>,677 [DEBUG] [main] com.armedia.acm.userinterface.angular.AngularResourceCopier - Copying [<HOME>/.arkcase/tmp/node_modules/core-js/fn/reflect/get-own-metadata.js] to [<HOME>/.arkcase/custom/node_modules/core-js/fn/reflect/get-own-metadata.js]
[m[36m<TIMESTAMP>,677 [DEBUG] [main] com.armedia.acm.userinterface.angular.AngularResourceCopier - Copying [<HOME>/.arkcase/tmp/node_modules/core-js/fn/reflect/define-property.js] to [<HOME>/.arkcase/custom/node_modules/core-js/fn/reflect/define-property.js]
[m[36m<TIMESTAMP>,678 [DEBUG] [main] com.armedia.acm.userinterface.angular.AngularResourceCopier - Copying [<HOME>/.arkcase/tmp/node_modules/core-js/fn/reflect/set.js] to [<HOME>/.arkcase/custom/node_modules/core-js/fn/reflect/set.js]
[m[36m<TIMESTAMP>,678 [DEBUG] [main] com.armedia.acm.userinterface.angular.AngularResourceCopier - Copying [<HOME>/.arkcase/tmp/node_modules/core-js/fn/set-immediate.js] to [<HOME>/.arkcase/custom/node_modules/core-js/fn/set-immediate.js]
[m[36m<TIMESTAMP>,678 [DEBUG] [main] com.armedia.acm.userinterface.angular.AngularResourceCopier - Copying [<HOME>/.arkcase/tmp/node_modules/core-js/fn/parse-int.js] to [<HOME>/.arkcase/custom/node_modules/core-js/fn/parse-int.js]
[m[36m<TIMESTAMP>,678 [DEBUG] [main] com.armedia.acm.userinterface.angular.AngularResourceCopier - Copying [<HOME>/.arkcase/tmp/node_modules/core-js/fn/number/index.js] to [<HOME>/.arkcase/custom/node_modules/core-js/fn/number/index.js]
[m[36m<TIMESTAMP>,678 [DEBUG] [main] com.armedia.acm.userinterface.angular.AngularResourceCopier - Copying [<HOME>/.arkcase/tmp/node_modules/core-js/fn/number/min-safe-integer.js] to [<HOME>/.arkcase/custom/node_modules/core-js/fn/number/min-safe-integer.js]
[m[36m<TIMESTAMP>,678 [DEBUG] [main] com.armedia.acm.userinterface.angular.AngularResourceCopier - Copying [<HOME>/.arkcase/tmp/node_modules/core-js/fn/number/parse-float.js] to [<HOME>/.arkcase/custom/node_modules/core-js/fn/number/parse-float.js]
[m[36m<TIMESTAMP>,678 [DEBUG] [main] com.armedia.acm.userinterface.angular.AngularResourceCopier - Copying [<HOME>/.arkcase/tmp/node_modules/core-js/fn/number/parse-int.js] to [<HOME>/.arkcase/custom/node_modules/core-js/fn/number/parse-int.js]
[m[36m<TIMESTAMP>,678 [DEBUG] [main] com.armedia.acm.userinterface.angular.AngularResourceCopier - Copying [<HOME>/.arkcase/tmp/node_modules/core-js/fn/number/to-precision.js] to [<HOME>/.arkcase/custom/node_modules/core-js/fn/number/to-precision.js]
[m[36m<TIMESTAMP>,679 [DEBUG] [main] com.armedia.acm.userinterface.angular.AngularResourceCopier - Copying [<HOME>/.arkcase/tmp/node_modules/core-js/fn/number/virtual/index.js] to [<HOME>/.arkcase/custom/node_modules/core-js/fn/number/virtual/index.js]
[m[36m<TIMESTAMP>,679 [DEBUG] [main] com.armedia.acm.userinterface.angular.AngularResourceCopier - Copying [<HOME>/.arkcase/tmp/node_modules/core-js/fn/number/virtual/to-precision.js] to [<HOME>/.arkcase/custom/node_modules/core-js/fn/number/virtual/to-precision.js]
[m[36m<TIMESTAMP>,679 [DEBUG] [main] com.armedia.acm.userinterface.angular.AngularResourceCopier - Copying [<HOME>/.arkcase/tmp/node_modules/core-js/fn/number/virtual/iterator.js] to [<HOME>/.arkcase/custom/node_modules/core-js/fn/number/virtual/iterator.js]
[m[36m<TIMESTAMP>,679 [DEBUG] [main] com.armedia.acm.userinterface.angular.AngularResourceCopier - Copying [<HOME>/.arkcase/tmp/node_modules/core-js/fn/number/virtual/to-fixed.js] to [<HOME>/.arkcase/custom/node_modules/core-js/fn/number/virtual/to-fixed.js]
[m[36m<TIMESTAMP>,679 [DEBUG] [main] com.armedia.acm.userinterface.angular.AngularResourceCopier - Copying [<HOME>/.arkcase/tmp/node_modules/core-js/fn/number/iterator.js] to [<HOME>/.arkcase/custom/node_modules/core-js/fn/number/iterator.js]
[m[36m<TIMESTAMP>,679 [DEBUG] [main] com.armedia.acm.userinterface.angular.AngularResourceCopier - Copying [<HOME>/.arkcase/tmp/node_modules/core-js/fn/number/is-integer.js] to [<HOME>/.arkcase/custom/node_modules/core-js/fn/number/is-integer.js]
[m[36m<TIMESTAMP>,679 [DEBUG] [main] com.armedia.acm.userinterface.angular.AngularResourceCopier - Copying [<HOME>/.arkcase/tmp/node_modules/core-js/fn/number/to-fixed.js] to [<HOME>/.arkcase/custom/node_modules/core-js/fn/number/to-fixed.js]
[m[36m<TIMESTAMP>,680 [DEBUG] [main] com.armedia.acm.userinterface.angular.AngularResourceCopier - Copying [<HOME>/.arkcase/tmp/node_modules/core-js/fn/number/max-safe-integer.js] to [<HOME>/.arkcase/custom/node_modules/core-js/fn/number/max-safe-integer.js]
[m[36m<TIMESTAMP>,680 [DEBUG] [main] com.armedia.acm.userinterface.angular.AngularResourceCopier - Copying [<HOME>/.arkcase/tmp/node_modules/core-js/fn/number/is-nan.js] to [<HOME>/.arkcase/custom/node_modules/core-js/fn/number/is-nan.js]
[m[36m<TIMESTAMP>,680 [DEBUG] [main] com.armedia.acm.userinterface.angular.AngularResourceCopier - Copying [<HOME>/.arkcase/tmp/node_modules/core-js/fn/number/is-safe-integer.js] to [<HOME>/.arkcase/custom/node_modules/core-js/fn/number/is-safe-integer.js]
[m[36m<TIMESTAMP>,680 [DEBUG] [main] com.armedia.acm.userinterface.angular.AngularResourceCopier - Copying [<HOME>/.arkcase/tmp/node_modules/core-js/fn/number/is-finite.js] to [<HOME>/.arkcase/custom/node_modules/core-js/fn/number/is-finite.js]
[m[36m<TIMESTAMP>,680 [DEBUG] [main] com.armedia.acm.userinterface.angular.AngularResourceCopier - Copying [<HOME>/.arkcase/tmp/node_modules/core-js/fn/number/constructor.js] to [<HOME>/.arkcase/custom/node_modules/core-js/fn/number/constructor.js]
[m[36m<TIMESTAMP>,680 [DEBUG] [main] com.armedia.acm.userinterface.angular.AngularResourceCopier - Copying [<HOME>/.arkcase/tmp/node_modules/core-js/fn/number/epsilon.js] to [<HOME>/.arkcase/custom/node_modules/core-js/fn/number/epsilon.js]
[m[36m<TIMESTAMP>,680 [DEBUG] [main] com.armedia.acm.userinterface.angular.AngularResourceCopier - Copying [<HOME>/.arkcase/tmp/node_modules/core-js/fn/object/is.js] to [<HOME>/.arkcase/custom/node_modules/core-js/fn/object/is.js]
[m[36m<TIMESTAMP>,680 [DEBUG] [main] com.armedia.acm.userinterface.angular.AngularResourceCopier - Copying [<HOME>/.arkcase/tmp/node_modules/core-js/fn/object/define-properties.js] to [<HOME>/.arkcase/custom/node_modules/core-js/fn/object/define-properties.js]
[m[36m<TIMESTAMP>,681 [DEBUG] [main] com.armedia.acm.userinterface.angular.AngularResourceCopier - Copying [<HOME>/.arkcase/tmp/node_modules/core-js/fn/object/get-prototype-of.js] to [<HOME>/.arkcase/custom/node_modules/core-js/fn/object/get-prototype-of.js]
[m[36m<TIMESTAMP>,681 [DEBUG] [main] com.armedia.acm.userinterface.angular.AngularResourceCopier - Copying [<HOME>/.arkcase/tmp/node_modules/core-js/fn/object/index.js] to [<HOME>/.arkcase/custom/node_modules/core-js/fn/object/index.js]
[m[36m<TIMESTAMP>,681 [DEBUG] [main] com.armedia.acm.userinterface.angular.AngularResourceCopier - Copying [<HOME>/.arkcase/tmp/node_modules/core-js/fn/object/get-own-property-descriptors.js] to [<HOME>/.arkcase/custom/node_modules/core-js/fn/object/get-own-property-descriptors.js]
[m[36m<TIMESTAMP>,681 [DEBUG] [main] com.armedia.acm.userinterface.angular.AngularResourceCopier - Copying [<HOME>/.arkcase/tmp/node_modules/core-js/fn/object/freeze.js] to [<HOME>/.arkcase/custom/node_modules/core-js/fn/object/freeze.js]
[m[36m<TIMESTAMP>,681 [DEBUG] [main] com.armedia.acm.userinterface.angular.AngularResourceCopier - Copying [<HOME>/.arkcase/tmp/node_modules/core-js/fn/object/set-prototype-of.js] to [<HOME>/.arkcase/custom/node_modules/core-js/fn/object/set-prototype-of.js]
[m[36m<TIMESTAMP>,681 [DEBUG] [main] com.armedia.acm.userinterface.angular.AngularResourceCopier - Copying [<HOME>/.arkcase/tmp/node_modules/core-js/fn/object/is-sealed.js] to [<HOME>/.arkcase/custom/node_modules/core-js/fn/object/is-sealed.js]
[m[36m<TIMESTAMP>,681 [DEBUG] [main] com.armedia.acm.userinterface.angular.AngularResourceCopier - Copying [<HOME>/.arkcase/tmp/node_modules/core-js/fn/object/define-getter.js] to [<HOME>/.arkcase/custom/node_modules/core-js/fn/object/define-getter.js]
[m[36m<TIMESTAMP>,682 [DEBUG] [main] com.armedia.acm.userinterface.angular.AngularResourceCopier - Copying [<HOME>/.arkcase/tmp/node_modules/core-js/fn/object/assign.js] to [<HOME>/.arkcase/custom/node_modules/core-js/fn/object/assign.js]
[m[36m<TIMESTAMP>,682 [DEBUG] [main] com.armedia.acm.userinterface.angular.AngularResourceCopier - Copying [<HOME>/.arkcase/tmp/node_modules/core-js/fn/object/entries.js] to [<HOME>/.arkcase/custom/node_modules/core-js/fn/object/entries.js]
[m[36m<TIMESTAMP>,682 [DEBUG] [main] com.armedia.acm.userinterface.angular.AngularResourceCopier - Copying [<HOME>/.arkcase/tmp/node_modules/core-js/fn/object/make.js] to [<HOME>/.arkcase/custom/node_modules/core-js/fn/object/make.js]
[m[36m<TIMESTAMP>,682 [DEBUG] [main] com.armedia.acm.userinterface.angular.AngularResourceCopier - Copying [<HOME>/.arkcase/tmp/node_modules/core-js/fn/object/define.js] to [<HOME>/.arkcase/custom/node_modules/core-js/fn/object/define.js]
[m[36m<TIMESTAMP>,682 [DEBUG] [main] com.armedia.acm.userinterface.angular.AngularResourceCopier - Copying [<HOME>/.arkcase/tmp/node_modules/core-js/fn/object/prevent-extensions.js] to [<HOME>/.arkcase/custom/node_modules/core-js/fn/object/prevent-extensions.js]
[m[36m<TIMESTAMP>,682 [DEBUG] [main] com.armedia.acm.userinterface.angular.AngularResourceCopier - Copying [<HOME>/.arkcase/tmp/node_modules/core-js/fn/object/is-frozen.js] to [<HOME>/.arkcase/custom/node_modules/core-js/fn/object/is-frozen.js]
[m[36m<TIMESTAMP>,682 [DEBUG] [main] com.armedia.acm.userinterface.angular.AngularResourceCopier - Copying [<HOME>/.arkcase/tmp/node_modules/core-js/fn/object/is-object.js] to [<HOME>/.arkcase/custom/node_modules/core-js/fn/object/is-object.js]
[m[36m<TIMESTAMP>,682 [DEBUG] [main] com.armedia.acm.userinterface.angular.AngularResourceCopier - Copying [<HOME>/.arkcase/tmp/node_modules/core-js/fn/object/get-own-property-names.js] to [<HOME>/.arkcase/custom/node_modules/core-js/fn/object/get-own-property-names.js]
[m[36m<TIMESTAMP>,683 [DEBUG] [main] com.armedia.acm.userinterface.angular.AngularResourceCopier - Copying [<HOME>/.arkcase/tmp/node_modules/core-js/fn/object/seal.js] to [<HOME>/.arkcase/custom/node_modules/core-js/fn/object/seal.js]
[m[36m<TIMESTAMP>,683 [DEBUG] [main] com.armedia.acm.userinterface.angular.AngularResourceCopier - Copying [<HOME>/.arkcase/tmp/node_modules/core-js/fn/object/lookup-getter.js] to [<HOME>/.arkcase/custom/node_modules/core-js/fn/object/lookup-getter.js]
[m[36m<TIMESTAMP>,683 [DEBUG] [main] com.armedia.acm.userinterface.angular.AngularResourceCopier - Copying [<HOME>/.arkcase/tmp/node_modules/core-js/fn/object/get-own-property-descriptor.js] to [<HOME>/.arkcase/custom/node_modules/core-js/fn/object/get-own-property-descriptor.js]
[m[36m<TIMESTAMP>,683 [DEBUG] [main] com.armedia.acm.userinterface.angular.AngularResourceCopier - Copying [<HOME>/.arkcase/tmp/node_modules/core-js/fn/object/define-setter.js] to [<HOME>/.arkcase/custom/node_modules/core-js/fn/object/define-setter.js]
[m[36m<TIMESTAMP>,683 [DEBUG] [main] com.armedia.acm.userinterface.angular.AngularResourceCopier - Copying [<HOME>/.arkcase/tmp/node_modules/core-js/fn/object/values.js] to [<HOME>/.arkcase/custom/node_modules/core-js/fn/object/values.js]
[m[36m<TIMESTAMP>,683 [DEBUG] [main] com.armedia.acm.userinterface.angular.AngularResourceCopier - Copying [<HOME>/.arkcase/tmp/node_modules/core-js/fn/object/create.js] to [<HOME>/.arkcase/custom/node_modules/core-js/fn/object/create.js]
[m[36m<TIMESTAMP>,683 [DEBUG] [main] com.armedia.acm.userinterface.angular.AngularResourceCopier - Copying [<HOME>/.arkcase/tmp/node_modules/core-js/fn/object/classof.js] to [<HOME>/.arkcase/custom/node_modules/core-js/fn/object/classof.js]
[m[36m<TIMESTAMP>,683 [DEBUG] [main] com.armedia.acm.userinterface.angular.AngularResourceCopier - Copying [<HOME>/.arkcase/tmp/node_modules/core-js/fn/object/lookup-setter.js] to [<HOME>/.arkcase/custom/node_modules/core-js/fn/object/lookup-setter.js]
[m[36m<TIMESTAMP>,684 [DEBUG] [main] com.armedia.acm.userinterface.angular.AngularResourceCopier - Copying [<HOME>/.arkcase/tmp/node_modules/core-js/fn/object/get-own-property-symbols.js] to [<HOME>/.arkcase/custom/node_modules/core-js/fn/object/get-own-property-symbols.js]
[m[36m<TIMESTAMP>,684 [DEBUG] [main] com.armedia.acm.userinterface.angular.AngularResourceCopier - Copying [<HOME>/.arkcase/tmp/node_modules/core-js/fn/object/is-extensible.js] to [<HOME>/.arkcase/custom/node_modules/core-js/fn/object/is-extensible.js]
[m[36m<TIMESTAMP>,684 [DEBUG] [main] com.armedia.acm.userinterface.angular.AngularResourceCopier - Copying [<HOME>/.arkcase/tmp/node_modules/core-js/fn/object/define-property.js] to [<HOME>/.arkcase/custom/node_modules/core-js/fn/object/define-property.js]
[m[36m<TIMESTAMP>,684 [DEBUG] [main] com.armedia.acm.userinterface.angular.AngularResourceCopier - Copying [<HOME>/.arkcase/tmp/node_modules/core-js/fn/object/keys.js] to [<HOME>/.arkcase/custom/node_modules/core-js/fn/object/keys.js]
[m[36m<TIMESTAMP>,684 [DEBUG] [main] com.armedia.acm.userinterface.angular.AngularResourceCopier - Copying [<HOME>/.arkcase/tmp/node_modules/core-js/fn/map/index.js] to [<HOME>/.arkcase/custom/node_modules/core-js/fn/map/index.js]
[m[36m<TIMESTAMP>,684 [DEBUG] [main] com.armedia.acm.userinterface.angular.AngularResourceCopier - Copying [<HOME>/.arkcase/tmp/node_modules/core-js/fn/map/of.js] to [<HOME>/.arkcase/custom/node_modules/core-js/fn/map/of.js]
[m[36m<TIMESTAMP>,684 [DEBUG] [main] com.armedia.acm.userinterface.angular.AngularResourceCopier - Copying [<HOME>/.arkcase/tmp/node_modules/core-js/fn/map/from.js] to [<HOME>/.arkcase/custom/node_modules/core-js/fn/map/from.js]
[m[36m<TIMESTAMP>,685 [DEBUG] [main] com.armedia.acm.userinterface.angular.AngularResourceCopier - Copying [<HOME>/.arkcase/tmp/node_modules/core-js/fn/weak-set.js] to [<HOME>/.arkcase/custom/node_modules/core-js/fn/weak-set.js]
[m[36m<TIMESTAMP>,685 [DEBUG] [main] com.armedia.acm.userinterface.angular.AngularResourceCopier - Copying [<HOME>/.arkcase/tmp/node_modules/core-js/fn/regexp/index.js] to [<HOME>/.arkcase/custom/node_modules/core-js/fn/regexp/index.js]
[m[36m<TIMESTAMP>,685 [DEBUG] [main] com.armedia.acm.userinterface.angular.AngularResourceCopier - Copying [<HOME>/.arkcase/tmp/node_modules/core-js/fn/regexp/to-string.js] to [<HOME>/.arkcase/custom/node_modules/core-js/fn/regexp/to-string.js]
----- end region -----
